-- --------------------------------------------------------
-- Host:                         therestpos.com
-- Server version:               10.6.18-MariaDB-cll-lve - MariaDB Server
-- Server OS:                    Linux
-- HeidiSQL Version:             12.0.0.6468
-- --------------------------------------------------------

/*!40101 SET @OLD_CHARACTER_SET_CLIENT=@@CHARACTER_SET_CLIENT */;
/*!40101 SET NAMES utf8 */;
/*!50503 SET NAMES utf8mb4 */;
/*!40103 SET @OLD_TIME_ZONE=@@TIME_ZONE */;
/*!40103 SET TIME_ZONE='+00:00' */;
/*!40014 SET @OLD_FOREIGN_KEY_CHECKS=@@FOREIGN_KEY_CHECKS, FOREIGN_KEY_CHECKS=0 */;
/*!40101 SET @OLD_SQL_MODE=@@SQL_MODE, SQL_MODE='NO_AUTO_VALUE_ON_ZERO' */;
/*!40111 SET @OLD_SQL_NOTES=@@SQL_NOTES, SQL_NOTES=0 */;


-- Dumping database structure for geely_db1
DROP DATABASE IF EXISTS `geely_db1`;
CREATE DATABASE IF NOT EXISTS `geely_db1` /*!40100 DEFAULT CHARACTER SET latin1 COLLATE latin1_swedish_ci */;
USE `geely_db1`;

-- Dumping structure for table geely_db1.account_transfer
DROP TABLE IF EXISTS `account_transfer`;
CREATE TABLE IF NOT EXISTS `account_transfer` (
  `id` int(11) NOT NULL AUTO_INCREMENT,
  `gl_code_from` varchar(50) NOT NULL DEFAULT '',
  `gl_code_to` varchar(50) NOT NULL DEFAULT '',
  `date` varchar(50) NOT NULL DEFAULT '',
  `amount` int(11) NOT NULL DEFAULT 0,
  `transfer_by` varchar(255) NOT NULL DEFAULT '',
  `description` text NOT NULL DEFAULT '',
  `voucher_no` varchar(50) NOT NULL DEFAULT '',
  `upload_receipt` varchar(255) NOT NULL DEFAULT '',
  `entry_by` varchar(100) NOT NULL DEFAULT '',
  `entry_date_time` varchar(100) NOT NULL DEFAULT '',
  PRIMARY KEY (`id`) USING BTREE
) ENGINE=InnoDB AUTO_INCREMENT=32 DEFAULT CHARSET=utf8mb4 COLLATE=utf8mb4_unicode_ci;

-- Dumping data for table geely_db1.account_transfer: ~26 rows (approximately)
INSERT INTO `account_transfer` (`id`, `gl_code_from`, `gl_code_to`, `date`, `amount`, `transfer_by`, `description`, `voucher_no`, `upload_receipt`, `entry_by`, `entry_date_time`) VALUES
	(1, '3015/004', '1000/001', '2023-06-30', 3000000, 'Hsu Hnin', '', '', '2023-06-30 20-55-08.png', 'smo', '2023-06-30 20:55:08'),
	(2, '1000/004', 'test 3', '2023-12-13', 500, '1', '', '', '2023-12-13 02-46-09.jpg', 'smo', '2023-12-13 02:46:09'),
	(3, '1000/002', 'test code 01', '2023-12-15', 89784530, 'dd', '', '', '2023-12-15 03-58-53.jpg', 'smo', '2023-12-15 03:58:53'),
	(4, '1000/002', '1000/001', '2023-12-15', 9998000, '22', '', '', '2023-12-15 13-45-04.jpg', 'smo', '2023-12-15 13:45:04'),
	(5, '3015/004', '1000/002', '2024-01-05', 50000, 'test', '', '', '2024-01-05 10-17-57.jpg', 'smo', '2024-01-05 10:17:57'),
	(6, '3015/003', '1000/002', '2024-01-05', 5000, 'aa', '', '', '2024-01-05 10-28-46.jpg', 'smo', '2024-01-05 10:28:46'),
	(7, '3015/003', '1000/002', '2024-01-05', 50000, 'cc', '', '', '2024-01-05 10-29-37.jpg', 'smo', '2024-01-05 10:29:37'),
	(8, '3015/003', '1000/002', '2024-01-05', 5000, 'aa', '', '', '2024-01-05 11-25-17.jpg', 'smo', '2024-01-05 11:25:17'),
	(9, 'test 2', '1000/001', '2024-03-11', 500, '', '', '', '2024-03-11 13-37-30.jpg', 'smo', '2024-03-11 13:37:30'),
	(10, '111/11', '1000/001', '2024-03-15', 10000, 'staff', '', '', '2024-03-15 10-48-28.jpg', 'smo', '2024-03-15 10:48:28'),
	(11, '3015/003', '1000/004', '2024-03-19', 10000, 'testing', '', '', '2024-03-19 10-04-57.PNG', 'smo', '2024-03-19 10:04:57'),
	(12, '111/11', '1000/002', '2024-03-19', 70, 'Testing_NNK', '', '', '2024-03-19 11-47-11.jpg', 'smo', '2024-03-19 11:47:11'),
	(13, '3015/004', '1000/002', '2024-03-20', 9000, 'test -ppa', '', '', '2024-03-20 13-44-59.png', 'smo', '2024-03-20 13:44:59'),
	(14, '1004', '1000/001', '2024-03-25', 50000, 'test', '', '', '2024-03-25 09-45-24.PNG', 'smo', '2024-03-25 09:45:24'),
	(15, '999/111', '1000/001', '2024-03-25', 5000, 'wppp', '', '', '2024-03-25 10-47-45.jpg', 'smo', '2024-03-25 10:47:45'),
	(16, '1005', '1000/001', '2024-03-29', 1000, 'wppp', 'test', 'at0001', '2024-03-29 11-00-09.jpg', 'smo', '2024-03-29 11:00:09'),
	(17, '111/223', '1000/001', '2024-03-29', 4500, 'wppp', 'test', 'at002', '2024-03-29 11-07-04.jpg', 'smo', '2024-03-29 11:07:04'),
	(18, '3015/004', '3015/005', '2024-04-01', 50000, 'SS', 'SS', 'SS123124', '2024-04-01 16-28-17.jpg', 'smo', '2024-04-01 16:28:17'),
	(19, '1004', '1010', '2024-04-02', 100000, 'Sm', '', '123', '2024-04-02 10-16-18.PNG', 'smo', '2024-04-02 10:16:18'),
	(20, '1004', '1000/002', '2024-04-03', 10000, 'Test', 'testing', '123', '2024-04-03 10-37-08.PNG', 'smo', '2024-04-03 10:37:08'),
	(21, '1005', '1000/002', '2024-04-03', 1000, 'SM', '', '45', '2024-04-03 10-42-48.PNG', 'smo', '2024-04-03 10:42:48'),
	(22, '1011', '1006', '2024-04-03', 100000, 'Sm', 'test', '123', '2024-04-03 16-09-34.PNG', 'smo', '2024-04-03 16:09:34'),
	(23, '1004', '1000/002', '2024-04-04', 10000, 'SM', 'test', '12', '2024-04-04 09-29-46.PNG', 'smo', '2024-04-04 09:29:46'),
	(24, '1007', '1000/001', '2024-04-04', 10000, '', '', '12', '2024-04-04 09-30-45.PNG', 'smo', '2024-04-04 09:30:45'),
	(25, '1006', '1000/002', '2024-04-04', 50000, 'K', '', '4', '2024-04-04 09-31-21.PNG', 'smo', '2024-04-04 09:31:21'),
	(26, '1011', '1000/002', '2024-04-04', 20000, 'Sm', '', '45', '2024-04-04 09-31-58.PNG', 'smo', '2024-04-04 09:31:58'),
	(27, '1008', '1003', '2024-04-09', 5000, 'pp', 'gfdgds', 'b134567', '2024-04-09 09-48-03.jpg', 'smo', '2024-04-09 09:48:03'),
	(28, '7001/0001', '111/222', '2024-04-09', 50, 'dd', 'dd', 'cc', '2024-04-09 15-50-09.jpg', 'smo', '2024-04-09 15:50:09'),
	(29, '7001/0001', '1000/001', '2024-04-09', 50, '1', '1', '1', '2024-04-09 15-51-13.jpg', 'smo', '2024-04-09 15:51:13'),
	(30, '1003', '1000/001', '2024-04-12', 10000, 'Sm', '', '123', '2024-04-12 10-25-39.PNG', 'smo', '2024-04-12 10:25:39'),
	(31, '1009', '987987', '2024-06-07', 300000, 'sm', 'test', '12345', '2024-06-07 15-42-28.PNG', 'smo', '2024-06-07 15:42:28');

-- Dumping structure for table geely_db1.advance
DROP TABLE IF EXISTS `advance`;
CREATE TABLE IF NOT EXISTS `advance` (
  `id` int(11) NOT NULL AUTO_INCREMENT,
  `date` varchar(50) NOT NULL DEFAULT '',
  `receive_by` varchar(150) NOT NULL DEFAULT '',
  `description` text NOT NULL,
  `request_no` varchar(150) NOT NULL DEFAULT '',
  `voucher_no` varchar(50) NOT NULL DEFAULT '',
  `gm_approval` varchar(250) NOT NULL DEFAULT '',
  `ceo_approval` varchar(250) NOT NULL DEFAULT '',
  `upload_receipt` varchar(250) NOT NULL DEFAULT '',
  `entry_by` varchar(50) NOT NULL DEFAULT '',
  `entry_date_time` varchar(25) NOT NULL DEFAULT '',
  PRIMARY KEY (`id`) USING BTREE
) ENGINE=InnoDB AUTO_INCREMENT=83 DEFAULT CHARSET=utf8mb4 COLLATE=utf8mb4_unicode_ci ROW_FORMAT=DYNAMIC;

-- Dumping data for table geely_db1.advance: ~30 rows (approximately)
INSERT INTO `advance` (`id`, `date`, `receive_by`, `description`, `request_no`, `voucher_no`, `gm_approval`, `ceo_approval`, `upload_receipt`, `entry_by`, `entry_date_time`) VALUES
	(1, '2024-02-02', 'asdasdasd', 'ccccc', 'AER240202003', 'cccccc', '0_mask-group-342_3f31bba8.jpg', 'geely-coolray-road-test-review-dashboard-interior-philippines-5dce65d0b32bf.jpg', 'Xing-Yue-Instrument-Panel.jpg', 'smo', '2024-02-02 09:55:34'),
	(3, '2024-02-02', 'Pa Pa', 'Testing', 'AER240202001', 'v0001', '2022_Acer_Consumer_OLED_Default_3840x2400.jpg', '2022_Acer_Consumer_OLED_Option_1_3840x2400.jpg', '2022_Acer_Consumer_OLED_Option_03_3840x2400.jpg', 'smo', '2024-02-02 10:18:13'),
	(4, '2024-02-13', 'app', 'test', 'RF2400002', '12345', '0_mask-group-342_3f31bba8.jpg', '0_mask-group-342_3f31bba8.jpg', '0_mask-group-342_3f31bba8.jpg', 'smo', '2024-02-13 00:40:04'),
	(5, '2024-02-26', 'app test', '', 'RF2400003', '0012345', '0_mask-group-342_3f31bba8.jpg', '0_mask-group-342_3f31bba8.jpg', '0_mask-group-342_3f31bba8.jpg', 'smo', '2024-02-26 12:02:19'),
	(6, '2024-02-26', 'app test 1', '', 'AER240202002', '444444', '0_mask-group-342_3f31bba8.jpg', '0_mask-group-342_3f31bba8.jpg', '0_mask-group-342_3f31bba8.jpg', 'smo', '2024-02-26 12:10:35'),
	(7, '2024-03-14', 'cccccccccccvvv', 'vvvvvvvvvvvvvvv', 'AER240202004', 'cccccccccccvvv', 'db cleaner.jpg', 'db cleaner.jpg', 'db cleaner.jpg', 'smo', '2024-03-14 10:11:30'),
	(8, '2024-03-15', 'pp', 'test', 'RF2400005', 'v001', 'images.jpg', 'images.jpg', 'images.jpg', 'smo', '2024-03-15 11:14:21'),
	(9, '2024-03-15', 'aaa', 'ffff', 'RF2400004', '235155', 'db cleaner.jpg', 'db cleaner.jpg', 'db cleaner.jpg', 'smo', '2024-03-15 14:47:53'),
	(10, '2024-03-20', 'wla', 'NNK_Testing_RequestForm', 'RF2400008', 'V20032023001', 'flower.jpg', 'flower.jpg', 'flower.jpg', 'smo', '2024-03-20 14:38:47'),
	(11, '2024-03-20', 'wla', 'Testing 3', 'RF2400010', '200320240002', 'flower.jpg', 'flower.jpg', 'flower.jpg', 'smo', '2024-03-20 15:41:45'),
	(12, '2024-03-24', 'test', 'testing', 'RF2400009', 'aaa', 'db cleaner.jpg', 'db cleaner.jpg', 'db cleaner.jpg', 'smo', '2024-03-24 23:03:50'),
	(13, '2024-03-25', '', '', 'RF2400012', '12345', 'db cleaner.jpg', 'db cleaner.jpg', 'db cleaner.jpg', 'smo', '2024-03-25 11:11:10'),
	(14, '2024-03-28', '', '', 'RF2400013', 'V20240328', 'Image.png', 'flower.jpg', 'flower.jpg', 'smo', '2024-03-28 14:11:44'),
	(15, '2024-03-29', 'wla', 'Testing_NNK', 'RF2400014', 'V29032024', 'flower.jpg', 'flower.jpg', 'flower.jpg', 'smo', '2024-03-29 10:02:55'),
	(16, '2024-03-29', 'Test_Sm', '', 'RF2400015', 'V03292024001', 'Car_ImageOne.PNG', 'Car_ImageTwo.PNG', 'Car_ImageOne.PNG', 'smo', '2024-03-29 10:12:59'),
	(17, '2024-03-29', 'Sm', 'Event', 'RF2400016', 'V03292024002', 'Car_ImageOne.PNG', 'Car_ImageTwo.PNG', 'Car_ImageOne.PNG', 'smo', '2024-03-29 14:12:05'),
	(18, '2024-03-29', 'Sm', 'Event', 'RF2400018', 'V03292024003', 'flower.PNG', 'sunflower.jpg', 'Car_ImageOne.PNG', 'tpt', '2024-03-29 14:29:17'),
	(19, '2024-03-29', 'Sm', '', 'RF2400020', 'V03292024004', 'flower.PNG', 'sunflower.jpg', 'Car_ImageTwo.PNG', 'smo', '2024-03-29 15:17:00'),
	(20, '2024-04-02', 'Sm', '', 'RF2400009', '12345', 'Car_ImageOne.PNG', 'Car_ImageTwo.PNG', 'Car_ImageOne.PNG', 'smo', '2024-04-02 15:55:41'),
	(21, '2024-04-05', '', '', 'RF2400024', '12345', 'Car_ImageOne.PNG', 'Car_ImageTwo.PNG', 'flower.PNG', 'smo', '2024-04-05 10:55:05'),
	(22, '2024-04-05', '', '', 'RF2400025', '987654', 'Car_ImageOne.PNG', 'Car_ImageTwo.PNG', 'flower.PNG', 'smo', '2024-04-05 10:59:12'),
	(23, '2024-04-27', 'aaa', '', 'RF2400023', '124142423', '0_mask-group-342_3f31bba8.jpg', '0_mask-group-342_3f31bba8.jpg', '0_mask-group-342_3f31bba8.jpg', 'smo', '2024-04-27 22:59:15'),
	(24, '2024-05-02', 'app', 'ddd', 'RF2400026', 'bbbbbbbbbbbbbbb', '0_mask-group-342_3f31bba8.jpg', '0_mask-group-342_3f31bba8.jpg', '0_mask-group-342_3f31bba8.jpg', 'smo', '2024-05-02 21:57:56'),
	(25, '2024-05-02', 'fff', 'bbbbbbbbbbbbbbbbbbbb', 'RF2400027', 'mmmmmmmmmmmmmm', '0_mask-group-342_3f31bba8.jpg', '0_mask-group-342_3f31bba8.jpg', '0_mask-group-342_3f31bba8.jpg', 'smo', '2024-05-02 22:04:23'),
	(26, '2024-05-03', 'qqq', 'dd', 'RF2400028', 'azzxczcxzcz', '0_mask-group-342_3f31bba8.jpg', '0_mask-group-342_3f31bba8.jpg', '0_mask-group-342_3f31bba8.jpg', 'smo', '2024-05-03 01:29:06'),
	(27, '2024-05-23', '', '', 'RF2400011', '11223344', '0_mask-group-342_3f31bba8.jpg', '0_mask-group-342_3f31bba8.jpg', '0_mask-group-342_3f31bba8.jpg', 'smo', '2024-05-23 15:23:14'),
	(41, '2024-05-28', 'pp', 'aaa', 'RF2400019', 'v0009', 'calculate geely.png', 'calculate geely.png', 'calculate geely.png', 'smo', '2024-05-28 09:34:53'),
	(42, '2024-05-28', 'app', 'test', 'RF2400029', 'testing', 'db cleaner.jpg', 'db cleaner.jpg', 'db cleaner.jpg', 'smo', '2024-05-28 10:44:49'),
	(43, '2024-06-13', '', '', 'RF2400032', 'V20240614001', 'Media.jfif', 'Media.jfif', 'Media.jfif', 'smo', '2024-06-13 10:35:04'),
	(47, '2024-06-26', 'ccsasaca', 'aaaaaa', 'RF2400033', '1111122222', 'db cleaner.jpg', 'construction.jpg', 'images.jpg', 'smo', '2024-06-26 16:07:42'),
	(78, '2024-06-27', 'app', 'bbb', 'RF2400034', '12345', 'db cleaner.jpg', 'db cleaner.jpg', 'db cleaner.jpg', 'smo', '2024-06-27 10:44:12'),
	(79, '2024-06-27', 'app', 'cccc', 'RF2400037', '55555555', 'db cleaner.jpg', 'db cleaner.jpg', 'db cleaner.jpg', 'smo', '2024-06-27 10:59:15'),
	(80, '2024-07-04', 'Sm', '', 'RF2400053', '12345', 'sunflower.jpg', 'Padauk.PNG', 'sunflower.jpg', 'smo', '2024-07-04 14:04:31'),
	(81, '2024-07-04', 'sm', '', 'RF2400057', '12345', 'Padauk.PNG', 'sunflower.jpg', 'sunflower.jpg', 'smo', '2024-07-04 14:48:35'),
	(82, '2024-07-05', '', '', 'RF2400058', '456', 'sunflower.jpg', 'sunflower.jpg', 'sunflower.jpg', 'smo', '2024-07-05 09:15:22');

-- Dumping structure for table geely_db1.advance_claim
DROP TABLE IF EXISTS `advance_claim`;
CREATE TABLE IF NOT EXISTS `advance_claim` (
  `id` int(11) NOT NULL AUTO_INCREMENT,
  `date` varchar(25) NOT NULL DEFAULT '',
  `gl_code_from` varchar(50) NOT NULL DEFAULT '',
  `gl_code_to` varchar(50) NOT NULL DEFAULT '',
  `amount` float NOT NULL DEFAULT 0,
  `description` text NOT NULL DEFAULT '',
  `upload_receipt` varchar(255) NOT NULL DEFAULT '',
  `advance_claim_by` varchar(100) NOT NULL DEFAULT '',
  `entry_by` varchar(100) NOT NULL DEFAULT '',
  `entry_date_time` varchar(50) NOT NULL DEFAULT '',
  PRIMARY KEY (`id`)
) ENGINE=InnoDB AUTO_INCREMENT=5 DEFAULT CHARSET=utf8mb4 COLLATE=utf8mb4_unicode_ci;

-- Dumping data for table geely_db1.advance_claim: ~2 rows (approximately)
INSERT INTO `advance_claim` (`id`, `date`, `gl_code_from`, `gl_code_to`, `amount`, `description`, `upload_receipt`, `advance_claim_by`, `entry_by`, `entry_date_time`) VALUES
	(1, '2023-07-05', '3004/002', '3015/003', 5000, 'test', '2023-07-05 10-21-28.jpg', 'aaa', 'smo', '2023-07-05 10:21:28'),
	(2, '2023-07-18', '3004/002', 'test code 01', 5000, '', '2023-07-18 01-37-24.jpg', '', 'smo', '2023-07-18 01:37:24'),
	(4, '2023-12-15', '3004/002', '1000/002', 30000, 'c', '2023-12-15 14-57-20.jpg', 'c', 'smo', '2023-12-15 14:57:20');

-- Dumping structure for table geely_db1.advance_detail
DROP TABLE IF EXISTS `advance_detail`;
CREATE TABLE IF NOT EXISTS `advance_detail` (
  `id` int(11) NOT NULL AUTO_INCREMENT,
  `advance_id` int(11) NOT NULL DEFAULT 0,
  `due_days` varchar(50) NOT NULL DEFAULT '',
  `gl_code_to` varchar(150) NOT NULL DEFAULT '',
  `amount` int(11) NOT NULL DEFAULT 0,
  `description` text NOT NULL,
  `job_code` varchar(250) NOT NULL DEFAULT '',
  `gl_code_bank_or_cash` varchar(50) NOT NULL DEFAULT '',
  `journal_ref_number` varchar(50) NOT NULL DEFAULT '',
  PRIMARY KEY (`id`) USING BTREE
) ENGINE=InnoDB AUTO_INCREMENT=116 DEFAULT CHARSET=utf8mb4 COLLATE=utf8mb4_unicode_ci ROW_FORMAT=DYNAMIC;

-- Dumping data for table geely_db1.advance_detail: ~43 rows (approximately)
INSERT INTO `advance_detail` (`id`, `advance_id`, `due_days`, `gl_code_to`, `amount`, `description`, `job_code`, `gl_code_bank_or_cash`, `journal_ref_number`) VALUES
	(0, 1, '7', '3009/000', 222, 'ttt', 'asd', '', ''),
	(2, 1, '7', '3009/004', 1420, 'ccc', 'asd', '', ''),
	(5, 3, '7', '3009/000', 250000, 'des 1', 'c001', '', ''),
	(6, 3, '7', '3004/010', 20000, '2	des 2', 'c002', '', ''),
	(7, 4, '7', '3004/002', 2000000, 'car purchase', 'Geely', '3015/003', ''),
	(8, 4, '7', '3004/002', 3000000, 'car purchase', 'Geely', '3015/004', ''),
	(9, 5, '7', '2011/005', 4780, 'teast12345', 'Geely', '3015/004', ''),
	(10, 6, '7', '1000/004', 5000, 'test1', 'Geely', '3015/005', ''),
	(11, 6, '7', '2005/002', 6000, 'test2', 'Geely', '3015/005', ''),
	(12, 7, '7', '1000/003', 250000, 'des 1', 'EV Service', '3015/003', ''),
	(13, 7, '7', '1000/002', 45000, 'des 2', 'Geely Service', '3015/004', ''),
	(14, 7, '7', '1000/003', 100000, 'des 3', 'Geely Service', '3015/005', ''),
	(15, 8, '7', '1000/002', 10000, 'Test', 'Faw', '111/11', ''),
	(16, 9, '7', '1000/003', 40000, 'dd', 'EV Service', '111/11', ''),
	(17, 10, '7', '2001/001', 50000, 'NNK_Testing_RequestForm_2', 'Geely', '3015/004', ''),
	(18, 11, '7', '2001/001', 10000, 'Test', 'Geely', '3015/003', ''),
	(19, 12, '7', '1001/000', 50000, 'Test_Sm', 'Geely', '3015/003', ''),
	(20, 13, '7', '1004/000', 50000, 'Electric bill', 'Geely', '1006', ''),
	(21, 14, '7', '2004/015', 5000, 'Sparepart', 'Geely Service', '111/223', ''),
	(22, 15, '7', '2100/005', 500, 'Testing_NNK', 'EV', '111/223', ''),
	(23, 16, '7', '4013/016', 100000, 'March (Test)', 'EV', '1004', ''),
	(24, 17, '3', '1001/009', 100000, 'Event', 'EV', '1009', ''),
	(25, 18, '7', '1001/006', 200000, 'Event', 'Faw', '1009', ''),
	(26, 19, '7', '4014/000', 100000, 'Event (Festival)', 'EV', '1009', ''),
	(27, 20, '7', '1000/003', 50000, 'Test_Sm', 'EV', '1004', ''),
	(28, 21, '7', '1001/005', 10000, 'Event ', 'EV', '1006', ''),
	(29, 22, '7', '1001/000', 100000, 'Event Testing', 'EV Service', '1006', ''),
	(30, 23, '7', '61003', 50000, 'test', 'Geely', '1006', ''),
	(31, 24, '7', '3500/001', 50000, 'app testomg', 'Geely', '1009', ''),
	(32, 25, '7', '1001/000', 10000, 'dddd', 'EV', '1006', ''),
	(33, 25, '7', '1001/006', 20000, 'vvv', 'Zeekr', '1011', ''),
	(34, 25, '7', '2001/001', 40000, 'ffff', 'EV Service', '1010', ''),
	(35, 26, '7', '1001/002', 444440, 'zzzzzzzzzzzzzzz', 'Faw', '1010', ''),
	(36, 27, '7', '62000', 10000, 'Expense', 'Faw', '1011', ''),
	(50, 41, '7', '1000/003', 10000, 'Testing des', 'EV', '1003', ''),
	(51, 42, '7', '1001/007', 500000, 'test', 'Geely', '1014', ''),
	(52, 43, '7', '3004/007', 500000, 'Umbrella', 'Geely', '1003', ''),
	(53, 47, '7', '7001', 5000, 'electric bill', 'Geely', '1009', 'JNL-2406-00001'),
	(54, 47, '7', '62031', 1000, 'electric bill', 'Geely', '1011', ''),
	(109, 78, '7', '123455555', 50000, 'elect bill', 'Geely', '111/11', 'JNL-2406-00005'),
	(110, 78, '7', '62031', 10000, 'elect bill', 'Geely', '1009', ''),
	(111, 79, '7', '10003/123', 50000, 'electbill', 'Geely', '1011', 'JNL-2406-00006'),
	(112, 79, '7', '7001', -10000, 'electbill', 'Geely', '1011', ''),
	(113, 80, '7', '12345', 6000, 'Testing', 'EV', '1006', '11111111111111111'),
	(114, 81, '7', '1005', 60000, 'Marketing Process Testing', 'Geely', '1009', 'JNL-2406-00003'),
	(115, 82, '7', '1003', 550, 'Testing Expense', 'Faw', '1009', 'JNL-2406-00002');

-- Dumping structure for table geely_db1.advance_expense_request
DROP TABLE IF EXISTS `advance_expense_request`;
CREATE TABLE IF NOT EXISTS `advance_expense_request` (
  `id` int(11) NOT NULL AUTO_INCREMENT,
  `request_number` varchar(255) NOT NULL DEFAULT '',
  `request_date` varchar(25) NOT NULL DEFAULT '',
  `brand` varchar(255) NOT NULL DEFAULT '',
  `entry_by` varchar(255) NOT NULL DEFAULT '',
  `staff_id` int(11) NOT NULL DEFAULT 0,
  `remark` text NOT NULL,
  `entry_date_time` varchar(255) NOT NULL DEFAULT '',
  PRIMARY KEY (`id`) USING BTREE
) ENGINE=InnoDB AUTO_INCREMENT=86 DEFAULT CHARSET=utf8mb4 COLLATE=utf8mb4_unicode_ci;

-- Dumping data for table geely_db1.advance_expense_request: ~57 rows (approximately)
INSERT INTO `advance_expense_request` (`id`, `request_number`, `request_date`, `brand`, `entry_by`, `staff_id`, `remark`, `entry_date_time`) VALUES
	(7, 'AER240202002', '2024-02-02', 'Geely', 'wla', 3, 'testing', '2024-02-02 09:51:01'),
	(9, 'AER240202003', '2024-02-02', '', 'wla', 3, 'dasdasdadsa', '2024-02-02 09:52:39'),
	(10, 'AER240202001', '2024-02-02', 'FAW', 'wla', 3, 'test', '2024-02-02 10:03:33'),
	(12, 'AER240202004', '2024-02-02', 'Geely', 'wla', 3, 'Testing', '2024-02-02 10:38:57'),
	(13, 'RF2400001', '2024-02-05', 'FAW', 'wla', 3, 'test', '2024-02-05 14:29:08'),
	(14, 'RF2400002', '2024-02-12', 'FAW', 'wla', 3, '', '2024-02-12 19:12:37'),
	(16, 'RF2400003', '2024-02-13', '', 'wla', 3, '', '2024-02-13 01:23:07'),
	(17, 'RF2400004', '2024-03-14', 'Geely', 'wla', 3, '', '2024-03-14 10:13:28'),
	(18, 'RF2400005', '2024-03-15', 'Geely', 'wla', 3, '', '2024-03-15 11:02:04'),
	(19, 'RF2400006', '2024-03-15', 'Geely', 'wla', 3, '', '2024-03-15 14:27:22'),
	(20, 'RF2400007', '2024-03-20', 'FAW', 'wla', 3, '', '2024-03-20 13:32:48'),
	(21, 'RF2400008', '2024-03-20', 'Geely', 'wla', 3, '', '2024-03-20 13:37:01'),
	(22, 'RF2400009', '2024-03-20', 'Geely', 'wla', 3, '', '2024-03-20 14:30:02'),
	(23, 'RF2400010', '2024-03-20', 'Geely', 'wla', 3, '', '2024-03-20 14:36:38'),
	(24, 'RF2400011', '2024-03-25', 'Geely', 'wla', 3, '', '2024-03-25 09:33:27'),
	(25, 'RF2400012', '2024-03-25', 'Geely', 'wla', 3, '', '2024-03-25 10:58:20'),
	(27, 'RF2400013', '2024-03-28', 'ZEEKR', 'wla', 3, '', '2024-03-28 13:45:18'),
	(28, 'RF2400014', '2024-03-29', 'T', 'wla', 3, '', '2024-03-29 10:00:37'),
	(29, 'RF2400015', '2024-03-29', 'Geely', 'wla', 3, 'testing', '2024-03-29 10:08:17'),
	(30, 'RF2400016', '2024-03-29', 'Geely', 'wla', 3, 'For Event', '2024-03-29 14:09:30'),
	(31, 'RF2400017', '2024-03-29', 'Geely', 'wla', 3, '', '2024-03-29 14:23:05'),
	(32, 'RF2400018', '2024-03-29', 'PAL', 'wla', 3, '', '2024-03-29 14:25:37'),
	(33, 'RF2400019', '2024-03-29', 'FAW', 'wla', 3, '', '2024-03-29 14:59:26'),
	(34, 'RF2400020', '2024-03-29', 'Geely', 'wla', 3, 'Testing', '2024-03-29 15:13:06'),
	(35, 'RF2400021', '2024-04-02', 'Geely', 'wla', 3, '', '2024-04-02 10:25:42'),
	(36, 'RF2400022', '2024-04-02', 'Geely', 'wla', 3, '', '2024-04-02 15:37:47'),
	(37, 'RF2400023', '2024-04-03', 'Geely', 'wla', 3, '', '2024-04-03 15:45:38'),
	(38, 'RF2400024', '2024-04-05', 'Geely', 'wla', 3, '', '2024-04-05 10:51:17'),
	(39, 'RF2400025', '2024-04-05', 'Geely', 'wla', 3, '', '2024-04-05 10:56:51'),
	(40, 'RF2400026', '2024-05-02', 'FAW', 'wla', 3, '', '2024-05-02 21:56:27'),
	(41, 'RF2400027', '2024-05-02', 'TEST B', 'wla', 3, '', '2024-05-02 22:02:57'),
	(42, 'RF2400028', '2024-05-03', 'FAW', 'wla', 3, 'zzzzzzzzzzzzzzzz', '2024-05-03 01:27:26'),
	(43, 'RF2400029', '2024-05-28', 'Geely', 'wla', 3, '', '2024-05-28 10:42:46'),
	(44, 'RF2400030', '2024-06-07', 'FAW', 'wla', 3, '', '2024-06-07 14:29:56'),
	(45, 'RF2400031', '2024-06-12', 'FAW', 'hradmintesting', 47, '', '2024-06-12 10:18:01'),
	(46, 'RF2400032', '2024-06-22', 'Geely', 'wla', 3, '', '2024-06-13 10:27:33'),
	(50, 'RF2400033', '2024-06-27', 'Geely', 'hrtest', 46, '', '2024-06-27 10:36:44'),
	(51, 'RF2400034', '2024-06-27', 'PAL', 'hrtest', 46, '', '2024-06-27 10:37:06'),
	(52, 'RF2400035', '2024-06-27', 'Geely', 'hrtest', 46, '', '2024-06-27 10:40:53'),
	(53, 'RF2400036', '2024-06-27', 'Geely', 'hrtest', 46, '', '2024-06-27 10:45:46'),
	(54, 'RF2400037', '2024-06-27', 'Geely', 'hrtest', 46, '', '2024-06-27 10:56:38'),
	(55, 'RF2400038', '2024-07-03', 'Geely', 'hradmintesting', 47, '', '2024-07-03 10:20:09'),
	(56, 'RF2400039', '2024-07-03', 'Geely', 'hradmintesting', 47, '', '2024-07-03 11:03:42'),
	(57, 'RF2400040', '2024-07-03', 'Geely', 'hradmintesting', 47, '', '2024-07-03 11:55:32'),
	(58, 'RF2400041', '2024-07-03', 'Geely', 'hradmintesting', 47, '', '2024-07-03 13:27:11'),
	(59, 'RF2400042', '2024-07-03', 'PAL', 'hradmintesting', 47, '', '2024-07-03 14:35:33'),
	(60, 'RF2400043', '2024-07-03', 'Geely', 'hradmintesting', 47, '', '2024-07-03 14:36:36'),
	(61, 'RF2400044', '2024-07-03', 'Geely', 'hradmintesting', 47, '', '2024-07-03 14:37:24'),
	(62, 'RF2400045', '2024-07-03', 'FAW', 'hradmintesting', 47, '', '2024-07-03 14:38:11'),
	(63, 'RF2400046', '2024-07-03', 'FAW', 'hradmintesting', 47, '', '2024-07-03 14:38:53'),
	(64, 'RF2400047', '2024-07-04', 'Geely', 'hradmintesting', 47, '', '2024-07-04 11:03:04'),
	(65, 'RF2400048', '2024-07-04', 'Geely', 'wla', 3, '', '2024-07-04 11:05:52'),
	(66, 'RF2400049', '2024-07-04', 'Geely', 'wla', 3, '', '2024-07-04 11:22:29'),
	(67, 'RF2400050', '2024-07-04', 'Geely', 'hradmintesting', 47, '', '2024-07-04 11:24:22'),
	(68, 'RF2400051', '2024-07-04', 'Geely', 'hradmintesting', 47, '', '2024-07-04 11:34:19'),
	(69, 'RF2400052', '2024-07-04', 'Geely', 'wla', 3, '', '2024-07-04 11:35:48'),
	(70, 'RF2400053', '2024-07-04', 'Geely', 'hradmintesting', 47, '', '2024-07-04 13:20:16'),
	(71, 'RF2400054', '2024-07-04', 'T', 'hradmintesting', 47, '', '2024-07-04 13:25:59'),
	(72, 'RF2400055', '2024-07-04', 'PAL', 'hradmintesting', 47, '', '2024-07-04 14:26:52'),
	(73, 'RF2400056', '2024-07-04', 'Geely', 'hradmintesting', 47, '', '2024-07-04 14:41:14'),
	(74, 'RF2400057', '2024-07-04', 'Geely', 'hradmintesting', 47, '', '2024-07-04 14:45:59'),
	(75, 'RF2400058', '2024-07-05', 'Geely', 'hradmintesting', 47, '', '2024-07-05 09:05:30'),
	(76, 'RF2400059', '2024-07-05', 'ZEEKR', 'hradmintesting', 47, '', '2024-07-05 09:06:06'),
	(77, 'RF2400060', '2024-07-07', 'Geely', 'hradmintesting', 47, '', '2024-07-07 20:02:11'),
	(78, 'RF2400061', '2024-07-09', 'FAW', 'hradmintesting', 47, '', '2024-07-09 14:17:16'),
	(79, 'RF2400062', '2024-07-09', 'ZEEKR', 'hradmintesting', 47, '', '2024-07-09 14:20:40'),
	(80, 'RF2400063', '2024-07-09', 'Geely', 'hradmintesting', 47, '', '2024-07-09 16:23:15'),
	(81, 'RF2400064', '2024-07-09', 'PAL', 'hradmintesting', 47, '', '2024-07-09 16:23:54'),
	(82, 'RF2400065', '2024-07-09', 'FAW', 'hradmintesting', 47, '', '2024-07-09 18:52:26'),
	(83, 'RF2400066', '2024-07-09', 'Geely', 'hradmintesting', 47, '', '2024-07-09 21:50:40'),
	(84, 'RF2400067', '2024-07-09', 'PAL', 'hradmintesting', 47, '', '2024-07-09 21:53:53'),
	(85, 'RF2400068', '2024-07-11', 'FAW', 'hradmintesting', 47, '', '2024-07-11 11:48:23');

-- Dumping structure for table geely_db1.advance_expense_request_detail
DROP TABLE IF EXISTS `advance_expense_request_detail`;
CREATE TABLE IF NOT EXISTS `advance_expense_request_detail` (
  `id` int(11) NOT NULL AUTO_INCREMENT,
  `advance_expense_request_id` int(11) NOT NULL,
  `description` varchar(255) NOT NULL DEFAULT '',
  `reason` varchar(255) NOT NULL DEFAULT '',
  `qty` int(11) NOT NULL DEFAULT 1,
  `cost_per_unit` int(11) NOT NULL DEFAULT 0,
  `date` varchar(10) NOT NULL,
  `journal_ref_number` varchar(50) NOT NULL,
  PRIMARY KEY (`id`) USING BTREE
) ENGINE=InnoDB AUTO_INCREMENT=100 DEFAULT CHARSET=utf8mb4 COLLATE=utf8mb4_unicode_ci;

-- Dumping data for table geely_db1.advance_expense_request_detail: ~65 rows (approximately)
INSERT INTO `advance_expense_request_detail` (`id`, `advance_expense_request_id`, `description`, `reason`, `qty`, `cost_per_unit`, `date`, `journal_ref_number`) VALUES
	(12, 7, 'test1', 'test1', 1, 5000, '', ''),
	(13, 7, 'test2', 'test2', 2, 3000, '', ''),
	(16, 9, 'ttt', 'ttt', 1, 222, '', ''),
	(17, 9, 'ccc', 'ccc', 1, 1420, '', ''),
	(18, 10, 'des 1', 'rea 1', 5, 50000, '', ''),
	(19, 10, '2	des 2', 'rea 2', 4, 5000, '', ''),
	(22, 12, 'des 1', 'rea 1123', 5, 50000, '', ''),
	(23, 12, 'des 2', 'rea 2', 3, 15000, '', ''),
	(24, 12, 'des 3', 'rea 3', 1, 100000, '', ''),
	(25, 13, 'dd', 'rr', 5, 10000, '', ''),
	(26, 14, 'car purchase', 'car purchase', 10, 500000, '', ''),
	(28, 16, 'teast12345', 'test12345', 1, 4780, '', ''),
	(29, 17, 'dd', 'testing', 1, 40000, '', ''),
	(30, 18, 'Test', 'test', 1, 10000, '', ''),
	(31, 19, 'Electric Bill', 'Billing', 1, 50000, '', ''),
	(32, 20, 'NNK_Testing_Request', '', 1, 10000, '', ''),
	(33, 21, 'NNK_Testing_RequestForm_2', '', 1, 50000, '', ''),
	(34, 22, 'Test_Sm', 'Testing', 1, 50000, '', ''),
	(35, 23, 'Test', 'Testing', 1, 10000, '', ''),
	(36, 24, 'Expense', 'testing', 1, 10000, '', ''),
	(37, 25, 'Electric bill', 'Bill Payment', 1, 50000, '', ''),
	(39, 27, 'Sparepart', '', 5, 1000, '', ''),
	(40, 28, 'Testing_NNK', 'Testing_NNK', 1, 500, '', ''),
	(41, 29, 'March (Test)', 'Testing', 1, 100000, '', ''),
	(42, 30, 'Event', 'Testing', 1, 100000, '', ''),
	(43, 31, 'Event ', 'Testing', 1, 50000, '', ''),
	(44, 32, 'Event', 'Testing', 1, 200000, '', ''),
	(45, 33, 'Testing des', 'upload test', 1, 10000, '', ''),
	(46, 34, 'Event (Festival)', 'Testing', 1, 100000, '', ''),
	(47, 35, 'Testing', 'test pp for advance upload photo', 1, 50000, '', ''),
	(48, 36, 'test', 'testing', 1, 50000, '', ''),
	(49, 37, 'test', 'testing', 1, 50000, '', ''),
	(50, 38, 'Event ', 'Testing', 10, 1000, '', ''),
	(51, 39, 'Event Testing', '', 10, 10000, '', ''),
	(52, 40, 'app testomg', 'test', 1, 50000, '', ''),
	(53, 41, 'dddd', 'ddd', 1, 10000, '', ''),
	(54, 41, 'vvv', 'vvv', 1, 20000, '', ''),
	(55, 41, 'ffff', 'ffff', 1, 40000, '', ''),
	(56, 42, 'zzzzzzzzzzzzzzz', 'zzzzzzzzzzzzzz', 1, 444440, '', ''),
	(57, 43, 'test', 'test1', 1, 500000, '', ''),
	(58, 44, 'test', '', 1, 100000, '', ''),
	(59, 45, 'salary', 'salary', 1, 50000000, '', ''),
	(60, 46, 'Umbrella', 'Rainy Season Promotion ', 100, 5000, '', ''),
	(64, 50, 'elect bill', '', 1, 40000, '', ''),
	(65, 51, 'elect bill', '', 1, 60000, '', ''),
	(66, 52, 'elect bill', '', 1, 40000, '', ''),
	(67, 53, 'elec', '', 1, 60000, '', ''),
	(68, 54, 'electbill', '', 1, 40000, '', ''),
	(69, 55, 'test', 'test', 5, 1000, '', ''),
	(70, 56, 'Ab', 'test', 5, 200, '', ''),
	(71, 57, 'Request', 'test', 5, 100, '', ''),
	(72, 58, 'Testing', 'Test', 5, 500, '', ''),
	(73, 59, 'test', '', 1, 100000, '', ''),
	(74, 60, 'test', '', 1, 100000, '', ''),
	(75, 61, 'test', '', 1, 10000, '', ''),
	(76, 62, 'test', '', 1, 5000, '', ''),
	(77, 63, 'test', '', 1, 20000, '', ''),
	(78, 64, 'Testing', '', 5, 1000, '', ''),
	(79, 65, 'Testing', '', 10, 1000, '', ''),
	(80, 66, 'Testing', '', 5, 2000, '', ''),
	(81, 67, 'Testing', '', 10, 1000, '', ''),
	(82, 68, 'Test', '', 10, 2000, '', ''),
	(83, 69, 'Ab', '', 10, 2500, '', ''),
	(84, 70, 'Testing', '', 10, 3000, '', ''),
	(85, 71, 'test', '', 10, 1000, '', ''),
	(86, 72, 'Marketing ', '', 10, 1000, '', ''),
	(87, 73, 'Marketing Process', '', 5, 1000, '', ''),
	(88, 74, 'Marketing Process Testing', '', 10, 2000, '', ''),
	(89, 75, 'Testing Expense', '', 5, 1000, '', ''),
	(90, 76, 'Test', '', 5, 2000, '', ''),
	(91, 77, 'Test', '', 5, 1000, '', ''),
	(92, 78, 'test', '', 5, 1000, '', ''),
	(93, 79, 'Test', 'testing', 5, 1000, '', ''),
	(94, 80, 'abcde', '', 5, 500, '', ''),
	(95, 81, 'abcdefghi', 'testing', 5, 200, '', ''),
	(96, 82, 'aa', '', 1, 20, '', ''),
	(97, 83, 'Testing', '', 5, 1000, '', ''),
	(98, 84, 'Testing', '', 1, 3000, '', ''),
	(99, 85, 'Testing', '', 5, 100, '', '');

-- Dumping structure for table geely_db1.advance_receipt
DROP TABLE IF EXISTS `advance_receipt`;
CREATE TABLE IF NOT EXISTS `advance_receipt` (
  `id` int(11) NOT NULL AUTO_INCREMENT,
  `receipt_date` varchar(25) NOT NULL DEFAULT '',
  `settlement_date` varchar(25) NOT NULL DEFAULT '',
  `customer_id` int(11) NOT NULL DEFAULT 0,
  `gl_code` varchar(50) NOT NULL DEFAULT '',
  `gl_code_bank_or_cash_debit` varchar(50) NOT NULL DEFAULT '',
  `gl_code_bank_or_cash_credit` varchar(50) NOT NULL DEFAULT '',
  `amount` int(11) NOT NULL DEFAULT 0,
  `description` text NOT NULL,
  `receive_by` varchar(100) NOT NULL DEFAULT '',
  `upload_receipt` varchar(150) NOT NULL DEFAULT '',
  `entry_by` varchar(100) NOT NULL DEFAULT '',
  `entry_date_time` varchar(25) NOT NULL DEFAULT '',
  `settlement_by` varchar(100) NOT NULL DEFAULT '',
  `settlement_date_time` varchar(25) NOT NULL DEFAULT '',
  PRIMARY KEY (`id`) USING BTREE
) ENGINE=InnoDB AUTO_INCREMENT=45 DEFAULT CHARSET=utf8mb4 COLLATE=utf8mb4_unicode_ci;

-- Dumping data for table geely_db1.advance_receipt: ~35 rows (approximately)
INSERT INTO `advance_receipt` (`id`, `receipt_date`, `settlement_date`, `customer_id`, `gl_code`, `gl_code_bank_or_cash_debit`, `gl_code_bank_or_cash_credit`, `amount`, `description`, `receive_by`, `upload_receipt`, `entry_by`, `entry_date_time`, `settlement_by`, `settlement_date_time`) VALUES
	(1, '2023-12-28', '2023-12-29', 1, '4013/002', '1000/004', '1000/001', 500000, 'Advance', 'smo', '2023-12-28 15-21-51.jpg', 'smo', '2023-12-28 15:21:51', 'smo', '2023-12-29 00:39:48'),
	(2, '2023-12-29', '', 3, '4013/002', '1000/001', '', 50000, '', 'smo', '2023-12-29 00-49-05.jpg', 'smo', '2023-12-29 00:49:05', '', ''),
	(3, '2023-12-29', '2023-12-29', 4, '4013/002', '1000/001', '1000/001', 30000, '', 'smo', '2023-12-29 00-50-24.jpg', 'smo', '2023-12-29 00:50:24', 'smo', '2023-12-29 00:53:40'),
	(4, '2023-12-29', '', 4, '4013/002', '3015/004', '', 50, '', 'smo', '2023-12-29 01-30-12.jpg', 'smo', '2023-12-29 01:30:12', '', ''),
	(5, '2023-12-29', '2023-12-29', 3, '4013/002', '3015/004', '3015/004', 30, '', 'smo', '', 'smo', '2023-12-29 01:30:46', 'smo', '2023-12-29 01:31:16'),
	(6, '2023-12-29', '2023-12-29', 2, '4013/002', '1000/001', '1000/001', 35000, '', 'smo', '2023-12-29 10-09-13.jpg', 'smo', '2023-12-29 10:09:13', 'smo', '2023-12-29 10:09:41'),
	(7, '2023-12-29', '2023-12-29', 2, '4013/002', '1000/001', '1000/001', 100000, '', 'smo', '2023-12-29 10-37-06.jpg', 'smo', '2023-12-29 10:37:06', 'smo', '2023-12-29 10:43:45'),
	(8, '2024-03-11', '2024-03-11', 5, '4013/002', '1000/002', '3015/003', 500000, 'testing', 'smo', '2024-03-11 13-34-54.jpg', 'smo', '2024-03-11 13:34:54', 'smo', '2024-03-11 13:35:12'),
	(9, '2024-03-15', '2024-03-15', 14, '4013/002', '111/11', '111/11', 1000000, 'test', 'smo', '2024-03-15 10-57-32.jpg', 'smo', '2024-03-15 10:57:32', 'smo', '2024-03-15 10:58:27'),
	(10, '2024-03-18', '2024-06-10', 1, '4013/002', '1000/002', '1013', 20000, '', 'smo', '2024-03-18 14-37-07.PNG', 'smo', '2024-03-18 14:37:07', 'smo', '2024-06-10 13:28:15'),
	(11, '2024-03-18', '', 3, '4013/002', '1000/002', '', 30000, '', '', '2024-03-18 14-38-02.PNG', 'smo', '2024-03-18 14:38:02', '', ''),
	(12, '2024-03-18', '', 5, '4013/002', '1000/001', '', 10000, '', '', '2024-03-18 14-39-09.PNG', 'smo', '2024-03-18 14:39:09', '', ''),
	(13, '2024-03-18', '2024-03-25', 1, '4013/002', '1000/004', '1007', 50000, '', '', '2024-03-18 14-59-07.PNG', 'smo', '2024-03-18 14:59:07', 'smo', '2024-03-25 12:17:13'),
	(14, '2024-03-19', '', 1, '4013/002', '1000/001', '', 1000, '', 'smo', '', 'smo', '2024-03-19 15:29:29', '', ''),
	(15, '2024-03-19', '', 40, '4013/002', '1000/001', '', 700000, 'Customer Advance Receipt - Entry', 'smo', '2024-03-19 15-44-48.jpg', 'smo', '2024-03-19 15:44:48', '', ''),
	(16, '2024-03-19', '', 1, '4013/002', '1000/001', '', 10000, '', 'smo', '', 'smo', '2024-03-19 15:46:58', '', ''),
	(17, '2024-03-19', '2024-06-10', 1, '4013/002', '1000/001', '1013', 10000, '', '', '', 'smo', '2024-03-19 15:47:40', 'smo', '2024-06-10 13:29:34'),
	(18, '2024-03-19', '', 4, '4013/002', '1000/002', '', 5000, '', 'smo', '', 'smo', '2024-03-19 15:48:55', '', ''),
	(19, '2024-03-19', '', 11, '4013/002', '1000/001', '', 10000, '', 'smo', '', 'smo', '2024-03-19 15:51:27', '', ''),
	(20, '2024-03-19', '2024-03-19', 9, '4013/002', '1000/004', '1000/001', 10000, '', 'smo', '', 'smo', '2024-03-19 15:54:55', 'smo', '2024-03-19 16:10:08'),
	(21, '2024-03-19', '', 14, '4013/002', '1000/002', '', 10000, '', 'test', '', 'smo', '2024-03-19 15:59:53', '', ''),
	(22, '2024-03-20', '2024-03-20', 2, '4013/002', '111/11', '1003', 100000, '', 'smo', '', 'smo', '2024-03-20 10:43:46', 'smo', '2024-03-20 14:11:12'),
	(23, '2024-03-20', '2024-03-20', 2, '4013/002', '111/11', '111/11', 100000, '', 'smo', '', 'smo', '2024-03-20 10:48:30', 'smo', '2024-03-20 11:08:16'),
	(24, '2024-03-20', '2024-03-20', 3, '4013/002', '111/11', '111/11', 100000, '', 'smo', '', 'smo', '2024-03-20 10:57:32', 'smo', '2024-03-20 11:08:35'),
	(25, '2024-03-20', '', 7, '4013/002', '7001/0001', '', 200000, 'Customer Daw Khin Advance Receipt - Entry by G/L Code Bank_7001/0001(CMT)', 'smo', '2024-03-20 11-00-30.jpg', 'smo', '2024-03-20 11:00:30', '', ''),
	(26, '2024-03-20', '2024-03-20', 1, '4013/002', '1003', '1003', 10000, '', 'smo', '2024-03-20 14-09-54.PNG', 'smo', '2024-03-20 14:09:54', 'smo', '2024-03-20 14:12:14'),
	(27, '2024-03-23', '', 41, '4013/002', '1004', '', 50000, '', 'smo', '2024-03-23 22-09-10.PNG', 'smo', '2024-03-23 22:09:10', '', ''),
	(28, '2024-03-25', '', 41, '4013/002', '1000/002', '', 100000, 'testing', 'smo', '', 'smo', '2024-03-25 09:40:56', '', ''),
	(29, '2024-03-25', '', 43, '4013/002', '1000/001', '', 50000, 'testing', 'smo', '', 'smo', '2024-03-25 09:42:02', '', ''),
	(30, '2024-03-25', '2024-03-29', 4, '4013/002', '1005', '1004', 5000000, '', 'smo', '2024-03-25 12-16-57.jpg', 'smo', '2024-03-25 12:16:57', 'smo', '2024-03-29 16:10:35'),
	(31, '2024-03-28', '2024-03-28', 1, '4013/002', '111/222', '111/222', 10000, '', 'smo', '', 'smo', '2024-03-28 13:11:24', 'smo', '2024-03-28 13:12:56'),
	(32, '2024-04-03', '', 14, '4013/002', '1013', '', 10000, '', 'smo', '', 'smo', '2024-04-03 11:47:36', '', ''),
	(33, '2024-04-03', '', 7, '4013/002', '1011', '', 10000, '', 'smo', '', 'smo', '2024-04-03 11:48:32', '', ''),
	(34, '2024-04-03', '', 14, '4013/002', '1011', '', 50000, '', 'smo', '', 'smo', '2024-04-03 15:29:39', '', ''),
	(35, '2024-04-03', '', 2, '4013/002', '1006', '', 1000000, '', 'smo', '', 'smo', '2024-04-03 15:56:57', '', ''),
	(36, '2024-04-03', '2024-04-03', 7, '4013/002', '1011', '1011', 100000, '', '', '', 'smo', '2024-04-03 15:58:07', 'smo', '2024-04-03 16:02:08'),
	(37, '2024-04-04', '', 41, '4013/002', '1009', '', 100000, '', 'smo', '', 'smo', '2024-04-04 14:03:52', '', ''),
	(38, '2024-04-04', '2024-04-04', 42, '4013/002', '111/223', '111/223', 2147483647, '', 'smo', '', 'smo', '2024-04-04 15:14:29', 'smo', '2024-04-04 15:14:51'),
	(39, '2024-04-10', '', 1, '4013/002', 'test 3', '', 15000, 'စမ်းသပ်', 'smo', '2024-04-10 15-08-36.jpg', 'smo', '2024-04-10 15:08:36', '', ''),
	(40, '2024-04-11', '', 4, '4013/002', '111/223', '', 10000, '', 'smo', '', 'smo', '2024-04-11 15:16:19', '', ''),
	(41, '2024-04-11', '', 4, '4013/002', '111/223', '', 10000, '', '', '', 'smo', '2024-04-11 15:16:39', '', ''),
	(42, '2024-04-12', '', 41, '4013/002', '1006', '', 2000, '', 'smo', '', 'smo', '2024-04-12 10:28:29', '', ''),
	(43, '2024-06-08', '', 41, '4013/002', '963852', '', 50000, '', 'smo', '2024-06-08 17-13-23.PNG', 'smo', '2024-06-08 17:13:23', '', ''),
	(44, '2024-06-10', '', 48, '4013/002', '987654', '', 50000, '', 'smo', '2024-06-10 14-12-44.PNG', 'smo', '2024-06-10 14:12:44', '', '');

-- Dumping structure for table geely_db1.approval
DROP TABLE IF EXISTS `approval`;
CREATE TABLE IF NOT EXISTS `approval` (
  `id` int(11) NOT NULL AUTO_INCREMENT,
  `role` varchar(100) NOT NULL DEFAULT '',
  `staff_id` int(11) NOT NULL DEFAULT 0,
  `main_id` varchar(50) NOT NULL DEFAULT '',
  `order_no` int(11) NOT NULL DEFAULT 0,
  `process` varchar(150) NOT NULL DEFAULT '',
  `approve` tinyint(1) NOT NULL DEFAULT 0,
  `approve_date_time` varchar(50) NOT NULL DEFAULT '',
  PRIMARY KEY (`id`) USING BTREE
) ENGINE=InnoDB AUTO_INCREMENT=295 DEFAULT CHARSET=utf8mb4 COLLATE=utf8mb4_unicode_ci;

-- Dumping data for table geely_db1.approval: ~174 rows (approximately)
INSERT INTO `approval` (`id`, `role`, `staff_id`, `main_id`, `order_no`, `process`, `approve`, `approve_date_time`) VALUES
	(1, 'Sales Admin', 40, 'PAL-G00001-2023', 1, 'Confirm Order', 1, '2023-07-25 14:47:30'),
	(2, 'Sales Manager', 2, 'PAL-G00001-2023', 2, 'Confirm Order', 1, '2023-07-25 14:49:08'),
	(3, 'Finance Manager', 5, 'PAL-G00001-2023', 3, 'Confirm Order', 1, '2023-07-25 14:49:08'),
	(4, 'Sales Admin', 40, 'PAL-G00002-2023', 1, 'Confirm Order', 0, ''),
	(5, 'Sales Manager', 2, 'PAL-G00002-2023', 2, 'Confirm Order', 0, ''),
	(6, 'Finance Manager', 5, 'PAL-G00002-2023', 3, 'Confirm Order', 0, ''),
	(7, 'Sales Admin', 40, 'PAL-G00003-2023', 1, 'Confirm Order', 1, '2023-07-28 22:07:34'),
	(8, 'Sales Manager', 2, 'PAL-G00003-2023', 2, 'Confirm Order', 1, '2023-07-28 22:08:10'),
	(9, 'Finance Manager', 5, 'PAL-G00003-2023', 3, 'Confirm Order', 1, '2023-07-28 22:08:46'),
	(10, 'Sales Admin', 4, 'PAL-G00004-2023', 1, 'Confirm Order', 1, '2023-07-28 21:52:11'),
	(11, 'Sales Manager', 2, 'PAL-G00004-2023', 2, 'Confirm Order', 1, '2023-07-28 21:53:04'),
	(12, 'Finance Manager', 5, 'PAL-G00004-2023', 3, 'Confirm Order', 1, '2023-07-28 21:53:33'),
	(13, 'Sales Admin', 4, 'PAL-T00001-2023', 1, 'Confirm Order', 1, '2023-07-28 23:42:26'),
	(14, 'Sales Manager', 2, 'PAL-T00001-2023', 2, 'Confirm Order', 1, '2023-07-28 23:43:46'),
	(15, 'Finance Manager', 5, 'PAL-T00001-2023', 3, 'Confirm Order', 1, '2023-07-28 23:44:17'),
	(16, 'Sales Admin', 40, 'PAL-T00002-2023', 1, 'Confirm Order', 1, '2023-07-28 23:43:19'),
	(17, 'Sales Manager', 2, 'PAL-T00002-2023', 2, 'Confirm Order', 1, '2023-07-28 23:43:41'),
	(18, 'Finance Manager', 5, 'PAL-T00002-2023', 3, 'Confirm Order', 1, '2023-07-28 23:44:14'),
	(19, 'Sales Admin', 4, 'PAL-G00005-2023', 1, 'Confirm Order', 1, '2023-09-18 14:38:30'),
	(20, 'Sales Manager', 2, 'PAL-G00005-2023', 2, 'Confirm Order', 1, '2023-09-18 14:38:45'),
	(21, 'Finance Manager', 5, 'PAL-G00005-2023', 3, 'Confirm Order', 1, '2023-09-18 14:39:07'),
	(22, 'Sales Admin', 4, 'PAL-T00003-2023', 1, 'Confirm Order', 1, '2023-09-18 14:38:27'),
	(23, 'Sales Manager', 2, 'PAL-T00003-2023', 2, 'Confirm Order', 1, '2023-09-18 14:38:42'),
	(24, 'Finance Manager', 5, 'PAL-T00003-2023', 3, 'Confirm Order', 1, '2023-09-18 14:39:04'),
	(25, 'Sales Admin', 4, 'PAL-G00006-2023', 1, 'Confirm Order', 1, '2023-08-16 09:37:16'),
	(26, 'Sales Manager', 2, 'PAL-G00006-2023', 2, 'Confirm Order', 1, '2023-08-16 09:37:47'),
	(27, 'Finance Manager', 5, 'PAL-G00006-2023', 3, 'Confirm Order', 1, '2023-08-16 09:38:12'),
	(28, 'Sales Admin', 4, 'PAL-G00007-2023', 1, 'Confirm Order', 1, '2023-08-24 17:04:14'),
	(29, 'Sales Manager', 2, 'PAL-G00007-2023', 2, 'Confirm Order', 1, '2023-08-24 17:04:25'),
	(30, 'Finance Manager', 5, 'PAL-G00007-2023', 3, 'Confirm Order', 1, '2023-08-24 17:04:39'),
	(31, 'Sales Admin', 4, 'PAL-G00008-2023', 1, 'Confirm Order', 1, '2023-09-18 14:38:25'),
	(32, 'Sales Manager', 2, 'PAL-G00008-2023', 2, 'Confirm Order', 1, '2023-09-18 14:38:40'),
	(33, 'Finance Manager', 5, 'PAL-G00008-2023', 3, 'Confirm Order', 1, '2023-09-18 14:39:01'),
	(34, 'Sales Admin', 4, 'PAL-G00009-2023', 1, 'Confirm Order', 1, '2023-11-23 17:23:59'),
	(35, 'Sales Manager', 2, 'PAL-G00009-2023', 2, 'Confirm Order', 1, '2023-11-23 17:24:10'),
	(36, 'Finance Manager', 5, 'PAL-G00009-2023', 3, 'Confirm Order', 1, '2023-11-23 17:24:20'),
	(37, 'Sales Admin', 4, 'PAL-G00010-2023', 1, 'Confirm Order', 1, '2023-12-15 14:09:30'),
	(38, 'Sales Manager', 2, 'PAL-G00010-2023', 2, 'Confirm Order', 1, '2023-12-15 14:10:07'),
	(39, 'Finance Manager', 5, 'PAL-G00010-2023', 3, 'Confirm Order', 1, '2023-12-15 14:10:31'),
	(40, 'Sales Admin', 4, 'PAL-G00011-2023', 1, 'Confirm Order', 1, '2023-12-15 14:09:39'),
	(41, 'Sales Manager', 2, 'PAL-G00011-2023', 2, 'Confirm Order', 1, '2023-12-15 14:10:10'),
	(42, 'Finance Manager', 5, 'PAL-G00011-2023', 3, 'Confirm Order', 1, '2023-12-15 14:10:34'),
	(43, 'Sales Admin', 4, 'PAL-T00004-2023', 1, 'Confirm Order', 1, '2023-12-26 16:49:49'),
	(44, 'Sales Manager', 2, 'PAL-T00004-2023', 2, 'Confirm Order', 1, '2023-12-26 16:50:00'),
	(45, 'Finance Manager', 5, 'PAL-T00004-2023', 3, 'Confirm Order', 1, '2023-12-26 16:50:10'),
	(46, 'Sales Admin', 4, 'PAL-G00012-2023', 1, 'Confirm Order', 1, '2023-12-26 16:58:05'),
	(47, 'Sales Manager', 2, 'PAL-G00012-2023', 2, 'Confirm Order', 1, '2023-12-26 16:58:18'),
	(48, 'Finance Manager', 5, 'PAL-G00012-2023', 3, 'Confirm Order', 1, '2023-12-26 16:58:32'),
	(49, 'Sales Admin', 4, 'PAL-G00013-2023', 1, 'Confirm Order', 1, '2023-12-29 00:57:00'),
	(50, 'Sales Manager', 2, 'PAL-G00013-2023', 2, 'Confirm Order', 1, '2023-12-29 00:57:16'),
	(51, 'Finance Manager', 5, 'PAL-G00013-2023', 3, 'Confirm Order', 1, '2023-12-29 00:57:53'),
	(52, 'Sales Admin', 4, 'PAL-C00001-2023', 1, 'Confirm Order', 1, '2023-12-29 01:06:00'),
	(53, 'Sales Manager', 2, 'PAL-C00001-2023', 2, 'Confirm Order', 1, '2023-12-29 01:06:13'),
	(54, 'Finance Manager', 5, 'PAL-C00001-2023', 3, 'Confirm Order', 1, '2023-12-29 01:06:22'),
	(55, 'Sales Admin', 4, 'PAL-C00002-2023', 1, 'Confirm Order', 1, '2023-12-29 10:54:23'),
	(56, 'Sales Manager', 2, 'PAL-C00002-2023', 2, 'Confirm Order', 1, '2023-12-29 10:54:34'),
	(57, 'Finance Manager', 5, 'PAL-C00002-2023', 3, 'Confirm Order', 1, '2023-12-29 10:54:46'),
	(58, 'Sales Admin', 4, 'PAL-T00001-2024', 1, 'Confirm Order', 0, '0'),
	(59, 'Sales Manager', 2, 'PAL-T00001-2024', 2, 'Confirm Order', 0, ''),
	(60, 'Finance Manager', 5, 'PAL-T00001-2024', 3, 'Confirm Order', 0, ''),
	(61, 'Sales Admin', 4, 'PAL-T00002-2024', 1, 'Confirm Order', 1, '2024-01-04 13:42:45'),
	(62, 'Sales Manager', 2, 'PAL-T00002-2024', 2, 'Confirm Order', 1, '2024-01-04 13:42:57'),
	(63, 'Finance Manager', 5, 'PAL-T00002-2024', 3, 'Confirm Order', 1, '2024-01-04 13:43:17'),
	(64, 'Sales Admin', 4, 'PAL-G00001-2024', 1, 'Confirm Order', 1, '2024-01-05 10:41:17'),
	(65, 'Sales Manager', 2, 'PAL-G00001-2024', 2, 'Confirm Order', 1, '2024-01-05 10:41:29'),
	(66, 'Finance Manager', 5, 'PAL-G00001-2024', 3, 'Confirm Order', 1, '2024-01-05 10:41:48'),
	(67, 'Sales Admin', 4, 'PAL-G00002-2024', 1, 'Confirm Order', 0, ''),
	(68, 'Sales Manager', 2, 'PAL-G00002-2024', 2, 'Confirm Order', 0, ''),
	(69, 'Finance Manager', 5, 'PAL-G00002-2024', 3, 'Confirm Order', 0, ''),
	(115, 'Finance Manager', 5, 'AER240202002', 1, 'Advance and Expense Request', 1, '2024-02-12 15:52:39'),
	(116, 'Sales Admin', 4, 'AER240202002', 2, 'Advance and Expense Request', 1, '2024-02-12 15:54:08'),
	(119, 'Finance Manager', 5, 'AER240202003', 1, 'Advance and Expense Request', 1, '2024-02-02 09:52:43'),
	(120, 'Sales Admin', 4, 'AER240202003', 2, 'Advance and Expense Request', 1, '2024-02-02 09:53:01'),
	(121, 'Finance Manager', 5, 'AER240202001', 1, 'Advance and Expense Request', 1, '2024-02-02 10:04:02'),
	(122, 'Sales Admin', 4, 'AER240202001', 2, 'Advance and Expense Request', 1, '2024-02-02 10:04:20'),
	(125, 'Sales Admin', 21, 'AER240202004', 1, 'Advance and Expense Request', 1, '2024-02-02 10:40:00'),
	(126, 'Finance Manager', 5, 'AER240202004', 2, 'Advance and Expense Request', 1, '2024-02-02 10:40:22'),
	(127, 'CRM Executive', 28, 'AF2400001', 1, 'Advance and Expense Request', 0, ''),
	(128, 'Finance Manager', 5, 'AF2400001', 2, 'Advance and Expense Request', 0, ''),
	(129, 'Finance Manager', 5, 'RF2400002', 1, 'Advance and Expense Request', 1, '2024-02-12 19:15:32'),
	(131, 'Finance Manager', 5, 'RF2400003', 1, 'Advance and Expense Request', 1, '2024-02-13 10:45:30'),
	(132, 'Sales Admin', 4, 'PAL-G00003-2024', 1, 'Confirm Order', 1, '2024-03-11 13:44:26'),
	(133, 'Sales Manager', 2, 'PAL-G00003-2024', 2, 'Confirm Order', 1, '2024-03-11 13:44:39'),
	(134, 'Finance Manager', 5, 'PAL-G00003-2024', 3, 'Confirm Order', 1, '2024-03-11 13:44:49'),
	(135, 'Sales Admin', 4, 'PAL-G00004-2024', 1, 'Confirm Order', 1, '2024-03-11 14:17:01'),
	(136, 'Sales Manager', 2, 'PAL-G00004-2024', 2, 'Confirm Order', 1, '2024-03-11 14:17:14'),
	(137, 'Finance Manager', 5, 'PAL-G00004-2024', 3, 'Confirm Order', 1, '2024-03-11 14:17:26'),
	(138, 'Finance Manager', 5, 'RF2400004', 1, 'Advance and Expense Request', 1, '2024-03-14 10:13:35'),
	(139, 'Sales Admin', 4, 'PAL-G00005-2024', 1, 'Confirm Order', 1, '2024-03-15 10:24:04'),
	(140, 'Sales Manager', 2, 'PAL-G00005-2024', 2, 'Confirm Order', 1, '2024-03-15 10:24:16'),
	(141, 'Finance Manager', 5, 'PAL-G00005-2024', 3, 'Confirm Order', 1, '2024-03-15 10:24:33'),
	(142, 'Finance Manager', 5, 'RF2400005', 1, 'Advance and Expense Request', 1, '2024-03-15 11:02:51'),
	(143, 'Sales Admin', 4, 'PAL-G00006-2024', 1, 'Confirm Order', 1, '2024-03-15 11:33:58'),
	(144, 'Sales Manager', 2, 'PAL-G00006-2024', 2, 'Confirm Order', 1, '2024-03-15 11:34:15'),
	(145, 'Finance Manager', 5, 'PAL-G00006-2024', 3, 'Confirm Order', 1, '2024-03-15 11:34:26'),
	(146, 'Finance Manager', 5, 'RF2400006', 1, 'Advance and Expense Request', 1, '2024-03-20 14:07:17'),
	(147, 'Brand Manager', 32, 'RF2400006', 2, 'Advance and Expense Request', 0, ''),
	(148, 'Sales Admin', 4, 'RF2400006', 3, 'Advance and Expense Request', 0, ''),
	(149, 'Brand Manager', 32, 'RF2400007', 1, 'Advance and Expense Request', 0, ''),
	(150, 'Finance Manager', 5, 'RF2400007', 2, 'Advance and Expense Request', 0, ''),
	(151, 'Finance Manager', 5, 'RF2400008', 1, 'Advance and Expense Request', 1, '2024-03-20 13:37:22'),
	(152, 'Finance Manager', 5, 'RF2400009', 1, 'Advance and Expense Request', 1, '2024-03-20 14:31:02'),
	(153, 'Finance Manager', 5, 'RF2400010', 1, 'Advance and Expense Request', 1, '2024-03-20 14:37:04'),
	(154, 'Sales Admin', 4, 'PAL-G00007-2024', 1, 'Confirm Order', 0, ''),
	(155, 'Sales Manager', 2, 'PAL-G00007-2024', 2, 'Confirm Order', 0, ''),
	(156, 'Finance Manager', 5, 'PAL-G00007-2024', 3, 'Confirm Order', 0, ''),
	(157, 'Sales Admin', 4, 'PAL-G00008-2024', 1, 'Confirm Order', 1, '2024-03-21 11:07:10'),
	(158, 'Sales Manager', 2, 'PAL-G00008-2024', 2, 'Confirm Order', 1, '2024-03-21 11:07:32'),
	(159, 'Finance Manager', 5, 'PAL-G00008-2024', 3, 'Confirm Order', 1, '2024-03-21 11:07:53'),
	(160, 'Sales Admin', 4, 'PAL-G00009-2024', 1, 'Confirm Order', 1, '2024-03-21 13:31:48'),
	(161, 'Sales Manager', 2, 'PAL-G00009-2024', 2, 'Confirm Order', 1, '2024-03-21 13:33:51'),
	(162, 'Finance Manager', 5, 'PAL-G00009-2024', 3, 'Confirm Order', 1, '2024-03-21 13:35:39'),
	(163, 'Sales Admin', 4, 'PAL-G00010-2024', 1, 'Confirm Order', 1, '2024-03-21 13:59:50'),
	(164, 'Sales Manager', 2, 'PAL-G00010-2024', 2, 'Confirm Order', 0, ''),
	(165, 'Finance Manager', 5, 'PAL-G00010-2024', 3, 'Confirm Order', 0, ''),
	(166, 'Sales Admin', 4, 'PAL-G00011-2024', 1, 'Confirm Order', 1, '2024-03-21 14:03:17'),
	(167, 'Sales Manager', 2, 'PAL-G00011-2024', 2, 'Confirm Order', 1, '2024-03-21 14:03:49'),
	(168, 'Finance Manager', 5, 'PAL-G00011-2024', 3, 'Confirm Order', 1, '2024-03-21 14:04:47'),
	(169, 'Sales Admin', 4, 'PAL-G00012-2024', 1, 'Confirm Order', 1, '2024-03-21 14:14:55'),
	(170, 'Sales Manager', 2, 'PAL-G00012-2024', 2, 'Confirm Order', 1, '2024-03-21 14:15:11'),
	(171, 'Finance Manager', 5, 'PAL-G00012-2024', 3, 'Confirm Order', 1, '2024-03-21 14:23:39'),
	(172, 'Sales Admin', 4, 'PAL-G00013-2024', 1, 'Confirm Order', 1, '2024-03-21 15:27:49'),
	(173, 'Sales Manager', 2, 'PAL-G00013-2024', 2, 'Confirm Order', 1, '2024-03-21 15:39:36'),
	(174, 'Finance Manager', 5, 'PAL-G00013-2024', 3, 'Confirm Order', 1, '2024-03-21 15:42:04'),
	(175, 'Sales Admin', 4, 'PAL-G00014-2024', 1, 'Confirm Order', 1, '2024-03-22 11:37:03'),
	(176, 'Sales Manager', 2, 'PAL-G00014-2024', 2, 'Confirm Order', 1, '2024-03-22 11:37:43'),
	(177, 'Finance Manager', 5, 'PAL-G00014-2024', 3, 'Confirm Order', 1, '2024-03-22 11:39:23'),
	(178, 'Sales Admin', 4, 'PAL-G00015-2024', 1, 'Confirm Order', 1, '2024-03-24 23:59:28'),
	(179, 'Sales Manager', 2, 'PAL-G00015-2024', 2, 'Confirm Order', 1, '2024-03-24 23:59:38'),
	(180, 'Finance Manager', 5, 'PAL-G00015-2024', 3, 'Confirm Order', 1, '2024-03-24 23:59:45'),
	(181, 'Finance Manager', 5, 'RF2400011', 1, 'Advance and Expense Request', 1, '2024-04-03 11:00:51'),
	(182, 'Finance Manager', 5, 'RF2400012', 1, 'Advance and Expense Request', 1, '2024-03-25 10:59:06'),
	(183, 'Sales Admin', 4, 'PAL-G00016-2024', 1, 'Confirm Order', 1, '2024-03-25 11:56:40'),
	(184, 'Sales Manager', 2, 'PAL-G00016-2024', 2, 'Confirm Order', 1, '2024-03-25 11:56:51'),
	(185, 'Finance Manager', 5, 'PAL-G00016-2024', 3, 'Confirm Order', 1, '2024-03-25 11:57:02'),
	(187, 'Finance Manager', 5, 'RF2400013', 1, 'Advance and Expense Request', 1, '2024-03-28 13:46:24'),
	(188, 'Finance Manager', 5, 'RF2400014', 1, 'Advance and Expense Request', 1, '2024-03-29 10:01:10'),
	(189, 'Finance Manager', 5, 'RF2400015', 1, 'Advance and Expense Request', 1, '2024-03-29 10:08:57'),
	(190, 'Finance Manager', 5, 'RF2400016', 1, 'Advance and Expense Request', 1, '2024-03-29 14:10:37'),
	(191, 'Finance Manager', 5, 'RF2400018', 1, 'Advance and Expense Request', 1, '2024-03-29 14:26:49'),
	(192, 'Finance Manager', 5, 'RF2400019', 1, 'Advance and Expense Request', 1, '2024-05-27 09:52:24'),
	(193, 'Finance Manager', 5, 'RF2400020', 1, 'Advance and Expense Request', 1, '2024-03-29 15:15:47'),
	(194, 'Sales Admin', 4, 'PAL-G00017-2024', 1, 'Confirm Order', 1, '2024-03-29 15:50:30'),
	(195, 'Sales Manager', 2, 'PAL-G00017-2024', 2, 'Confirm Order', 1, '2024-03-29 15:52:49'),
	(196, 'Finance Manager', 5, 'PAL-G00017-2024', 3, 'Confirm Order', 1, '2024-03-29 15:53:31'),
	(197, 'Sales Admin', 4, 'PAL-G00018-2024', 1, 'Confirm Order', 1, '2024-04-01 11:00:15'),
	(198, 'Sales Manager', 2, 'PAL-G00018-2024', 2, 'Confirm Order', 1, '2024-04-01 11:01:14'),
	(199, 'Finance Manager', 5, 'PAL-G00018-2024', 3, 'Confirm Order', 1, '2024-04-01 11:01:48'),
	(200, 'Sales Admin', 4, 'PAL-G00019-2024', 1, 'Confirm Order', 1, '2024-04-02 10:23:52'),
	(201, 'Sales Manager', 2, 'PAL-G00019-2024', 2, 'Confirm Order', 1, '2024-04-02 10:24:17'),
	(202, 'Finance Manager', 5, 'PAL-G00019-2024', 3, 'Confirm Order', 1, '2024-04-02 10:24:37'),
	(203, 'Finance Manager', 5, 'RF2400021', 1, 'Advance and Expense Request', 1, '2024-05-27 10:19:29'),
	(204, 'Sales Admin', 4, 'PAL-G00020-2024', 1, 'Confirm Order', 1, '2024-04-02 10:30:44'),
	(205, 'Sales Manager', 2, 'PAL-G00020-2024', 2, 'Confirm Order', 1, '2024-04-02 10:31:00'),
	(206, 'Finance Manager', 5, 'PAL-G00020-2024', 3, 'Confirm Order', 1, '2024-04-02 10:31:19'),
	(207, 'Sales Admin', 4, 'PAL-G00022-2024', 1, 'Confirm Order', 1, '2024-04-02 15:18:59'),
	(208, 'Sales Manager', 2, 'PAL-G00022-2024', 2, 'Confirm Order', 1, '2024-04-02 15:19:15'),
	(209, 'Finance Manager', 5, 'PAL-G00022-2024', 3, 'Confirm Order', 1, '2024-04-02 15:19:33'),
	(210, 'Sales Admin', 4, 'PAL-G00023-2024', 1, 'Confirm Order', 1, '2024-04-03 14:56:25'),
	(211, 'Sales Manager', 2, 'PAL-G00023-2024', 2, 'Confirm Order', 1, '2024-04-03 14:57:20'),
	(212, 'Finance Manager', 5, 'PAL-G00023-2024', 3, 'Confirm Order', 1, '2024-04-03 14:57:44'),
	(213, 'Finance Manager', 5, 'RF2400022', 1, 'Advance and Expense Request', 0, ''),
	(214, 'Sales Admin', 4, 'PAL-G00024-2024', 1, 'Confirm Order', 1, '2024-04-03 14:44:10'),
	(215, 'Sales Manager', 2, 'PAL-G00024-2024', 2, 'Confirm Order', 1, '2024-04-03 14:44:31'),
	(216, 'Finance Manager', 5, 'PAL-G00024-2024', 3, 'Confirm Order', 1, '2024-04-03 14:45:15'),
	(217, 'Sales Admin', 4, 'PAL-G00025-2024', 1, 'Confirm Order', 1, '2024-04-03 11:07:57'),
	(218, 'Sales Manager', 2, 'PAL-G00025-2024', 2, 'Confirm Order', 1, '2024-04-03 11:08:14'),
	(219, 'Finance Manager', 5, 'PAL-G00025-2024', 3, 'Confirm Order', 1, '2024-04-03 11:08:45'),
	(220, 'Sales Admin', 4, 'PAL-G00026-2024', 1, 'Confirm Order', 1, '2024-04-03 11:40:07'),
	(221, 'Sales Manager', 2, 'PAL-G00026-2024', 2, 'Confirm Order', 1, '2024-04-03 11:40:26'),
	(222, 'Finance Manager', 5, 'PAL-G00026-2024', 3, 'Confirm Order', 1, '2024-04-03 11:40:46'),
	(223, 'Sales Admin', 4, 'PAL-G00027-2024', 1, 'Confirm Order', 1, '2024-04-03 13:38:58'),
	(224, 'Sales Manager', 2, 'PAL-G00027-2024', 2, 'Confirm Order', 1, '2024-04-03 13:39:19'),
	(225, 'Finance Manager', 5, 'PAL-G00027-2024', 3, 'Confirm Order', 1, '2024-04-03 13:39:49'),
	(226, 'Sales Admin', 4, 'PAL-T00003-2024', 1, 'Confirm Order', 1, '2024-04-03 13:50:31'),
	(227, 'Sales Manager', 2, 'PAL-T00003-2024', 2, 'Confirm Order', 1, '2024-04-03 13:50:48'),
	(228, 'Finance Manager', 5, 'PAL-T00003-2024', 3, 'Confirm Order', 1, '2024-04-03 13:51:22'),
	(229, 'Finance Manager', 5, 'RF2400023', 1, 'Advance and Expense Request', 1, '2024-04-27 22:58:15'),
	(230, 'Sales Admin', 4, 'PAL-T00004-2024', 1, 'Confirm Order', 1, '2024-04-04 10:01:32'),
	(231, 'Sales Manager', 2, 'PAL-T00004-2024', 2, 'Confirm Order', 1, '2024-04-04 10:02:07'),
	(232, 'Finance Manager', 5, 'PAL-T00004-2024', 3, 'Confirm Order', 1, '2024-04-04 10:02:56'),
	(233, 'Sales Admin', 4, 'PAL-T00005-2024', 1, 'Confirm Order', 0, ''),
	(234, 'Sales Manager', 2, 'PAL-T00005-2024', 2, 'Confirm Order', 0, ''),
	(235, 'Finance Manager', 5, 'PAL-T00005-2024', 3, 'Confirm Order', 0, ''),
	(236, 'Finance Manager', 5, 'RF2400024', 1, 'Advance and Expense Request', 1, '2024-04-05 10:52:37'),
	(237, 'Finance Manager', 5, 'RF2400025', 1, 'Advance and Expense Request', 1, '2024-04-05 10:57:21'),
	(238, 'Sales Admin', 4, 'PAL-G00028-2024', 1, 'Confirm Order', 1, '2024-04-12 09:19:45'),
	(239, 'Sales Manager', 2, 'PAL-G00028-2024', 2, 'Confirm Order', 1, '2024-04-12 09:20:05'),
	(240, 'Finance Manager', 5, 'PAL-G00028-2024', 3, 'Confirm Order', 1, '2024-04-12 09:20:31'),
	(241, 'Sales Admin', 4, 'PAL-G00029-2024', 1, 'Confirm Order', 1, '2024-04-12 13:13:57'),
	(242, 'Sales Manager', 2, 'PAL-G00029-2024', 2, 'Confirm Order', 0, ''),
	(243, 'Finance Manager', 5, 'PAL-G00029-2024', 3, 'Confirm Order', 0, ''),
	(244, 'Finance Manager', 5, 'RF2400026', 1, 'Advance and Expense Request', 1, '2024-05-02 21:56:50'),
	(245, 'Finance Manager', 5, 'RF2400027', 1, 'Advance and Expense Request', 1, '2024-05-02 22:03:10'),
	(246, 'Finance Manager', 5, 'RF2400028', 1, 'Advance and Expense Request', 1, '2024-05-03 01:28:10'),
	(247, 'Sales Admin', 4, 'PAL-C00001-2024', 1, 'Confirm Order', 1, '2024-05-14 22:40:47'),
	(248, 'Sales Manager', 2, 'PAL-C00001-2024', 2, 'Confirm Order', 1, '2024-05-14 22:41:13'),
	(249, 'Finance Manager', 5, 'PAL-C00001-2024', 3, 'Confirm Order', 1, '2024-05-14 23:20:55'),
	(250, 'Sales Admin', 4, 'PAL-C00002-2024', 1, 'Confirm Order', 1, '2024-05-16 10:50:49'),
	(251, 'Sales Manager', 2, 'PAL-C00002-2024', 2, 'Confirm Order', 1, '2024-05-16 10:51:03'),
	(252, 'Finance Manager', 5, 'PAL-C00002-2024', 3, 'Confirm Order', 1, '2024-05-16 10:51:20'),
	(253, 'Sales Admin', 4, 'PAL-C00003-2024', 1, 'Confirm Order', 0, ''),
	(254, 'Sales Manager', 2, 'PAL-C00003-2024', 2, 'Confirm Order', 0, ''),
	(255, 'Finance Manager', 5, 'PAL-C00003-2024', 3, 'Confirm Order', 0, ''),
	(256, 'Finance Manager', 5, 'RF2400029', 1, 'Advance and Expense Request', 1, '2024-05-28 10:43:07'),
	(257, 'Sales Admin', 4, 'PAL-C00004-2024', 1, 'Confirm Order', 1, '2024-06-07 15:46:08'),
	(258, 'Sales Manager', 2, 'PAL-C00004-2024', 2, 'Confirm Order', 1, '2024-06-07 15:46:55'),
	(259, 'Finance Manager', 5, 'PAL-C00004-2024', 3, 'Confirm Order', 1, '2024-06-07 15:50:12'),
	(260, 'Finance Manager', 5, 'RF2400030', 1, 'Advance and Expense Request', 0, ''),
	(261, 'Sales Admin', 4, 'PAL-G00030-2024', 1, 'Confirm Order', 0, ''),
	(262, 'Sales Manager', 2, 'PAL-G00030-2024', 2, 'Confirm Order', 0, ''),
	(263, 'Finance Manager', 5, 'PAL-G00030-2024', 3, 'Confirm Order', 0, ''),
	(264, 'Finance Manager', 5, 'RF2400031', 1, 'Advance and Expense Request', 0, ''),
	(265, 'Chief Executive Officer', 44, 'RF2400031', 2, 'Advance and Expense Request', 0, ''),
	(266, 'Finance Manager', 5, 'RF2400032', 1, 'Advance and Expense Request', 1, '2024-06-13 10:29:55'),
	(267, 'Finance Manager', 5, 'RF2400033', 1, 'Advance and Expense Request', 1, '2024-06-24 21:13:20'),
	(268, 'Finance Manager', 5, 'RF2400034', 1, 'Advance and Expense Request', 1, '2024-06-27 10:37:32'),
	(269, 'Finance Manager', 5, 'RF2400035', 1, 'Advance and Expense Request', 1, '2024-06-27 08:18:51'),
	(270, 'Finance Manager', 5, 'RF2400033', 1, 'Advance and Expense Request', 0, ''),
	(271, 'Finance Manager', 5, 'RF2400034', 1, 'Advance and Expense Request', 1, '2024-06-27 10:37:32'),
	(272, 'Finance Manager', 5, 'RF2400035', 1, 'Advance and Expense Request', 0, ''),
	(273, 'Finance Manager', 5, 'RF2400036', 1, 'Advance and Expense Request', 1, '2024-06-27 10:45:58'),
	(274, 'Finance Manager', 5, 'RF2400037', 1, 'Advance and Expense Request', 1, '2024-06-27 10:56:48'),
	(275, 'Finance Manager', 5, 'RF2400038', 1, 'Advance and Expense Request', 0, ''),
	(276, 'Asst. Marketing Manager(Digital Marketing)', 50, 'RF2400039', 1, 'Advance and Expense Request', 0, ''),
	(277, 'Finance Manager', 5, 'RF2400040', 1, 'Advance and Expense Request', 0, ''),
	(278, 'Fleet & Admin Executive', 52, 'RF2400041', 1, 'Advance and Expense Request', 0, ''),
	(279, 'Finance Manager', 58, 'RF2400045', 1, 'Advance and Expense Request', 0, ''),
	(280, 'Finance Manager', 63, 'RF2400047', 1, 'Advance and Expense Request', 0, ''),
	(281, 'Finance Manager', 63, 'RF2400048', 1, 'Advance and Expense Request', 0, ''),
	(282, 'Finance Manager', 5, 'RF2400049', 1, 'Advance and Expense Request', 1, '2024-07-04 11:23:18'),
	(283, 'Finance Manager', 5, 'RF2400050', 1, 'Advance and Expense Request', 0, ''),
	(284, 'Finance Manager', 5, 'RF2400051', 1, 'Advance and Expense Request', 1, '2024-07-04 11:37:26'),
	(285, 'Finance Manager', 5, 'RF2400052', 1, 'Advance and Expense Request', 1, '2024-07-04 11:36:20'),
	(286, 'Finance Manager', 5, 'RF2400053', 1, 'Advance and Expense Request', 1, '2024-07-04 13:21:00'),
	(287, 'Finance Manager', 5, 'RF2400055', 1, 'Advance and Expense Request', 1, '2024-07-04 14:28:06'),
	(288, 'Finance Manager', 5, 'RF2400057', 1, 'Advance and Expense Request', 1, '2024-07-04 14:46:33'),
	(289, 'Finance Manager', 5, 'RF2400058', 1, 'Advance and Expense Request', 1, '2024-07-05 09:07:02'),
	(290, 'Finance Manager', 5, 'RF2400060', 1, 'Advance and Expense Request', 1, '2024-07-07 20:02:41'),
	(291, 'Finance Manager', 5, 'RF2400061', 1, 'Advance and Expense Request', 0, ''),
	(292, 'Finance Manager', 5, 'RF2400064', 1, 'Advance and Expense Request', 1, '2024-07-09 16:24:27'),
	(293, 'Finance Manager', 5, 'RF2400067', 1, 'Advance and Expense Request', 1, '2024-07-09 21:54:40'),
	(294, 'Sales Executive', 87, 'RF2400068', 1, 'Advance and Expense Request', 0, '');

-- Dumping structure for table geely_db1.approval_assign
DROP TABLE IF EXISTS `approval_assign`;
CREATE TABLE IF NOT EXISTS `approval_assign` (
  `id` int(11) NOT NULL AUTO_INCREMENT,
  `process` varchar(100) NOT NULL DEFAULT '' COMMENT 'Confirm Order',
  `staff_id` int(11) NOT NULL DEFAULT 0,
  `approval_staff_id` int(11) NOT NULL DEFAULT 0,
  `permission_edit` tinyint(4) NOT NULL DEFAULT 0,
  `order_no` int(11) NOT NULL DEFAULT 0,
  `condition` varchar(50) NOT NULL DEFAULT '' COMMENT 'AND, OR',
  PRIMARY KEY (`id`)
) ENGINE=InnoDB AUTO_INCREMENT=32 DEFAULT CHARSET=latin1 COLLATE=latin1_swedish_ci;

-- Dumping data for table geely_db1.approval_assign: ~19 rows (approximately)
INSERT INTO `approval_assign` (`id`, `process`, `staff_id`, `approval_staff_id`, `permission_edit`, `order_no`, `condition`) VALUES
	(1, 'Confirm Order', 29, 40, 1, 1, 'OR'),
	(2, 'Confirm Order', 29, 2, 0, 2, 'OR'),
	(3, 'Confirm Order', 29, 5, 0, 3, 'OR'),
	(10, 'Confirm Order', 41, 4, 1, 1, 'AND'),
	(11, 'Confirm Order', 41, 2, 0, 2, 'AND'),
	(12, 'Confirm Order', 41, 5, 0, 3, 'AND'),
	(13, 'Confirm Order', 3, 4, 1, 1, 'AND'),
	(14, 'Confirm Order', 3, 2, 0, 2, 'AND'),
	(15, 'Confirm Order', 3, 5, 0, 3, 'AND'),
	(16, 'Advance and Expense Request', 3, 5, 0, 1, 'AND'),
	(17, 'Advance and Expense Request', 3, 43, 0, 2, 'AND'),
	(18, 'Advance and Expense Request', 3, 44, 0, 3, 'AND'),
	(19, 'Confirm Order', 24, 21, 1, 1, 'AND'),
	(20, 'Confirm Order', 24, 2, 1, 2, 'AND'),
	(21, 'Confirm Order', 24, 5, 1, 3, 'AND'),
	(23, 'Advance and Expense Request', 32, 44, 0, 1, 'OR'),
	(24, 'Confirm Order', 32, 51, 0, 3, 'AND'),
	(25, 'Confirm Order', 63, 54, 0, 3, 'AND'),
	(30, 'Advance and Expense Request', 5, 28, 0, 1, 'AND'),
	(31, 'Confirm Order', 5, 51, 0, 1, 'AND');

-- Dumping structure for table geely_db1.bank_account
DROP TABLE IF EXISTS `bank_account`;
CREATE TABLE IF NOT EXISTS `bank_account` (
  `id` int(11) NOT NULL AUTO_INCREMENT,
  `gl_code` varchar(50) NOT NULL DEFAULT '',
  `country` varchar(150) NOT NULL DEFAULT '',
  `bank_name` varchar(150) NOT NULL DEFAULT '',
  `branch` varchar(150) NOT NULL DEFAULT '',
  `swift_code` varchar(150) NOT NULL DEFAULT '',
  `currency` varchar(150) NOT NULL DEFAULT '',
  `account_no` varchar(150) NOT NULL DEFAULT '',
  `account_name` varchar(150) NOT NULL DEFAULT '',
  `account_type` varchar(150) NOT NULL DEFAULT '',
  `opening_balance` float NOT NULL DEFAULT 0,
  `entry_by` varchar(50) NOT NULL DEFAULT '',
  `entry_date_time` varchar(25) NOT NULL DEFAULT '',
  PRIMARY KEY (`id`) USING BTREE
) ENGINE=InnoDB AUTO_INCREMENT=32 DEFAULT CHARSET=utf8mb4 COLLATE=utf8mb4_unicode_ci;

-- Dumping data for table geely_db1.bank_account: ~19 rows (approximately)
INSERT INTO `bank_account` (`id`, `gl_code`, `country`, `bank_name`, `branch`, `swift_code`, `currency`, `account_no`, `account_name`, `account_type`, `opening_balance`, `entry_by`, `entry_date_time`) VALUES
	(1, '3015/004', 'Myanmar', 'AYA', 'Kamayut', 'AYABMMMY', 'MMK', '10004165034', 'U Than Zaw Win', 'Special', 5000000, 'smo', '2023-06-30 14:47:33'),
	(2, '3015/003', 'Myanmar', 'MAB', 'Kamayut', 'MMABMMMY', 'MMK', '0020123002030170015', 'Daw Win Win Myint', 'Saving', 20000000, 'smo', '2023-06-30 14:48:57'),
	(3, '3015/005', 'Myanmar', 'MCB', 'Mayangone', 'MCBLMUMU', 'USD', '000110010004693', 'U Than Zaw Win', 'Saving', 30000, 'smo', '2023-06-30 14:50:16'),
	(4, 'test code 01', 'Myanmar', 'Test Bank', 'test', '123', 'CNY', '123456', 'Test Bank', 'Saving', 500, 'smo', '2024-01-09 10:39:55'),
	(5, 'test 2', 'Singapore', 'ccc', 'sgd branch', '123', 'SGD', '123456789', 'test sgd bank', 'Saving', 500, 'smo', '2023-12-13 02:39:43'),
	(6, 'test 3', 'Myanmar', 'KBZ', 'KBZ', '123', 'MMK', '124125123124', 'KBZ Special', 'Saving', 0, 'smo', '2024-01-09 01:31:21'),
	(7, '111/11', 'Myanmar', 'CB', 'CB', '12345', 'MMK', '12345', 'CB Bank Account', 'Saving', 50000, 'smo', '2024-03-15 10:43:56'),
	(8, '333/123', 'Singapore', 'TT', 'TT', '12345', 'SGD', '1234567890', 'TT Bank', 'Saving', 0, 'smo', '2024-03-15 10:47:00'),
	(9, '7001/0001', 'Singapore', 'DBS', 'West_East', '7001000111', 'SGD', '70010001000123', 'Daw Chan', 'Saving', 500000, 'smo', '2024-03-20 10:45:55'),
	(10, '1003', 'Myanmar', 'AYA', 'Kamaryut', '123', 'MMK', '1234567', 'SM', 'Saving', 50000, 'smo', '2024-03-20 13:09:35'),
	(11, '111/222', 'Myanmar', 'NNK - Bank', 'test', '222', 'SGD', '200100200', 'NNK', 'Saving', 10, 'smo', '2024-03-20 11:50:01'),
	(12, '1004', 'Myanmar', 'KBZ', 'Mayangone', '456', 'SGD', '987', 'Test_SM(KBZ)', 'Saving', 1000, 'smo', '2024-03-20 13:21:55'),
	(13, '1005', 'Myanmar', 'CB', 'Kamaryut', '12345', 'USD', '987456', 'Test_SM(CB)', 'Saving', 1000, 'smo', '2024-03-15 13:40:26'),
	(14, '111/223', 'Myanmar', 'NNK(MM)_Bank', 'Hlaing', '223', 'MMK', '44000222333', 'NNK', 'Special', 100000, 'smo', '2024-03-21 10:00:36'),
	(15, '1006', 'Myanmar', 'MCB ', 'Kamaryut', '12345', 'MMK', '98765', 'SM(Testing)', 'Saving', 1000000, 'smo', '2024-03-22 10:23:51'),
	(16, '1007', 'Myanmar', 'MAB ', 'Kyauktan', '987', 'SGD', '741852', 'Test_KS', 'Saving', 1000, 'smo', '2024-03-22 11:26:02'),
	(17, '999/111', 'Myanmar', 'Testing', 'Test', '111111', 'MMK', '22222222', 'Testing Bank App', 'Saving', 5000, 'smo', '2024-03-25 10:31:33'),
	(18, '1009', 'Myanmar', 'MCB ', 'Kamaryut', '987', 'MMK', '987654', 'SMM', 'Saving', 20200000, 'smo', '2024-04-09 15:39:19'),
	(19, '1010', 'Myanmar', 'AYA', 'Mayangone', '12345', 'MMK', '963', 'Kyaw ', 'Saving', 20585000, 'smo', '2024-04-09 15:41:47'),
	(21, '7777', 'Myanmar', 'gg', 'gg', 'gg', 'MMK', 'gg', 'gg', 'gg', 0, 'smo', '2024-04-01 15:54:10'),
	(22, '1008', 'Myanmar', 'asd', 'fdsfqw', 'asd', 'MMK', 'awseq1351r3', 'qaweqwrq', 'qfef', 0, 'smo', '2024-04-01 16:17:54'),
	(23, '1011', 'Myanmar', 'AYA ', 'Mayangone', '12345', 'MMK', '97', 'Kyaw', 'Saving', 500000, 'smo', '2024-04-03 09:06:41'),
	(24, '1012', 'Myanmar', 'AYA', 'Kamaryut', '123', 'SGD', '987741', 'Aye Su', 'Saving', 1000, 'smo', '2024-04-03 10:46:41'),
	(25, '1013', 'Myanmar', 'CB', 'Kamaryut', '12', 'MMK', '147', 'Aung Ko', 'Saving', 100000, 'smo', '2024-04-03 10:48:27'),
	(26, '1014', 'Myanmar', 'AYA', 'Kamaryut', '123', 'MMK', '321', 'Yee Moh', 'Saving', 500000, 'smo', '2024-04-04 09:35:11'),
	(27, '9715', 'Myanmar', 'AYA ', 'Mayangone', '987', 'MMK', '99999', 'Yati', 'Saving', 500000, 'smo', '2024-04-09 10:49:42'),
	(28, '980', 'Myanmar', 'Cherry', 'Mayangone', '987', 'MMK', '987410', 'Cherry', 'Saving', 500000, 'smo', '2024-04-12 10:06:55'),
	(29, '987987', 'Myanmar', 'AYA', 'Mayangone', '77777', 'MMK', '147258', 'Nay Yie', 'Saving', 500000, 'smo', '2024-06-07 15:18:34'),
	(30, '963852', 'Myanmar', 'AYA ', 'Mayangone', '123456', 'MMK', '987654321', 'Ei Wai Tun', 'Saving', 500000, 'smo', '2024-06-08 17:06:22'),
	(31, '987654', 'Myanmar', 'AYA', 'Mayangone', '77777', 'MMK', '741', 'Myat Thazin', 'Saving', 300000, 'smo', '2024-06-10 09:40:57');

-- Dumping structure for table geely_db1.bank_account_transfer
DROP TABLE IF EXISTS `bank_account_transfer`;
CREATE TABLE IF NOT EXISTS `bank_account_transfer` (
  `id` int(11) NOT NULL AUTO_INCREMENT,
  `gl_code_from` varchar(50) NOT NULL DEFAULT '',
  `account_from` varchar(100) NOT NULL DEFAULT '',
  `gl_code_to` varchar(50) NOT NULL DEFAULT '',
  `account_to` varchar(100) NOT NULL DEFAULT '',
  `date` varchar(50) NOT NULL DEFAULT '',
  `amount_from` float NOT NULL DEFAULT 0,
  `amount_to` float NOT NULL DEFAULT 0,
  `exchange_rate` float NOT NULL DEFAULT 0,
  `upload_receipt` varchar(255) NOT NULL DEFAULT '',
  `voucher_no` varchar(50) NOT NULL DEFAULT '',
  `description` text NOT NULL DEFAULT '',
  `entry_by` varchar(100) NOT NULL DEFAULT '',
  `entry_date_time` varchar(100) NOT NULL DEFAULT '',
  PRIMARY KEY (`id`) USING BTREE
) ENGINE=InnoDB AUTO_INCREMENT=42 DEFAULT CHARSET=utf8mb4 COLLATE=utf8mb4_unicode_ci;

-- Dumping data for table geely_db1.bank_account_transfer: ~36 rows (approximately)
INSERT INTO `bank_account_transfer` (`id`, `gl_code_from`, `account_from`, `gl_code_to`, `account_to`, `date`, `amount_from`, `amount_to`, `exchange_rate`, `upload_receipt`, `voucher_no`, `description`, `entry_by`, `entry_date_time`) VALUES
	(1, '3015/004', '10004165034', '3015/005', '000110010004693', '2023-06-30', 1000000, 350, 2857.14, '2023-06-30 15-20-35.png', '', '', 'smo', '2023-06-30 15:20:35'),
	(2, '3015/004', '10004165034', '3015/005', '000110010004693', '2023-07-18', 300000, 100, 3000, '2023-07-18 00-59-07.jpg', '', '', 'smo', '2023-07-18 00:59:07'),
	(3, '3015/005', '000110010004693', 'test code 01', '123456', '2023-07-18', 2, 5000, 2500, '2023-07-18 01-48-37.jpg', '', '', 'smo', '2023-07-18 01:48:37'),
	(4, '3015/005', '000110010004693', '3015/004', '10004165034', '2024-01-05', 50, 135000, 2700, '2024-01-05 10-20-46.jpg', '', '', 'smo', '2024-01-05 10:20:46'),
	(5, '3015/004', '10004165034', 'test 2', '123456789', '2024-02-23', 50000, 200, 250, '2024-02-23 10-27-41.jpg', '', '', 'smo', '2024-02-23 10:27:41'),
	(6, '3015/004', '10004165034', '3015/003', '0020123002030170015', '2024-03-11', 5000, 45, 0, '2024-03-11 13-39-04.jpg', '', '', 'smo', '2024-03-11 13:39:04'),
	(7, '111/11', '12345', '333/123', '1234567890', '2024-03-15', 20000, 5, 4000, '2024-03-15 10-51-20.jpg', '', '', 'smo', '2024-03-15 10:51:20'),
	(8, '3015/004', '10004165034', 'test 3', '124125123124', '2024-03-18', 5000, 5000, 0, '2024-03-18 14-16-20.PNG', '', '', 'smo', '2024-03-18 14:16:20'),
	(9, '111/11', '12345', '3015/004', '10004165034', '2024-03-18', 5000, 5000, 0, '2024-03-18 14-20-24.PNG', '', '', 'smo', '2024-03-18 14:20:24'),
	(10, '3015/004', '10004165034', 'test 3', '124125123124', '2024-03-19', 10000, 10000, 0, '2024-03-19 10-03-21.PNG', '', '', 'smo', '2024-03-19 10:03:21'),
	(11, 'test 2', '123456789', '3015/004', '10004165034', '2024-03-19', 100, 50000, 500, '2024-03-19 11-40-10.PNG', '', '', 'smo', '2024-03-19 11:40:10'),
	(12, '3015/004', '10004165034', '333/123', '1234567890', '2024-03-19', 20000, 10, 2000, '2024-03-19 14-08-35.jpg', '', '', 'smo', '2024-03-19 14:08:35'),
	(13, '333/123', '1234567890', '111/222', '200100200', '2024-03-20', 15, 15, 0, '2024-03-20 11-51-09.jpg', '', '', 'smo', '2024-03-20 11:51:09'),
	(14, '1003', '1234567', '111/222', '200100200', '2024-03-20', 10000, 5, 2000, '2024-03-20 11-52-02.jpg', '', '', 'smo', '2024-03-20 11:52:02'),
	(15, '7001/0001', '70010001000123', '111/222', '200100200', '2024-03-20', 500, 500, 0, '2024-03-20 13-09-48.jpg', '', '', 'smo', '2024-03-20 13:09:48'),
	(16, '1004', '987', '1003', '1234567', '2024-03-20', 10, 25000, 2500, '2024-03-20 13-25-35.PNG', '', '', 'smo', '2024-03-20 13:25:35'),
	(17, '1003', '1234567', '111/11', '12345', '2024-03-20', 1000, 1000, 0, '2024-03-20 13-27-17.png', '', '', 'smo', '2024-03-20 13:27:17'),
	(18, '3015/004', '10004165034', '3015/005', '000110010004693', '2024-03-20', 300000, 3000, 100, '2024-03-20 13-49-34.png', '', '', 'smo', '2024-03-20 13:49:34'),
	(19, '1006', '98765', '1003', '1234567', '2024-03-22', 100000, 100000, 0, '2024-03-22 10-35-39.PNG', '', '', 'smo', '2024-03-22 10:35:39'),
	(20, '1006', '98765', '111/11', '12345', '2024-03-22', 100000, 100000, 1, '2024-03-22 10-58-45.jpg', '', '', 'smo', '2024-03-22 10:58:45'),
	(21, '1007', '741852', '1003', '1234567', '2024-03-22', 10, 25000, 2500, '2024-03-22 11-28-25.PNG', '', '', 'smo', '2024-03-22 11:28:25'),
	(22, '111/223', '44000222333', '111/222', '200100200', '2024-03-22', 60000, 20, 3000, '2024-03-22 11-47-23.jpg', '', '', 'smo', '2024-03-22 11:47:23'),
	(23, '3015/005', '000110010004693', '999/111', '22222222', '2024-03-25', 10, 40000, 4000, '2024-03-25 10-42-38.jpg', '', '', 'smo', '2024-03-25 10:42:38'),
	(24, '7001/0001', '70010001000123', '111/222', '200100200', '2024-03-25', 100, 100, 0, '2024-03-25 10-43-48.jpg', '', '', 'smo', '2024-03-25 10:43:48'),
	(25, '111/222', '200100200', '111/223', '44000222333', '2024-03-26', 100, 350000, 3500, '2024-03-26 14-23-30.jpg', '', '', 'smo', '2024-03-26 14:23:30'),
	(26, '111/222', '200100200', '1007', '741852', '2024-03-26', 10, 10, 0, '2024-03-26 14-25-58.jpg', '', '', 'smo', '2024-03-26 14:25:58'),
	(27, '1007', '741852', '111/222', '200100200', '2024-03-26', 10, 10, 0, '2024-03-26 14-27-03.jpg', '', '', 'smo', '2024-03-26 14:27:03'),
	(28, '1003', '1234567', '3015/004', '10004165034', '2024-03-29', 9000, 9000, 0, '2024-03-29 11-31-34.jpg', '', '', 'smo', '2024-03-29 11:31:34'),
	(29, '1009', '987654', '1004', '987', '2024-03-29', 50000, 10, 5000, '2024-03-29 15-36-49.PNG', '', '', 'smo', '2024-03-29 15:36:49'),
	(30, '1004', '987', '1009', '987654', '2024-03-29', 1000, 1000000, 1000, '2024-03-29 16-03-14.PNG', '', '', 'smo', '2024-03-29 16:03:14'),
	(31, '7001/0001', '70010001000123', 'test 3', '124125123124', '2024-03-30', 100, 300000, 3000, '2024-03-30 10-19-48.jpg', 'brn098', 'test', 'smo', '2024-03-30 10:19:48'),
	(32, '1009', '987654', '1010', '963', '2024-04-01', 3000000, 3000000, 0, '2024-04-01 11-24-34.PNG', '123', '', 'smo', '2024-04-01 11:24:34'),
	(33, '1009', '987654', '1011', '97', '2024-04-03', 8000000, 8000000, 0, '2024-04-03 09-11-50.PNG', '97', '', 'smo', '2024-04-03 09:11:50'),
	(34, '1011', '97', '1008', 'awseq1351r3', '2024-04-03', 100000, 100000, 0, '2024-04-03 11-44-23.PNG', '123', '', 'smo', '2024-04-03 11:44:23'),
	(35, '1008', 'awseq1351r3', '1011', '97', '2024-04-03', 10000, 10000, 0, '2024-04-03 15-38-17.PNG', '123', '', 'smo', '2024-04-03 15:38:17'),
	(36, '1011', '97', '1010', '963', '2024-04-03', 50000, 50000, 0, '2024-04-03 15-39-49.PNG', '12', '', 'smo', '2024-04-03 15:39:49'),
	(37, '1010', '963', '111/11', '12345', '2024-04-03', 50000, 50000, 0, '2024-04-03 16-10-53.PNG', '123', '', 'smo', '2024-04-03 16:10:53'),
	(38, '1011', '97', '1014', '321', '2024-04-04', 50000, 50000, 0, '2024-04-04 09-38-29.PNG', '12', 'first time transfer', 'smo', '2024-04-04 09:38:29'),
	(39, '1008', 'awseq1351r3', '1010', '963', '2024-04-09', 5000, 5000, 0, '2024-04-09 09-38-16.jpg', 'v87654321', 'tesy', 'smo', '2024-04-09 09:38:16'),
	(40, '1010', '963', '1011', '97', '2024-04-09', 10000, 10000, 0, '2024-04-09 10-47-34.PNG', '123', '', 'smo', '2024-04-09 10:47:34'),
	(41, '1006', '98765', '9715', '99999', '2024-06-10', 100000, 5000, 0, '2024-06-10 16-30-10.PNG', '12345', '', 'smo', '2024-06-10 16:30:10');

-- Dumping structure for table geely_db1.brand
DROP TABLE IF EXISTS `brand`;
CREATE TABLE IF NOT EXISTS `brand` (
  `id` int(11) NOT NULL AUTO_INCREMENT,
  `brand` varchar(255) NOT NULL DEFAULT '',
  PRIMARY KEY (`id`) USING BTREE
) ENGINE=InnoDB AUTO_INCREMENT=9 DEFAULT CHARSET=utf8mb4 COLLATE=utf8mb4_unicode_ci;

-- Dumping data for table geely_db1.brand: ~8 rows (approximately)
INSERT INTO `brand` (`id`, `brand`) VALUES
	(1, 'Geely'),
	(2, 'FAW'),
	(3, 'T'),
	(4, 'TTTT'),
	(5, 'TEST B'),
	(6, 'CC'),
	(7, 'ZEEKR'),
	(8, 'PAL');

-- Dumping structure for table geely_db1.broker
DROP TABLE IF EXISTS `broker`;
CREATE TABLE IF NOT EXISTS `broker` (
  `id` int(11) NOT NULL AUTO_INCREMENT,
  `registration_no` varchar(50) NOT NULL DEFAULT '',
  `name` varchar(150) NOT NULL DEFAULT '',
  `gender` tinyint(1) NOT NULL DEFAULT 0,
  `dob` varchar(25) NOT NULL DEFAULT '',
  `nrc_no` varchar(50) NOT NULL DEFAULT '',
  `phone` varchar(50) NOT NULL DEFAULT '',
  `email` varchar(100) NOT NULL DEFAULT '',
  `address` text NOT NULL,
  `bank_account` varchar(100) NOT NULL DEFAULT '',
  `company` varchar(200) NOT NULL DEFAULT '',
  `register_date` varchar(25) NOT NULL DEFAULT '',
  `entry_by` varchar(100) NOT NULL DEFAULT '',
  `entry_date_time` varchar(25) NOT NULL DEFAULT '',
  PRIMARY KEY (`id`) USING BTREE
) ENGINE=MyISAM AUTO_INCREMENT=35 DEFAULT CHARSET=utf8mb4 COLLATE=utf8mb4_unicode_ci;

-- Dumping data for table geely_db1.broker: 29 rows
/*!40000 ALTER TABLE `broker` DISABLE KEYS */;
INSERT INTO `broker` (`id`, `registration_no`, `name`, `gender`, `dob`, `nrc_no`, `phone`, `email`, `address`, `bank_account`, `company`, `register_date`, `entry_by`, `entry_date_time`) VALUES
	(1, 'G.B-001', 'U Khin Maung', 0, '', '12/BaTaHta(N)031916', '09448013702', '', '', '', '', '2022-08-11', 'thk', '2022-08-11 10:21:28'),
	(2, 'G.B-002', 'Ko Naung Min Tun', 0, '', '5/PaLaNa(N)060724', '09420769452', '', '', '', '', '2022-08-11', 'thk', '2022-08-11 10:22:03'),
	(3, 'G.B-003', 'Ko Johny', 0, '', '6/MaAhYa(N)084242', '09671024555', '', '', '', '', '2022-08-11', 'thk', '2022-08-11 10:22:48'),
	(4, 'G.B-004', 'Ko Thiha Zaw', 0, '', '9/KhaAhZa(N)014284', '09962039352', '', '', '', '', '2022-08-11', 'thk', '2022-08-11 10:23:21'),
	(5, 'G.B-005', 'U Sai Lin Han', 0, '', '13/LaYaNa(N)121725', '095230455', '', '', '', '', '2022-08-11', 'thk', '2022-08-11 10:23:55'),
	(6, 'G.B-006', 'U Myat Htut Khaung', 0, '', '13/MaMaTa(N)043479', '09953000213', '', '', '', '', '2022-08-11', 'thk', '2022-08-11 10:24:24'),
	(7, 'G.B-007', 'Ko Min Thu', 0, '', '8/YaNaKha(N)110042', '09444435476', '', '', '', '', '2022-08-11', 'thk', '2022-08-11 10:24:52'),
	(8, 'G.B-008', 'U Arr Yin', 0, '', '13/KaTaTa(N)013914', '09429263044', '', '', '', '', '2022-08-11', 'thk', '2022-08-11 10:25:24'),
	(9, 'G.B-009', 'May Phoo Nyan', 1, '', '12/LaMaNa(N)144419', '09797007564', '', '', '', '', '2022-08-11', 'thk', '2022-08-11 10:25:55'),
	(10, 'G.B-010', 'Ko Oscar Maung @ Willian', 0, '', '12/LaMaTa(N)034100', '09778086222', '', '', '', '', '2022-08-11', 'thk', '2022-08-11 10:26:29'),
	(11, 'G.B-011', 'Daw Khin Thein', 1, '', '12/LaMaNa(N)053760', '09421090990', '', '', '', '', '2022-08-11', 'thk', '2022-08-11 10:26:59'),
	(12, 'G.B-012', 'U Nyunt Oo', 0, '', '7/WaMaNa(P)107533', '09960989919', '', '', '', '', '2022-08-11', 'thk', '2022-08-11 10:27:29'),
	(13, 'G.B-013', 'U Hla Myo Tun', 0, '', '12/LaThaYa(N)061551', '09421013643', '', '', '', '', '2022-08-11', 'thk', '2022-08-11 10:27:59'),
	(14, 'G.B-014', 'U Ko Ko Htwe', 0, '', '5/MaYaNa(N)003272', '092033917', '', '', '', '', '2022-08-11', 'thk', '2022-08-11 10:28:24'),
	(15, 'G.B-015', 'U Aung Kyaw Tun', 0, '', '9/KhaAhZa(N)016574', '09792288888', '', '', '', '', '2022-08-11', 'thk', '2022-08-11 10:28:51'),
	(16, 'G.B-016', 'U Win Hlaing', 0, '', '7/MaLaNa(N)000008', '09974747999', '', '', '', '', '2022-08-11', 'thk', '2022-08-11 10:29:50'),
	(17, 'G.B-017', 'U Lin Htet Naing', 0, '', '13/LaYaNa(N)134123', '09776776775', '', '', '', '', '2022-08-11', 'thk', '2022-08-11 10:30:17'),
	(18, 'G.B-018', 'U Yé Arkar', 0, '', '12/LaKaNa(N)146811', '', '', '', '', '', '2022-08-11', 'thk', '2022-08-11 10:31:17'),
	(19, 'G.B-019', 'Ko Myo Thant Swe', 0, '', '12/LaMaTa(N)029373', '095047500', '', '', '', '', '2022-08-11', 'thk', '2022-08-11 10:32:50'),
	(20, 'G.B-020', 'Ko Phyo Wai Paing', 0, '', '9/AhMaZa(N)045068', '09974102499', '', '', '', '', '2022-08-11', 'thk', '2022-08-11 10:33:17'),
	(21, 'G.B-021', 'Tester ', 1, '1996-08-04', '5/KhaOuNa(N)123456', '959595959', '', 'QWERT', '', 'Tester Comp', '2022-08-25', 'thk', '2022-08-25 11:06:31'),
	(28, 'G.B-024', 'gugugargar', 0, '2022-06-04', '13/HaPaTa(N)12122', '097786637', 'qttt@gmail.com', 'QTTTT', '', 'ncpacpl', '2023-03-30', 'cluspedia', '2023-03-28 13:47:54'),
	(24, 'G.B-023', 'Zaw Zaw', 0, '2023-02-29', '12/BaHaNa(N)107865', '09SSSDDAA@@@', 'helloworld', 'Under the sea', '', 'CNN', '2023-03-15', 'sm_test', '2023-03-15 15:08:43'),
	(29, 'G.B-025', 'Sein', 0, '1999-01-27', '10/LaMaNa(N)221200', '09778865537', 'sein@gmail.com', 'hahahaha', '', 'GMC', '2023-03-30', 'cluspedia', '2023-03-30 11:09:11'),
	(30, 'G.B-026', 'SEIN', 0, '2023-06-27', '14/AhGaPa(N)121212', '121212', 'seinbo2013@gmail.com', '121222', '', 'Bakersfield', '2023-03-28', 'cluspedia', '2023-03-30 11:30:21'),
	(31, 'G.B-027', 'Daw Mya Mya', 0, '1983-03-03', '12/KaMaYa(N)123123', '09776655432', 'mya@gmail.com', 'Kamayut', '', 'CDSG', '2023-06-28', 'dyy', '2023-06-28 14:32:04'),
	(32, 'G.B-028', 'Ko Aung Ko Oo', 0, '1999-06-07', '6/KaSaNa(N)123456', '098765432345', 'ako@gmail.com', 'Kamayut', '', 'B Company', '2023-07-25', 'hhys', '2023-07-25 14:01:15'),
	(33, 'G.B-029', 'HNI', 0, '2016-08-11', '5/DaHaNa(N)658236', '0932569815', 'HNI@PAL.COM.MM', 'ADDRESS TEST', '', 'JIOJIONK', '2023-07-28', 'hhys', '2023-07-28 20:37:25'),
	(34, 'G.B-030', 'NUONUO', 1, '2020-02-09', '14/KaPaTa(N)456325', '09856236', 'NUONUO@PAL.COM.MM', 'ADDRESS TES', '', 'CAE', '2023-07-28', 'hhys', '2023-07-28 20:41:05');
/*!40000 ALTER TABLE `broker` ENABLE KEYS */;

-- Dumping structure for table geely_db1.broker_bank_account
DROP TABLE IF EXISTS `broker_bank_account`;
CREATE TABLE IF NOT EXISTS `broker_bank_account` (
  `id` int(11) NOT NULL AUTO_INCREMENT,
  `broker_id` int(11) NOT NULL DEFAULT 0,
  `name` varchar(150) NOT NULL DEFAULT '',
  `account_no` varchar(100) NOT NULL DEFAULT '',
  PRIMARY KEY (`id`)
) ENGINE=InnoDB AUTO_INCREMENT=14 DEFAULT CHARSET=utf8mb4 COLLATE=utf8mb4_unicode_ci;

-- Dumping data for table geely_db1.broker_bank_account: ~13 rows (approximately)
INSERT INTO `broker_bank_account` (`id`, `broker_id`, `name`, `account_no`) VALUES
	(1, 22, 'wppp0000000', '11111111111111'),
	(2, 24, 'aung zaw', 'fsd99000'),
	(3, 25, 'gdrgdfgfd', 'bvxcbxc'),
	(4, 26, 'fdsafs', '35252'),
	(5, 27, 'i9uigyf', '9087654'),
	(6, 28, 'kokogyi', '121222'),
	(7, 29, 'MCB', '8192810244221'),
	(8, 30, 'test', '1212121'),
	(9, 31, 'AYA', '10007777111'),
	(10, 32, 'AYA', 'a1234567890'),
	(11, 33, 'SAVE', 'DS98256'),
	(12, 34, 'NIO854236', '55DA66'),
	(13, 34, '658PO', '5422DA69');

-- Dumping structure for table geely_db1.car_additional_charges
DROP TABLE IF EXISTS `car_additional_charges`;
CREATE TABLE IF NOT EXISTS `car_additional_charges` (
  `id` int(11) NOT NULL AUTO_INCREMENT,
  `vin_no` varchar(50) NOT NULL DEFAULT '',
  `reason` varchar(250) NOT NULL,
  `remark` text NOT NULL DEFAULT '',
  `amount` int(11) NOT NULL DEFAULT 0,
  `entry_by` varchar(25) NOT NULL DEFAULT '',
  `entry_date_time` varchar(25) NOT NULL DEFAULT '',
  PRIMARY KEY (`id`) USING BTREE
) ENGINE=InnoDB AUTO_INCREMENT=14 DEFAULT CHARSET=utf8mb4 COLLATE=utf8mb4_unicode_ci ROW_FORMAT=DYNAMIC;

-- Dumping data for table geely_db1.car_additional_charges: ~8 rows (approximately)
INSERT INTO `car_additional_charges` (`id`, `vin_no`, `reason`, `remark`, `amount`, `entry_by`, `entry_date_time`) VALUES
	(3, 'V6523', 'vv', 'ccccc', 100000, 'smo', '2024-03-14 22:49:07'),
	(4, 'VN1256', 'ddddd', 'mmmmmm', 95000, 'smo', '2024-03-14 22:49:07'),
	(5, '20', 'Test', 'Test', 10000, 'smo', '2024-03-20 14:56:09'),
	(6, '20', 'Test', 'test', 10000, 'smo', '2024-03-21 10:04:21'),
	(7, 'V5623', 'dammage', 'dammage', 5000, 'smo', '2024-03-25 11:27:16'),
	(8, 'V5465', 'dammage', 'test', 4500, 'smo', '2024-03-28 14:57:34'),
	(9, 'KMHDH4AEXFU320550', 'dammage', 'Testig', 10000, 'smo', '2024-04-03 17:06:21'),
	(10, 'V591561', 'Test', 'Testing', 100000, 'smo', '2024-04-03 17:15:19'),
	(11, 'VN2563', 'ddddd', 'fdgdgd', 50000, 'smo', '2024-04-09 15:01:25'),
	(12, 'V6545', 'dammage', 'gyregs', 1000, 'smo', '2024-04-09 15:03:56'),
	(13, '1261251', 'Test', '', 10000, 'smo', '2024-06-08 17:17:27');

-- Dumping structure for table geely_db1.car_additional_charges_reason
DROP TABLE IF EXISTS `car_additional_charges_reason`;
CREATE TABLE IF NOT EXISTS `car_additional_charges_reason` (
  `id` int(11) NOT NULL AUTO_INCREMENT,
  `reason` varchar(250) NOT NULL DEFAULT '',
  PRIMARY KEY (`id`) USING BTREE
) ENGINE=InnoDB AUTO_INCREMENT=6 DEFAULT CHARSET=utf8mb4 COLLATE=utf8mb4_unicode_ci;

-- Dumping data for table geely_db1.car_additional_charges_reason: ~2 rows (approximately)
INSERT INTO `car_additional_charges_reason` (`id`, `reason`) VALUES
	(1, 'vv'),
	(2, 'ddddd'),
	(3, 'Transport'),
	(4, 'Test'),
	(5, 'dammage');

-- Dumping structure for table geely_db1.car_list
DROP TABLE IF EXISTS `car_list`;
CREATE TABLE IF NOT EXISTS `car_list` (
  `id` int(11) NOT NULL AUTO_INCREMENT,
  `brand` varchar(255) NOT NULL DEFAULT '',
  `model` varchar(255) NOT NULL DEFAULT '',
  `model_year` varchar(100) NOT NULL DEFAULT '',
  `grade_id` int(11) NOT NULL DEFAULT 0,
  `grade` varchar(255) NOT NULL DEFAULT '',
  `engine_power` varchar(255) NOT NULL DEFAULT '',
  `interior_color` varchar(255) NOT NULL DEFAULT '',
  `exterior_color` varchar(255) NOT NULL DEFAULT '',
  PRIMARY KEY (`id`) USING BTREE
) ENGINE=InnoDB AUTO_INCREMENT=31 DEFAULT CHARSET=utf8mb4 COLLATE=utf8mb4_unicode_ci;

-- Dumping data for table geely_db1.car_list: ~19 rows (approximately)
INSERT INTO `car_list` (`id`, `brand`, `model`, `model_year`, `grade_id`, `grade`, `engine_power`, `interior_color`, `exterior_color`) VALUES
	(1, 'Geely', 'Azkarra', '2020', 1, 'GF', '1.5L', 'Orange + Black', 'White'),
	(2, 'Geely', 'Azkarra', '2020', 1, 'GF', '1.5L', 'Red + Black', 'Black'),
	(3, 'Geely', 'Coolray', '2020', 1, 'GF', '1.5L, TD 7DCT, Petrol', 'Red + Black', 'White'),
	(4, 'Geely', 'Coolray', '2020', 3, 'GF', '1.5L, TD 7DCT, Petrol', 'Red + Black', 'Black'),
	(5, 'Geely', 'Coolray', '2020', 6, 'GS', '1.5L', 'Red + Black', 'Black'),
	(6, 'Geely', 'Coolray', '2020', 4, 'GC', '1.5L, TD 7DCT, Petrol', 'Red + Black', 'White'),
	(7, 'Geely', 'Geometry C', '2023', 9, 'Highest', '150 kW', 'Black', 'Black'),
	(8, 'Geely', 'Geometry C', '2023', 9, 'Highest', '150 kW', 'Black', 'Silver'),
	(9, 'Geely', 'Geometry C', '2023', 9, 'Highest', '150 kW', 'Black', 'White'),
	(10, 'Geely', 'Geometry E', '2023', 10, 'Highest', '60 kW', 'Black', 'Green'),
	(11, 'Geely', 'Geometry E', '2023', 10, 'Highest', '60 kW', 'Black', 'White'),
	(12, 'Geely', 'Geometry D', '2023', 11, 'Highest', '160kW', 'Black', 'Black'),
	(13, 'Geely', 'Geometry D', '2023', 11, 'Highest', '160kW', 'Black', 'Silver'),
	(14, 'Geely', 'Geometry D', '2023', 11, 'Highest', '160kW', 'orange', 'Silver'),
	(15, 'Geely', 'Geometry F', '2023', 12, 'Highest', '60kW', 'Black', 'White'),
	(16, 'Geely', 'Geometry F', '2023', 12, 'Highest', '60kW', 'Black', 'Green'),
	(17, 'TTTT', 'Beetle', '2023', 17, 'G1', '1.5L, TD 7DCT, Petrol', 'Orange + Black', 'Silver'),
	(18, 'T', 'mini van', '2020', 13, 'test grade', '1.3L, Transmission 5, EV', 'Orange + Black', 'Green'),
	(19, 'T', 'Camry', '2023', 16, 'GA', '	1.5L', 'Black', 'Black'),
	(20, 'TTTT', 'mini van', '2020', 13, 'test grade', '1.3L, Transmission 5, EV', 'Red + Black', 'Silver'),
	(21, 'TEST B', 'momo', '2020', 19, 'Highest', '	1.5 PP', 'Orange + Black', 'Silver'),
	(22, 'TTTT', 'mini van', '2020', 15, 'GTTTT', '160kW', 'Red + Black', 'Green'),
	(23, 'TEST B', 'SUNM', '2023', 21, 'Normal', '1.3L, Transmission 5, EV', 'Black', 'Black'),
	(24, 'Geely', 'Coolray', '2020', 23, 'GA', '1.5L, TD 7DCT, Petrol', 'Orange + Black', 'Black'),
	(25, 'Geely', 'Coolray', '2023', 27, '9', '9', 'Red + Black', 'Black + Red'),
	(26, 'T', 'Camry', '2023', 16, 'GA', '	1.5L', 'Red + Black', 'Black + Red'),
	(27, 'Geely', 'Geometry F', '2023', 29, 'AAAAA', '3', 'Red + Black', 'Silver'),
	(28, 'Geely', 'BBBBB', '2023', 30, 'MMMM', '2', 'Orange + Black', 'Silver'),
	(29, 'Geely', 'BBBBB', '2023', 30, 'MMMM', '2', 'Black', 'Black'),
	(30, 'CC', 'Sport', '2022', 31, 'AT', '1.5', 'Black', 'Blue');

-- Dumping structure for table geely_db1.car_outbound_transfer
DROP TABLE IF EXISTS `car_outbound_transfer`;
CREATE TABLE IF NOT EXISTS `car_outbound_transfer` (
  `id` int(11) NOT NULL AUTO_INCREMENT,
  `car_stock_id` int(11) NOT NULL DEFAULT 0,
  `from_to` varchar(100) NOT NULL DEFAULT '',
  `transfer_date` varchar(50) NOT NULL DEFAULT '',
  `estimated_arrival_date` varchar(50) NOT NULL DEFAULT '',
  `transporter_name` varchar(150) NOT NULL DEFAULT '',
  `transporter_phone` varchar(50) NOT NULL DEFAULT '',
  `location` varchar(150) NOT NULL DEFAULT '',
  `entry_by` varchar(50) NOT NULL DEFAULT '',
  `entry_date_time` varchar(50) NOT NULL DEFAULT '',
  PRIMARY KEY (`id`) USING BTREE
) ENGINE=InnoDB AUTO_INCREMENT=201 DEFAULT CHARSET=utf8mb4 COLLATE=utf8mb4_unicode_ci;

-- Dumping data for table geely_db1.car_outbound_transfer: ~182 rows (approximately)
INSERT INTO `car_outbound_transfer` (`id`, `car_stock_id`, `from_to`, `transfer_date`, `estimated_arrival_date`, `transporter_name`, `transporter_phone`, `location`, `entry_by`, `entry_date_time`) VALUES
	(1, 1, 'Factory to Shipment', '2023-06-20', '2023-06-25', '', '', '', 'aas', '2023-06-20 11:48:01'),
	(2, 1, 'RGN Port to Inhouse', '2023-06-20', '', 'Min Min', '09239495032', 'Ygn Main Show Room', 'aas', '2023-06-20 11:50:47'),
	(3, 3, 'Factory to Shipment', '2023-06-23', '2023-06-23', '', '', '', 'aas', '2023-06-23 12:40:22'),
	(4, 4, 'Factory to Shipment', '2023-06-23', '2023-06-23', '', '', '', 'aas', '2023-06-23 12:40:22'),
	(5, 2, 'Factory to Shipment', '2023-06-25', '2023-06-25', '', '', '', 'aas', '2023-06-25 04:04:33'),
	(6, 2, 'RGN Port to Bounded Warehouse', '2023-06-25', '', '', '', '', 'aas', '2023-06-25 04:15:49'),
	(7, 7, 'Factory to Shipment', '2023-06-25', '2023-06-25', '', '', '', 'aas', '2023-06-25 04:17:30'),
	(8, 7, 'RGN Port to Bounded Warehouse', '2023-06-25', '', '', '', '', 'aas', '2023-06-25 04:23:54'),
	(9, 2, 'RGN Port to Inhouse', '2023-06-25', '', 'Sonic', '09123456', 'Mandalay', 'aas', '2023-06-25 04:26:40'),
	(10, 7, 'Bounded Warehouse to Inhouse', '2023-06-25', '', 'Sonic', '09123456', 'Mandalay', 'aas', '2023-06-25 04:30:13'),
	(11, 5, 'Factory to Shipment', '2023-06-26', '2023-06-30', '', '', '', 'saa', '2023-06-26 22:00:44'),
	(12, 3, 'RGN Port to Inhouse', '2023-06-26', '', 'Aung Aung', '0922277869', 'Capital Hypermarket', 'saa', '2023-06-26 22:09:11'),
	(13, 5, 'RGN Port to Inhouse', '2023-06-26', '', 'Aung Aung', '0922277869', 'Capital Hypermarket', 'saa', '2023-06-26 22:09:11'),
	(14, 4, 'RGN Port to Inhouse', '2023-06-26', '', 'Aung Aung', '0922277869', 'Capital Hypermarket', 'saa', '2023-06-26 22:09:11'),
	(15, 6, 'Factory to Shipment', '2023-07-03', '2023-07-03', '', '', '', 'aas', '2023-07-03 10:23:41'),
	(16, 8, 'Factory to Shipment', '2023-07-03', '2023-07-03', '', '', '', 'aas', '2023-07-03 10:23:41'),
	(17, 9, 'Factory to Shipment', '2023-07-03', '2023-07-03', '', '', '', 'aas', '2023-07-03 10:23:41'),
	(18, 10, 'Factory to Shipment', '2023-07-03', '2023-07-03', '', '', '', 'aas', '2023-07-03 10:23:41'),
	(19, 11, 'Factory to Shipment', '2023-07-03', '2023-07-03', '', '', '', 'aas', '2023-07-03 10:23:41'),
	(20, 12, 'Factory to Shipment', '2023-07-03', '2023-07-03', '', '', '', 'aas', '2023-07-03 10:23:41'),
	(21, 13, 'Factory to Shipment', '2023-07-03', '2023-07-03', '', '', '', 'aas', '2023-07-03 10:23:41'),
	(22, 14, 'Factory to Shipment', '2023-07-03', '2023-07-03', '', '', '', 'aas', '2023-07-03 10:23:41'),
	(23, 15, 'Factory to Shipment', '2023-07-03', '2023-07-03', '', '', '', 'aas', '2023-07-03 10:23:41'),
	(24, 16, 'Factory to Shipment', '2023-07-03', '2023-07-03', '', '', '', 'aas', '2023-07-03 10:23:41'),
	(25, 17, 'Factory to Shipment', '2023-07-03', '2023-07-03', '', '', '', 'aas', '2023-07-03 10:23:41'),
	(26, 18, 'Factory to Shipment', '2023-07-03', '2023-07-03', '', '', '', 'aas', '2023-07-03 10:23:41'),
	(27, 19, 'Factory to Shipment', '2023-07-03', '2023-07-03', '', '', '', 'aas', '2023-07-03 10:23:41'),
	(28, 20, 'Factory to Shipment', '2023-07-03', '2023-07-03', '', '', '', 'aas', '2023-07-03 10:23:41'),
	(29, 21, 'Factory to Shipment', '2023-07-03', '2023-07-03', '', '', '', 'aas', '2023-07-03 10:23:41'),
	(30, 22, 'Factory to Shipment', '2023-07-03', '2023-07-03', '', '', '', 'aas', '2023-07-03 10:23:41'),
	(31, 23, 'Factory to Shipment', '2023-07-03', '2023-07-03', '', '', '', 'aas', '2023-07-03 10:23:41'),
	(32, 24, 'Factory to Shipment', '2023-07-03', '2023-07-03', '', '', '', 'aas', '2023-07-03 10:23:41'),
	(33, 25, 'Factory to Shipment', '2023-07-03', '2023-07-03', '', '', '', 'aas', '2023-07-03 10:23:41'),
	(34, 26, 'Factory to Shipment', '2023-07-03', '2023-07-03', '', '', '', 'aas', '2023-07-03 10:23:41'),
	(35, 27, 'Factory to Shipment', '2023-07-03', '2023-07-03', '', '', '', 'aas', '2023-07-03 10:23:41'),
	(36, 6, 'RGN Port to Inhouse', '2023-07-03', '', 'tt', '123', 'Ygn Main Show Room', 'aas', '2023-07-03 10:24:15'),
	(37, 8, 'RGN Port to Inhouse', '2023-07-03', '', 'tt', '123', 'Ygn Main Show Room', 'aas', '2023-07-03 10:24:15'),
	(38, 9, 'RGN Port to Inhouse', '2023-07-03', '', 'tt', '123', 'Ygn Main Show Room', 'aas', '2023-07-03 10:24:15'),
	(39, 10, 'RGN Port to Inhouse', '2023-07-03', '', 'tt', '123', 'Ygn Main Show Room', 'aas', '2023-07-03 10:24:15'),
	(40, 11, 'RGN Port to Inhouse', '2023-07-03', '', 'tt', '123', 'Ygn Main Show Room', 'aas', '2023-07-03 10:24:15'),
	(41, 12, 'RGN Port to Inhouse', '2023-07-03', '', 'tt', '123', 'Ygn Main Show Room', 'aas', '2023-07-03 10:24:15'),
	(42, 13, 'RGN Port to Inhouse', '2023-07-03', '', 'tt', '123', 'Ygn Main Show Room', 'aas', '2023-07-03 10:24:15'),
	(43, 14, 'RGN Port to Inhouse', '2023-07-03', '', 'tt', '123', 'Ygn Main Show Room', 'aas', '2023-07-03 10:24:15'),
	(44, 15, 'RGN Port to Inhouse', '2023-07-03', '', 'tt', '123', 'Ygn Main Show Room', 'aas', '2023-07-03 10:24:15'),
	(45, 16, 'RGN Port to Inhouse', '2023-07-03', '', 'tt', '123', 'Ygn Main Show Room', 'aas', '2023-07-03 10:24:15'),
	(46, 17, 'RGN Port to Inhouse', '2023-07-03', '', 'tt', '123', 'Ygn Main Show Room', 'aas', '2023-07-03 10:24:15'),
	(47, 18, 'RGN Port to Inhouse', '2023-07-03', '', 'tt', '123', 'Ygn Main Show Room', 'aas', '2023-07-03 10:24:15'),
	(48, 19, 'RGN Port to Inhouse', '2023-07-03', '', 'tt', '123', 'Ygn Main Show Room', 'aas', '2023-07-03 10:24:15'),
	(49, 20, 'RGN Port to Inhouse', '2023-07-03', '', 'tt', '123', 'Ygn Main Show Room', 'aas', '2023-07-03 10:24:15'),
	(50, 21, 'RGN Port to Inhouse', '2023-07-03', '', 'tt', '123', 'Ygn Main Show Room', 'aas', '2023-07-03 10:24:15'),
	(51, 22, 'RGN Port to Inhouse', '2023-07-03', '', 'tt', '123', 'Ygn Main Show Room', 'aas', '2023-07-03 10:24:15'),
	(52, 23, 'RGN Port to Inhouse', '2023-07-03', '', 'tt', '123', 'Ygn Main Show Room', 'aas', '2023-07-03 10:24:15'),
	(53, 24, 'RGN Port to Inhouse', '2023-07-03', '', 'tt', '123', 'Ygn Main Show Room', 'aas', '2023-07-03 10:24:15'),
	(54, 25, 'RGN Port to Inhouse', '2023-07-03', '', 'tt', '123', 'Ygn Main Show Room', 'aas', '2023-07-03 10:24:15'),
	(55, 26, 'RGN Port to Inhouse', '2023-07-03', '', 'tt', '123', 'Ygn Main Show Room', 'aas', '2023-07-03 10:24:15'),
	(56, 27, 'RGN Port to Inhouse', '2023-07-03', '', 'tt', '123', 'Ygn Main Show Room', 'aas', '2023-07-03 10:24:15'),
	(57, 31, 'Factory to Shipment', '2023-07-03', '2023-07-03', '', '', '', 'aas', '2023-07-03 21:11:19'),
	(58, 31, 'RGN Port to Bounded Warehouse', '2023-07-03', '', '', '', '', 'aas', '2023-07-03 21:14:33'),
	(59, 31, 'Bounded Warehouse to Inhouse', '2023-06-30', '', 'ko nyi', 'fdkadl;ieaksask134344334313', 'Mandalay', 'aas', '2023-07-03 21:36:54'),
	(60, 35, 'Factory to Shipment', '2023-07-07', '2023-07-10', '', '', '', 'AAS', '2023-07-07 15:20:20'),
	(61, 35, 'RGN Port to Inhouse', '2023-07-07', '', 'KZZ', '0233243265', 'Ygn Main Show Room', 'AAS', '2023-07-07 15:25:29'),
	(62, 34, 'Factory to Shipment', '2023-07-07', '2023-07-07', '', '', '', 'AAS', '2023-07-07 15:28:20'),
	(63, 34, 'RGN Port to Bounded Warehouse', '2023-07-07', '', '', '', '', 'AAS', '2023-07-07 15:29:25'),
	(64, 34, 'Bounded Warehouse to Inhouse', '2023-07-07', '', 'KZZ', '0932569856', 'Mandalay', 'AAS', '2023-07-07 15:30:53'),
	(65, 28, 'Factory to Shipment', '2023-07-07', '2023-07-08', '', '', '', 'AAS', '2023-07-07 15:44:48'),
	(66, 28, 'RGN Port to Bounded Warehouse', '2023-07-08', '', '', '', '', 'AAS', '2023-07-07 15:47:11'),
	(67, 28, 'Bounded Warehouse to Inhouse', '2023-07-12', '', 'KYAW', '09236589456', 'Mandalay', 'AAS', '2023-07-07 15:49:14'),
	(68, 29, 'Factory to Shipment', '2023-07-07', '2023-07-15', '', '', '', 'AAS', '2023-07-07 15:50:35'),
	(69, 30, 'Factory to Shipment', '2023-07-07', '2023-07-10', '', '', '', 'AAS', '2023-07-07 16:08:04'),
	(70, 32, 'Factory to Shipment', '2023-07-07', '2023-07-10', '', '', '', 'aas', '2023-07-07 20:21:55'),
	(71, 32, 'RGN Port to Bounded Warehouse', '2023-07-12', '', '', '', '', 'aas', '2023-07-07 20:39:30'),
	(72, 32, 'Bounded Warehouse to Inhouse', '2023-07-17', '', 'tun oo', '09362598456', 'Capital Hypermarket', 'aas', '2023-07-07 21:19:54'),
	(73, 33, 'Factory to Shipment', '2023-07-18', '2023-07-20', '', '', '', 'aas', '2023-07-18 15:18:44'),
	(74, 36, 'Factory to Shipment', '2023-07-28', '2023-07-28', '', '', '', 'aas', '2023-07-28 23:23:46'),
	(75, 37, 'Factory to Shipment', '2023-07-28', '2023-07-28', '', '', '', 'aas', '2023-07-28 23:23:46'),
	(76, 38, 'Factory to Shipment', '2023-07-28', '2023-07-28', '', '', '', 'aas', '2023-07-28 23:23:46'),
	(77, 29, 'RGN Port to Bounded Warehouse', '2023-07-28', '', '', '', '', 'aas', '2023-07-28 23:25:08'),
	(78, 30, 'RGN Port to Bounded Warehouse', '2023-07-28', '', '', '', '', 'aas', '2023-07-28 23:25:08'),
	(79, 33, 'RGN Port to Bounded Warehouse', '2023-07-28', '', '', '', '', 'aas', '2023-07-28 23:25:08'),
	(80, 36, 'RGN Port to Inhouse', '2023-07-28', '', 'UINKO', '0654365298', 'Mandalay', 'aas', '2023-07-28 23:25:43'),
	(81, 37, 'RGN Port to Inhouse', '2023-07-28', '', 'UINKO', '0654365298', 'Mandalay', 'aas', '2023-07-28 23:25:43'),
	(82, 38, 'RGN Port to Inhouse', '2023-07-28', '', 'UINKO', '0654365298', 'Mandalay', 'aas', '2023-07-28 23:25:43'),
	(83, 29, 'Bounded Warehouse to Inhouse', '2023-07-28', '', 'NIE', '085209663', 'Junction Square', 'aas', '2023-07-28 23:26:34'),
	(84, 33, 'Bounded Warehouse to Inhouse', '2023-07-28', '', 'NIE', '085209663', 'Junction Square', 'aas', '2023-07-28 23:26:34'),
	(85, 30, 'Bounded Warehouse to Inhouse', '2023-07-28', '', 'NIE', '085209663', 'Junction Square', 'aas', '2023-07-28 23:26:34'),
	(86, 82, 'Factory to Shipment', '2023-08-10', '2023-08-10', '', '', '', 'aas', '2023-08-10 23:05:38'),
	(87, 82, 'RGN Port to Bounded Warehouse', '2023-08-10', '', '', '', '', 'aas', '2023-08-10 23:06:59'),
	(88, 82, 'Bounded Warehouse to Inhouse', '2023-08-10', '', 'b', '0', 'Junction Square', 'aas', '2023-08-10 23:08:39'),
	(89, 39, 'Factory to Shipment', '2023-10-18', '2023-10-18', '', '', '', 'sup', '2023-10-18 08:58:48'),
	(90, 40, 'Factory to Shipment', '2023-10-18', '2023-10-18', '', '', '', 'sup', '2023-10-18 08:58:48'),
	(91, 41, 'Factory to Shipment', '2023-10-18', '2023-10-18', '', '', '', 'sup', '2023-10-18 08:58:48'),
	(92, 42, 'Factory to Shipment', '2023-10-18', '2023-10-18', '', '', '', 'sup', '2023-10-18 08:58:48'),
	(93, 43, 'Factory to Shipment', '2023-10-18', '2023-10-18', '', '', '', 'sup', '2023-10-18 08:58:48'),
	(94, 44, 'Factory to Shipment', '2023-10-18', '2023-10-18', '', '', '', 'sup', '2023-10-18 08:58:48'),
	(95, 45, 'Factory to Shipment', '2023-10-18', '2023-10-18', '', '', '', 'sup', '2023-10-18 08:58:48'),
	(96, 46, 'Factory to Shipment', '2023-10-18', '2023-10-18', '', '', '', 'sup', '2023-10-18 08:58:48'),
	(97, 47, 'Factory to Shipment', '2023-10-18', '2023-10-18', '', '', '', 'sup', '2023-10-18 08:58:48'),
	(98, 48, 'Factory to Shipment', '2023-10-18', '2023-10-18', '', '', '', 'sup', '2023-10-18 08:58:48'),
	(99, 49, 'Factory to Shipment', '2023-10-18', '2023-10-18', '', '', '', 'sup', '2023-10-18 08:58:48'),
	(100, 50, 'Factory to Shipment', '2023-10-18', '2023-10-18', '', '', '', 'sup', '2023-10-18 08:58:48'),
	(101, 51, 'Factory to Shipment', '2023-10-18', '2023-10-18', '', '', '', 'sup', '2023-10-18 08:58:48'),
	(102, 92, 'Factory to Shipment', '2023-10-18', '2023-10-18', '', '', '', 'sup', '2023-10-18 08:58:48'),
	(103, 91, 'Factory to Shipment', '2023-10-18', '2023-10-18', '', '', '', 'sup', '2023-10-18 08:58:48'),
	(104, 90, 'Factory to Shipment', '2023-10-18', '2023-10-18', '', '', '', 'sup', '2023-10-18 08:58:48'),
	(105, 89, 'Factory to Shipment', '2023-10-18', '2023-10-18', '', '', '', 'sup', '2023-10-18 08:58:48'),
	(106, 88, 'Factory to Shipment', '2023-10-18', '2023-10-18', '', '', '', 'sup', '2023-10-18 08:58:48'),
	(107, 87, 'Factory to Shipment', '2023-10-18', '2023-10-18', '', '', '', 'sup', '2023-10-18 08:58:48'),
	(108, 86, 'Factory to Shipment', '2023-10-18', '2023-10-18', '', '', '', 'sup', '2023-10-18 08:58:48'),
	(109, 85, 'Factory to Shipment', '2023-10-18', '2023-10-18', '', '', '', 'sup', '2023-10-18 08:58:48'),
	(110, 84, 'Factory to Shipment', '2023-10-18', '2023-10-18', '', '', '', 'sup', '2023-10-18 08:58:48'),
	(111, 83, 'Factory to Shipment', '2023-10-18', '2023-10-18', '', '', '', 'sup', '2023-10-18 08:58:48'),
	(112, 81, 'Factory to Shipment', '2023-10-18', '2023-10-18', '', '', '', 'sup', '2023-10-18 08:58:48'),
	(113, 80, 'Factory to Shipment', '2023-10-18', '2023-10-18', '', '', '', 'sup', '2023-10-18 08:58:48'),
	(114, 79, 'Factory to Shipment', '2023-10-18', '2023-10-18', '', '', '', 'sup', '2023-10-18 08:58:48'),
	(115, 78, 'Factory to Shipment', '2023-10-18', '2023-10-18', '', '', '', 'sup', '2023-10-18 08:58:48'),
	(116, 77, 'Factory to Shipment', '2023-10-18', '2023-10-18', '', '', '', 'sup', '2023-10-18 08:58:48'),
	(117, 76, 'Factory to Shipment', '2023-10-18', '2023-10-18', '', '', '', 'sup', '2023-10-18 08:58:48'),
	(118, 75, 'Factory to Shipment', '2023-10-18', '2023-10-18', '', '', '', 'sup', '2023-10-18 08:58:48'),
	(119, 71, 'Factory to Shipment', '2023-10-18', '2023-10-18', '', '', '', 'sup', '2023-10-18 08:58:48'),
	(120, 69, 'Factory to Shipment', '2023-10-18', '2023-10-18', '', '', '', 'sup', '2023-10-18 08:58:48'),
	(121, 68, 'Factory to Shipment', '2023-10-18', '2023-10-18', '', '', '', 'sup', '2023-10-18 08:58:48'),
	(122, 66, 'Factory to Shipment', '2023-10-18', '2023-10-18', '', '', '', 'sup', '2023-10-18 08:58:48'),
	(123, 72, 'Factory to Shipment', '2023-10-18', '2023-10-18', '', '', '', 'sup', '2023-10-18 08:58:48'),
	(124, 52, 'Factory to Shipment', '2023-10-18', '2023-10-18', '', '', '', 'sup', '2023-10-18 08:58:48'),
	(125, 53, 'Factory to Shipment', '2023-10-18', '2023-10-18', '', '', '', 'sup', '2023-10-18 08:58:48'),
	(126, 39, 'RGN Port to Inhouse', '2023-10-18', '', 'ccc', '012151', 'Mandalay', 'sup', '2023-10-18 08:59:52'),
	(127, 40, 'RGN Port to Inhouse', '2023-10-18', '', 'ccc', '012151', 'Mandalay', 'sup', '2023-10-18 08:59:52'),
	(128, 41, 'RGN Port to Inhouse', '2023-10-18', '', 'ccc', '012151', 'Mandalay', 'sup', '2023-10-18 08:59:52'),
	(129, 42, 'RGN Port to Inhouse', '2023-10-18', '', 'ccc', '012151', 'Mandalay', 'sup', '2023-10-18 08:59:52'),
	(130, 43, 'RGN Port to Inhouse', '2023-10-18', '', 'ccc', '012151', 'Mandalay', 'sup', '2023-10-18 08:59:52'),
	(131, 44, 'RGN Port to Inhouse', '2023-10-18', '', 'ccc', '012151', 'Mandalay', 'sup', '2023-10-18 08:59:52'),
	(132, 45, 'RGN Port to Inhouse', '2023-10-18', '', 'ccc', '012151', 'Mandalay', 'sup', '2023-10-18 08:59:52'),
	(133, 46, 'RGN Port to Inhouse', '2023-10-18', '', 'ccc', '012151', 'Mandalay', 'sup', '2023-10-18 08:59:52'),
	(134, 47, 'RGN Port to Inhouse', '2023-10-18', '', 'ccc', '012151', 'Mandalay', 'sup', '2023-10-18 08:59:52'),
	(135, 48, 'RGN Port to Inhouse', '2023-10-18', '', 'ccc', '012151', 'Mandalay', 'sup', '2023-10-18 08:59:52'),
	(136, 49, 'RGN Port to Inhouse', '2023-10-18', '', 'ccc', '012151', 'Mandalay', 'sup', '2023-10-18 08:59:52'),
	(137, 50, 'RGN Port to Inhouse', '2023-10-18', '', 'ccc', '012151', 'Mandalay', 'sup', '2023-10-18 08:59:52'),
	(138, 51, 'RGN Port to Inhouse', '2023-10-18', '', 'ccc', '012151', 'Mandalay', 'sup', '2023-10-18 08:59:52'),
	(139, 52, 'RGN Port to Inhouse', '2023-10-18', '', 'ccc', '012151', 'Mandalay', 'sup', '2023-10-18 08:59:52'),
	(140, 53, 'RGN Port to Inhouse', '2023-10-18', '', 'ccc', '012151', 'Mandalay', 'sup', '2023-10-18 08:59:52'),
	(141, 66, 'RGN Port to Inhouse', '2023-10-18', '', 'ccc', '012151', 'Mandalay', 'sup', '2023-10-18 08:59:52'),
	(142, 68, 'RGN Port to Inhouse', '2023-10-18', '', 'ccc', '012151', 'Mandalay', 'sup', '2023-10-18 08:59:52'),
	(143, 69, 'RGN Port to Inhouse', '2023-10-18', '', 'ccc', '012151', 'Mandalay', 'sup', '2023-10-18 08:59:52'),
	(144, 71, 'RGN Port to Inhouse', '2023-10-18', '', 'ccc', '012151', 'Mandalay', 'sup', '2023-10-18 08:59:52'),
	(145, 72, 'RGN Port to Inhouse', '2023-10-18', '', 'ccc', '012151', 'Mandalay', 'sup', '2023-10-18 08:59:52'),
	(146, 75, 'RGN Port to Inhouse', '2023-10-18', '', 'ccc', '012151', 'Mandalay', 'sup', '2023-10-18 08:59:52'),
	(147, 76, 'RGN Port to Inhouse', '2023-10-18', '', 'ccc', '012151', 'Mandalay', 'sup', '2023-10-18 08:59:52'),
	(148, 77, 'RGN Port to Inhouse', '2023-10-18', '', 'ccc', '012151', 'Mandalay', 'sup', '2023-10-18 08:59:52'),
	(149, 78, 'RGN Port to Inhouse', '2023-10-18', '', 'ccc', '012151', 'Mandalay', 'sup', '2023-10-18 08:59:52'),
	(150, 79, 'RGN Port to Inhouse', '2023-10-18', '', 'ccc', '012151', 'Mandalay', 'sup', '2023-10-18 08:59:52'),
	(151, 80, 'RGN Port to Inhouse', '2023-10-18', '', 'ccc', '012151', 'Mandalay', 'sup', '2023-10-18 08:59:52'),
	(152, 81, 'RGN Port to Inhouse', '2023-10-18', '', 'ccc', '012151', 'Mandalay', 'sup', '2023-10-18 08:59:52'),
	(153, 83, 'RGN Port to Inhouse', '2023-10-18', '', 'ccc', '012151', 'Mandalay', 'sup', '2023-10-18 08:59:52'),
	(154, 84, 'RGN Port to Inhouse', '2023-10-18', '', 'ccc', '012151', 'Mandalay', 'sup', '2023-10-18 08:59:52'),
	(155, 85, 'RGN Port to Inhouse', '2023-10-18', '', 'ccc', '012151', 'Mandalay', 'sup', '2023-10-18 08:59:52'),
	(156, 86, 'RGN Port to Inhouse', '2023-10-18', '', 'ccc', '012151', 'Mandalay', 'sup', '2023-10-18 08:59:52'),
	(157, 87, 'RGN Port to Inhouse', '2023-10-18', '', 'ccc', '012151', 'Mandalay', 'sup', '2023-10-18 08:59:52'),
	(158, 88, 'RGN Port to Inhouse', '2023-10-18', '', 'ccc', '012151', 'Mandalay', 'sup', '2023-10-18 08:59:52'),
	(159, 89, 'RGN Port to Inhouse', '2023-10-18', '', 'ccc', '012151', 'Mandalay', 'sup', '2023-10-18 08:59:52'),
	(160, 90, 'RGN Port to Inhouse', '2023-10-18', '', 'ccc', '012151', 'Mandalay', 'sup', '2023-10-18 08:59:52'),
	(161, 91, 'RGN Port to Inhouse', '2023-10-18', '', 'ccc', '012151', 'Mandalay', 'sup', '2023-10-18 08:59:52'),
	(162, 92, 'RGN Port to Inhouse', '2023-10-18', '', 'ccc', '012151', 'Mandalay', 'sup', '2023-10-18 08:59:52'),
	(163, 93, 'Factory to Shipment', '2023-10-18', '2023-10-18', '', '', '', 'sup', '2023-10-18 09:09:02'),
	(164, 95, 'Factory to Shipment', '2023-10-18', '2023-10-18', '', '', '', 'sup', '2023-10-18 09:09:02'),
	(165, 94, 'Factory to Shipment', '2023-10-18', '2023-10-18', '', '', '', 'sup', '2023-10-18 09:09:02'),
	(166, 93, 'RGN Port to Inhouse', '2023-10-18', '', 'n', '0', 'Mandalay', 'sup', '2023-10-18 09:09:32'),
	(167, 94, 'RGN Port to Inhouse', '2023-10-18', '', 'n', '0', 'Mandalay', 'sup', '2023-10-18 09:09:32'),
	(168, 95, 'RGN Port to Inhouse', '2023-10-18', '', 'n', '0', 'Mandalay', 'sup', '2023-10-18 09:09:32'),
	(169, 60, 'Factory to Shipment', '2023-10-18', '2023-10-18', '', '', '', 'sup', '2023-10-18 09:12:00'),
	(170, 54, 'Factory to Shipment', '2023-10-18', '2023-10-18', '', '', '', 'sup', '2023-10-18 10:04:35'),
	(171, 55, 'Factory to Shipment', '2023-10-18', '2023-10-18', '', '', '', 'sup', '2023-10-18 10:04:35'),
	(172, 60, 'RGN Port to Bounded Warehouse', '2023-10-18', '', '', '', '', 'sup', '2023-10-18 10:17:47'),
	(173, 54, 'RGN Port to Bounded Warehouse', '2023-10-18', '', '', '', '', 'sup', '2023-10-18 10:21:30'),
	(174, 55, 'RGN Port to Bounded Warehouse', '2023-10-18', '', '', '', '', 'sup', '2023-10-18 10:21:30'),
	(175, 54, 'Bounded Warehouse to Inhouse', '2023-10-18', '', 'Pa Pa', '093787424', 'Ygn Main Show Room', 'sup', '2023-10-18 10:24:01'),
	(176, 57, 'Factory to Shipment', '2023-10-18', '2023-10-18', '', '', '', 'sup', '2023-10-18 10:32:07'),
	(177, 57, 'RGN Port to Bounded Warehouse', '2023-10-18', '', '', '', '', 'sup', '2023-10-18 10:40:18'),
	(178, 58, 'Factory to Shipment', '2023-10-18', '2023-10-18', '', '', '', 'sup', '2023-10-18 10:51:27'),
	(179, 58, 'RGN Port to Bounded Warehouse', '2023-10-18', '', '', '', '', 'sup', '2023-10-18 10:53:00'),
	(180, 64, 'Factory to Shipment', '2023-10-18', '2023-10-18', '', '', '', 'sup', '2023-10-18 11:01:06'),
	(181, 64, 'Factory to Shipment', '2023-10-18', '2023-10-18', '', '', '', 'sup', '2023-10-18 11:04:49'),
	(182, 64, 'Factory to Shipment', '2023-10-18', '2023-10-18', '', '', '', 'sup', '2023-10-18 11:07:06'),
	(183, 64, 'RGN Port to Bounded Warehouse', '2023-10-18', '', '', '', '', 'sup', '2023-10-18 11:08:20'),
	(184, 64, 'Bounded Warehouse to Inhouse', '2023-10-18', '', 'PP', '098765433', 'Mandalay', 'sup', '2023-10-18 11:10:14'),
	(185, 57, 'Factory to Shipment', '2023-10-18', '2023-10-18', '', '', '', 'sup', '2023-10-18 11:11:54'),
	(186, 57, 'RGN Port to Bounded Warehouse', '2023-10-18', '', '', '', '', 'sup', '2023-10-18 11:12:48'),
	(187, 96, 'Factory to Shipment', '2023-12-15', '2023-12-15', '', '', '', 'aas', '2023-12-15 04:14:49'),
	(188, 96, 'RGN Port to Inhouse', '2023-12-15', '', 'a', '0', 'Yangon Showroom', 'aas', '2023-12-15 04:15:08'),
	(189, 97, 'Factory to Shipment', '2023-12-15', '2023-12-15', '', '', '', 'aas', '2023-12-15 14:27:31'),
	(190, 98, 'Factory to Shipment', '2023-12-15', '2023-12-15', '', '', '', 'aas', '2023-12-15 14:27:31'),
	(191, 97, 'RGN Port to Inhouse', '2023-12-15', '', 'dd', '123', 'Ever Thrive', 'aas', '2023-12-15 14:29:24'),
	(192, 98, 'RGN Port to Inhouse', '2023-12-15', '', 'dd', '123', 'Ever Thrive', 'aas', '2023-12-15 14:29:24'),
	(193, 103, 'Factory to Shipment', '2024-05-14', '2024-05-14', '', '', '', 'aas', '2024-05-14 20:58:30'),
	(194, 102, 'Factory to Shipment', '2024-05-14', '2024-05-14', '', '', '', 'aas', '2024-05-14 20:58:30'),
	(195, 101, 'Factory to Shipment', '2024-05-14', '2024-05-14', '', '', '', 'aas', '2024-05-14 20:58:30'),
	(196, 100, 'Factory to Shipment', '2024-05-14', '2024-05-14', '', '', '', 'aas', '2024-05-14 20:58:30'),
	(197, 103, 'RGN Port to Inhouse', '2024-05-14', '', 'asdasda', '12421512', 'Mandalay Showroom', 'aas', '2024-05-14 20:59:32'),
	(198, 102, 'RGN Port to Inhouse', '2024-05-14', '', 'asdasda', '12421512', 'Mandalay Showroom', 'aas', '2024-05-14 20:59:32'),
	(199, 101, 'RGN Port to Inhouse', '2024-05-14', '', 'asdasda', '12421512', 'Mandalay Showroom', 'aas', '2024-05-14 20:59:32'),
	(200, 100, 'RGN Port to Inhouse', '2024-05-14', '', 'asdasda', '12421512', 'Mandalay Showroom', 'aas', '2024-05-14 20:59:32');

-- Dumping structure for table geely_db1.car_price_change
DROP TABLE IF EXISTS `car_price_change`;
CREATE TABLE IF NOT EXISTS `car_price_change` (
  `id` int(11) NOT NULL AUTO_INCREMENT,
  `car_list_id` int(11) NOT NULL DEFAULT 0,
  `date_from` varchar(25) NOT NULL DEFAULT '',
  `date_to` varchar(25) NOT NULL DEFAULT '',
  `old_vehicle_price` int(11) NOT NULL DEFAULT 0,
  `vehicle_price` int(11) NOT NULL DEFAULT 0,
  `entry_by` varchar(100) NOT NULL DEFAULT '',
  `entry_date_time` varchar(25) NOT NULL DEFAULT '',
  PRIMARY KEY (`id`)
) ENGINE=InnoDB AUTO_INCREMENT=54 DEFAULT CHARSET=utf8mb4 COLLATE=utf8mb4_unicode_ci;

-- Dumping data for table geely_db1.car_price_change: ~41 rows (approximately)
INSERT INTO `car_price_change` (`id`, `car_list_id`, `date_from`, `date_to`, `old_vehicle_price`, `vehicle_price`, `entry_by`, `entry_date_time`) VALUES
	(1, 1, '2023-05-01', '2023-06-26', 0, 65000000, '', ''),
	(2, 2, '2023-06-01', '2023-06-26', 0, 50000000, '', ''),
	(3, 3, '2023-06-01', '2023-06-26', 0, 50000000, '', ''),
	(4, 4, '2023-06-01', '2023-06-26', 0, 50000000, '', ''),
	(5, 5, '2023-06-01', '2023-06-26', 0, 50000000, '', ''),
	(6, 6, '2023-06-01', '2023-06-26', 0, 70000000, '', ''),
	(7, 1, '2023-06-01', '2023-06-30', 65000000, 75000000, '', ''),
	(8, 7, '2023-06-26', '2023-07-31', 0, 55555555, 'smo', '2023-06-26'),
	(9, 7, '2023-06-26', '2023-07-31', 55555555, 90000000, 'smo', '2023-06-26'),
	(10, 7, '2023-06-27', '2023-07-12', 90000000, 80000000, 'smo', '2023-06-26'),
	(11, 8, '2023-06-27', '2023-07-12', 0, 80000000, 'smo', '2023-06-26'),
	(12, 9, '2023-06-27', '2023-07-26', 0, 120000000, 'oms', '2023-06-27'),
	(13, 12, '2023-06-27', '2023-07-26', 0, 120000000, 'oms', '2023-06-27'),
	(14, 15, '2023-07-04', '2023-07-04', 0, 70000000, 'smo', '2023-07-04'),
	(15, 21, '2023-07-11', '2024-01-01', 0, 26000000, 'smo', '2023-07-11'),
	(16, 19, '2023-07-11', '2023-08-31', 0, 100000000, 'smo', '2023-07-11'),
	(17, 17, '2023-07-11', '2023-07-11', 0, 2147483647, 'smo', '2023-07-11'),
	(18, 17, '2023-07-11', '2023-07-11', 2147483647, 2147483647, 'smo', '2023-07-11'),
	(19, 17, '2023-07-11', '2023-07-11', 2147483647, 10, 'smo', '2023-07-11'),
	(20, 17, '2023-07-11', '2023-07-11', 10, 2147483647, 'smo', '2023-07-11'),
	(21, 17, '2023-07-11', '2023-07-11', 2147483647, 50, 'smo', '2023-07-11'),
	(22, 17, '2023-07-11', '2023-07-11', 50, 22000000, 'smo', '2023-07-11'),
	(23, 1, '2023-07-29', '2023-07-29', 75000000, 96900000, 'smo', '2023-07-29'),
	(24, 4, '2023-07-29', '2023-07-29', 50000000, 96900000, 'smo', '2023-07-29'),
	(25, 8, '2023-07-29', '2023-07-29', 80000000, 96900000, 'smo', '2023-07-29'),
	(26, 12, '2023-07-29', '2023-07-29', 120000000, 96900000, 'smo', '2023-07-29'),
	(27, 14, '2023-07-29', '2023-07-29', 0, 96900000, 'smo', '2023-07-29'),
	(28, 11, '2023-07-29', '2023-07-29', 0, 96900000, 'smo', '2023-07-29'),
	(29, 15, '2023-07-29', '2023-07-29', 70000000, 96900000, 'smo', '2023-07-29'),
	(30, 21, '2023-07-29', '2023-07-29', 26000000, 96900000, 'smo', '2023-07-29'),
	(31, 22, '2023-07-29', '2023-07-29', 0, 96900000, 'smo', '2023-07-29'),
	(32, 28, '2023-10-18', '2023-10-18', 0, 50000000, 'smo', '2023-10-18'),
	(33, 27, '2023-10-18', '2023-10-18', 0, 60000000, 'smo', '2023-10-18'),
	(34, 29, '2023-10-18', '2023-10-18', 0, 45000000, 'smo', '2023-10-18'),
	(35, 30, '2023-12-15', '2023-12-15', 0, 100000000, 'smo', '2023-12-15'),
	(36, 30, '2023-12-18', '2023-12-18', 100000000, 110000000, 'smo', '2023-12-18'),
	(37, 10, '2023-12-19', '2023-12-19', 0, 75000000, 'smo', '2023-12-19'),
	(38, 11, '2023-12-19', '2023-12-19', 96900000, 75000000, 'smo', '2023-12-19'),
	(39, 7, '2023-12-19', '2023-12-19', 80000000, 127500000, 'smo', '2023-12-19'),
	(40, 8, '2023-12-19', '2023-12-19', 96900000, 127500000, 'smo', '2023-12-19'),
	(41, 9, '2023-12-19', '2023-12-19', 120000000, 127500000, 'smo', '2023-12-19'),
	(42, 24, '2024-03-15', '2024-03-15', 0, 5000000, 'smo', '2024-03-15'),
	(43, 1, '2024-03-20', '2024-03-20', 96900000, 97000000, 'smo', '2024-03-20'),
	(44, 12, '2024-03-21', '2024-03-21', 96900000, 95000000, 'smo', '2024-03-21'),
	(45, 25, '2024-03-21', '2024-03-21', 0, 100000000, 'smo', '2024-03-21'),
	(46, 13, '2024-03-21', '2024-03-21', 0, 10000000, 'smo', '2024-03-21'),
	(47, 3, '2024-03-21', '2024-03-21', 50000000, 80000000, 'smo', '2024-03-21'),
	(48, 30, '2024-03-25', '2024-03-25', 110000000, 50000000, 'smo', '2024-03-25'),
	(49, 26, '2024-04-03', '2024-04-03', 0, 10000000, 'smo', '2024-04-03'),
	(50, 30, '2024-04-12', '2024-04-12', 50000000, 53000000, 'smo', '2024-04-12'),
	(51, 29, '2024-04-12', '2024-04-12', 45000000, 50000000, 'smo', '2024-04-12'),
	(52, 30, '2024-05-13', '2024-05-13', 53000000, 50000000, 'smo', '2024-05-13'),
	(53, 17, '2024-06-10', '2024-06-10', 22000000, 25000000, 'smo', '2024-06-10');

-- Dumping structure for table geely_db1.car_stock
DROP TABLE IF EXISTS `car_stock`;
CREATE TABLE IF NOT EXISTS `car_stock` (
  `id` int(11) NOT NULL AUTO_INCREMENT,
  `car_list_id` int(11) NOT NULL DEFAULT 0,
  `production_order_id` int(11) NOT NULL DEFAULT 0,
  `oc_no` varchar(50) NOT NULL DEFAULT '',
  `sales_id` int(11) NOT NULL DEFAULT 0,
  `lot_no` varchar(50) NOT NULL DEFAULT '',
  `bl_no` varchar(50) NOT NULL DEFAULT '',
  `import_license_no` varchar(50) NOT NULL DEFAULT '',
  `id_no` varchar(50) NOT NULL DEFAULT '',
  `bounded_approval_code` varchar(50) NOT NULL DEFAULT '',
  `brand` varchar(255) NOT NULL DEFAULT '',
  `model` varchar(255) NOT NULL DEFAULT '',
  `model_year` varchar(50) NOT NULL DEFAULT '',
  `grade` varchar(255) NOT NULL DEFAULT '',
  `engine_power` varchar(255) NOT NULL DEFAULT '',
  `interior_color` varchar(255) NOT NULL DEFAULT '',
  `exterior_color` varchar(255) NOT NULL DEFAULT '',
  `vin_no` varchar(255) NOT NULL DEFAULT '',
  `engine_no` varchar(255) NOT NULL DEFAULT '',
  `stock_status` varchar(150) NOT NULL DEFAULT '',
  `location` varchar(255) NOT NULL DEFAULT '',
  `entry_by` varchar(100) NOT NULL DEFAULT '',
  `entry_date_time` varchar(100) NOT NULL DEFAULT '',
  PRIMARY KEY (`id`) USING BTREE
) ENGINE=InnoDB AUTO_INCREMENT=104 DEFAULT CHARSET=utf8mb4 COLLATE=utf8mb4_unicode_ci;

-- Dumping data for table geely_db1.car_stock: ~95 rows (approximately)
INSERT INTO `car_stock` (`id`, `car_list_id`, `production_order_id`, `oc_no`, `sales_id`, `lot_no`, `bl_no`, `import_license_no`, `id_no`, `bounded_approval_code`, `brand`, `model`, `model_year`, `grade`, `engine_power`, `interior_color`, `exterior_color`, `vin_no`, `engine_no`, `stock_status`, `location`, `entry_by`, `entry_date_time`) VALUES
	(1, 6, 1, 'PAL-G00001-2023', 1, 'LN0001', 'BLN0001', 'ILN0001', '', '', 'Geely', 'Coolray', '2020', 'GC', '1.5L, TD 7DCT, Petrol', 'Red + Black', 'White', 'VN0001', 'EN0001', 'Inhouse', 'Handover', 'aas', '2023-06-20 11:46:15'),
	(2, 6, 1, 'PAL-G00002-2023', 2, 'APPLN1', 'appBL', 'appILN', 'app01', 'appBAC01', 'Geely', 'Coolray', '2020', 'GC', '1.5L, TD 7DCT, Petrol', 'Red + Black', 'White', 'VN0002', 'EN0002', 'Inhouse', 'Handover', 'aas', '2023-06-20 11:46:15'),
	(3, 6, 1, 'PAL-G00005-2023', 10, 'LN23892', 'BLN123', 'ILN2987', '', '', 'Geely', 'Coolray', '2020', 'GC', '1.5L, TD 7DCT, Petrol', 'Red + Black', 'White', 'VN0003', 'EN0003', 'Inhouse', 'Mandalay', 'aas', '2023-06-23 12:38:07'),
	(4, 6, 1, 'PAL-G00006-2023', 6, 'LN88990', 'BLN22000', 'ILN20011', '', '', 'Geely', 'Coolray', '2020', 'GC', '1.5L, TD 7DCT, Petrol', 'Red + Black', 'White', 'VN0004', 'EN0004', 'Inhouse', 'Mandalay', 'aas', '2023-06-23 12:38:07'),
	(5, 6, 1, 'PAL-G00007-2023', 7, 'LN0002', 'BLN0002', 'ILN0002', '', '', 'Geely', 'Coolray', '2020', 'GC', '1.5L, TD 7DCT, Petrol', 'Red + Black', 'White', 'VN0006', 'EN0006', 'Inhouse', 'Capital Hypermarket', 'aas', '2023-06-23 12:38:07'),
	(6, 6, 1, 'PAL-G00003-2023', 3, '1', '1', '1', '', '', 'Geely', 'Coolray', '2020', 'GC', '1.5L, TD 7DCT, Petrol', 'Red + Black', 'White', 'VN0010', 'EN0010', 'Inhouse', 'Handover', 'aas', '2023-06-23 17:11:58'),
	(7, 6, 1, 'PAL-G00008-2023', 8, 'APPLN01', 'appBL', 'APPILN', 'APPID01', 'APPBAC01', 'Geely', 'Coolray', '2020', 'GC', '1.5L, TD 7DCT, Petrol', 'Red + Black', 'White', 'VN0011', 'EN0011', 'Inhouse', 'Mandalay', 'aas', '2023-06-23 17:11:58'),
	(8, 15, 5, 'PAL-G00014-2023', 9, '1', '1', '1', '', '', 'Geely', 'Geometry F', '2023', 'Highest', '60kW', 'Black', 'White', '1', '1', 'Inhouse', 'Handover', 'nlm', '2023-07-03 10:22:18'),
	(9, 15, 5, 'PAL-G00015-2023', 16, '1', '1', '1', '', '', 'Geely', 'Geometry F', '2023', 'Highest', '60kW', 'Black', 'White', '2', '2', 'Inhouse', 'Junction Square', 'nlm', '2023-07-03 10:22:18'),
	(10, 15, 5, 'PAL-G00025-2023', 0, '1', '1', '1', '', '', 'Geely', 'Geometry F', '2023', 'Highest', '60kW', 'Black', 'White', '3', '3', 'Inhouse', 'Ygn Main Show Room', 'nlm', '2023-07-03 10:22:18'),
	(11, 15, 5, 'PAL-G00024-2023', 26, '1', '1', '1', '', '', 'Geely', 'Geometry F', '2023', 'Highest', '60kW', 'Black', 'White', '4', '4', 'Inhouse', 'Handover', 'nlm', '2023-07-03 10:22:18'),
	(12, 15, 5, 'PAL-G00019-2023', 12, '1', '1', '1', '', '', 'Geely', 'Geometry F', '2023', 'Highest', '60kW', 'Black', 'White', '5', '5', 'Inhouse', 'Ygn Main Show Room', 'nlm', '2023-07-03 10:22:18'),
	(13, 15, 5, 'PAL-G00026-2023', 0, '1', '1', '1', '', '', 'Geely', 'Geometry F', '2023', 'Highest', '60kW', 'Black', 'White', '6', '6', 'Inhouse', 'Ever Thrive', 'nlm', '2023-07-03 10:22:18'),
	(14, 15, 5, 'PAL-G00027-2023', 27, '1', '1', '1', '', '', 'Geely', 'Geometry F', '2023', 'Highest', '60kW', 'Black', 'White', '7', '7', 'Inhouse', 'Ever Thrive', 'nlm', '2023-07-03 10:22:18'),
	(15, 15, 5, 'PAL-G00028-2023', 0, '1', '1', '1', '', '', 'Geely', 'Geometry F', '2023', 'Highest', '60kW', 'Black', 'White', '8', '8', 'Inhouse', 'Ygn Main Show Room', 'nlm', '2023-07-03 10:22:18'),
	(16, 15, 5, 'PAL-G00028-2023', 0, '1', '1', '1', '', '', 'Geely', 'Geometry F', '2023', 'Highest', '60kW', 'Black', 'White', '9', '9', 'Inhouse', 'Ygn Main Show Room', 'nlm', '2023-07-03 10:22:18'),
	(17, 15, 5, 'PAL-G00001-2023', 1, '1', '1', '1', '', '', 'Geely', 'Geometry F', '2023', 'Highest', '60kW', 'Black', 'White', '10', '10', 'Inhouse', 'Handover', 'nlm', '2023-07-03 10:22:18'),
	(18, 15, 5, 'PAL-G00002-2023', 0, '1', '1', '1', '', '', 'Geely', 'Geometry F', '2023', 'Highest', '60kW', 'Black', 'White', '11', '11', 'Inhouse', 'Ygn Main Show Room', 'nlm', '2023-07-03 10:22:18'),
	(19, 15, 5, 'PAL-G00003-2023', 3, '1', '1', '1', '', '', 'Geely', 'Geometry F', '2023', 'Highest', '60kW', 'Black', 'White', '12', '12', 'Inhouse', 'Handover', 'nlm', '2023-07-03 10:22:18'),
	(20, 15, 5, 'PAL-G00004-2023', 2, '1', '1', '1', '', '', 'Geely', 'Geometry F', '2023', 'Highest', '60kW', 'Black', 'White', '13', '13', 'Inhouse', 'Handover', 'nlm', '2023-07-03 10:22:18'),
	(21, 15, 5, 'PAL-G00003-2023', 3, '1', '1', '1', '', '', 'Geely', 'Geometry F', '2023', 'Highest', '60kW', 'Black', 'White', '14', '14', 'Inhouse', 'Handover', 'nlm', '2023-07-03 10:22:18'),
	(22, 15, 5, 'PAL-G00004-2023', 2, '1', '1', '1', '', '', 'Geely', 'Geometry F', '2023', 'Highest', '60kW', 'Black', 'White', '15', '15', 'Inhouse', 'Handover', 'nlm', '2023-07-03 10:22:18'),
	(23, 15, 5, 'PAL-G00005-2023', 10, '1', '1', '1', '', '', 'Geely', 'Geometry F', '2023', 'Highest', '60kW', 'Black', 'White', '16', '16', 'Inhouse', 'Mandalay', 'nlm', '2023-07-03 10:22:18'),
	(24, 15, 5, 'PAL-G00006-2023', 6, '1', '1', '1', '', '', 'Geely', 'Geometry F', '2023', 'Highest', '60kW', 'Black', 'White', '17', '17', 'Inhouse', 'Mandalay', 'nlm', '2023-07-03 10:22:18'),
	(25, 15, 5, 'PAL-G00007-2023', 7, '1', '1', '1', '', '', 'Geely', 'Geometry F', '2023', 'Highest', '60kW', 'Black', 'White', '18', '18', 'Inhouse', 'Mandalay', 'nlm', '2023-07-03 10:22:18'),
	(26, 15, 5, 'PAL-G00008-2023', 8, '1', '1', '1', '', '', 'Geely', 'Geometry F', '2023', 'Highest', '60kW', 'Black', 'White', '19', '19', 'Inhouse', 'Mandalay', 'nlm', '2023-07-03 10:22:18'),
	(27, 15, 5, 'PAL-G00011-2024', 27, '1', '1', '1', '', '', 'Geely', 'Geometry F', '2023', 'Highest', '60kW', 'Black', 'White', '20', '20', 'Inhouse', 'Ever Thrive', 'nlm', '2023-07-03 10:22:18'),
	(28, 17, 6, 'PAL-T00008-2023', 0, 'LN2356', 'BN1256', 'ILN7569', 'IN3654', 'BAC1259', 'TTTT', 'Beetle', '2023', 'G1', '1.5L, TD 7DCT, Petrol', 'Black', 'Black', '1GNEK13ZX3R298984', 'PJ12345U123456P', 'Inhouse', 'Capital Hypermarket', 'nlm', '2023-07-03 15:28:06'),
	(29, 17, 6, '', 0, 'LN1256', 'BN4589', 'ILN2365', 'ID1569', 'BA8952', 'TTTT', 'Beetle', '2023', 'G1', '1.5L, TD 7DCT, Petrol', 'Black', 'Black', 'KMHDH4AEXFU320550', 'PJ12345U5426932P', 'Inhouse', 'Junction Square', 'nlm', '2023-07-03 15:28:06'),
	(30, 17, 6, 'PAL-T00004-2023', 14, 'LN2563', 'BN5236', 'ILN1256', 'ID1256', 'BA6523', 'TTTT', 'Beetle', '2023', 'G1', '1.5L, TD 7DCT, Petrol', 'Black', 'Black', 'VN4512', 'EN0028', 'Inhouse', 'Junction Square', 'nlm', '2023-07-03 15:31:26'),
	(31, 17, 6, 'PAL-T00005-2023', 19, 'LN0236', 'BN5642', 'ILN4512', 'IN0236', 'BAC4589', 'TTTT', 'Beetle', '2023', 'G1', '1.5L, TD 7DCT, Petrol', 'Black', 'Black', 'VN1598', 'EN3569', 'Inhouse', 'Handover', 'nlm', '2023-07-03 15:31:26'),
	(32, 19, 8, 'PAL-T00001-2023', 5, 'LN7853', 'BL3256', 'ILN1596', 'IN1256', 'BAC4589', 'T', 'Camry', '2023', 'GA', '	1.5L', 'Black', 'Black', 'VN0014', 'EN1256', 'Inhouse', 'Handover', 'nlm', '2023-07-03 21:03:15'),
	(33, 3, 3, 'PAL-G00015-2024', 31, 'ln009', 'bl009', 'imln009', 'ID8569', 'BA4526', 'Geely', 'Coolray', '2020', 'GF', '1.5L, TD 7DCT, Petrol', 'Red + Black', 'White', 'VN1256', 'EN0254', 'Inhouse', 'Junction Square', 'nlm', '2023-07-03 21:17:51'),
	(34, 21, 12, 'PAL-T00003-2023', 9, 'LN5263', 'BN2365', 'ILN1203', 'IN1256', 'BAC1256', 'TEST B', 'momo', '2020', 'Highest', '	1.5 PP', 'Orange + Black', 'Silver', 'VN4562', 'EN2365', 'Inhouse', 'Handover', 'nlm', '2023-07-07 14:24:35'),
	(35, 23, 13, '', 0, 'LN2365', 'BL1256', 'ILN1425', '', '', 'TEST B', 'SUNM', '2023', 'Normal', '1.3L, Transmission 5, EV', 'Black', 'Black', 'VN2563', 'EN4589', 'Inhouse', 'Mandalay', 'nlm', '2023-07-07 14:24:35'),
	(36, 21, 12, 'PAL-T00002-2023', 4, 'L2354', 'BL1256', 'IL7895', '', '', 'TEST B', 'momo', '2020', 'Highest', '	1.5 PP', 'Orange + Black', 'Silver', 'VN0236', 'EN3652', 'Inhouse', 'Handover', 'nlm', '2023-07-07 15:01:43'),
	(37, 2, 2, 'PAL-G00004-2023', 2, 'L52369', 'BL4512', 'IL9532', '', '', 'Geely', 'Azkarra', '2020', 'GF', '1.5L', 'Red + Black', 'Black', 'VN1235', 'EN2563', 'Inhouse', 'Handover', 'nlm', '2023-07-07 15:01:43'),
	(38, 2, 2, 'PAL-G00013-2023', 16, 'L1256', 'BL1256', 'IL8569', '', '', 'Geely', 'Azkarra', '2020', 'GF', '1.5L', 'Red + Black', 'Black', 'VN25236', 'EN3256', 'Inhouse', 'Mandalay', 'nlm', '2023-07-07 15:01:43'),
	(39, 2, 2, 'PAL-G00009-2023', 11, '1', '1', '1', '', '', 'Geely', 'Azkarra', '2020', 'GF', '1.5L', 'Red + Black', 'Black', 'V6589', 'E5423', 'Inhouse', 'Mandalay', 'nlm', '2023-07-29 00:38:07'),
	(40, 6, 1, 'PAL-G00006-2024', 24, '1', '1', '1', '', '', 'Geely', 'Coolray', '2020', 'GC', '1.5L, TD 7DCT, Petrol', 'Red + Black', 'White', 'V6523', 'E8566', 'Inhouse', 'Mandalay', 'nlm', '2023-07-29 00:38:07'),
	(41, 3, 3, 'PAL-G00016-2024', 32, '1', '1', '1', '', '', 'Geely', 'Coolray', '2020', 'GF', '1.5L, TD 7DCT, Petrol', 'Red + Black', 'White', 'V4523', 'E5698', 'Inhouse', 'Mandalay', 'nlm', '2023-07-29 00:38:07'),
	(42, 6, 1, 'PAL-G00009-2024', 26, '1', '1', '1', '', '', 'Geely', 'Coolray', '2020', 'GC', '1.5L, TD 7DCT, Petrol', 'Red + Black', 'White', 'V9635', 'E7452', 'Inhouse', 'Mandalay', 'nlm', '2023-07-29 00:38:07'),
	(43, 9, 4, 'PAL-G00008-2024', 25, '1', '1', '1', '', '', 'Geely', 'Geometry C', '2023', 'Highest', '150 kW', 'Black', 'White', 'V894652', 'E856', 'Inhouse', 'Mandalay', 'nlm', '2023-07-29 00:38:07'),
	(44, 12, 19, 'PAL-G00010-2024', 0, '1', '1', '1', '', '', 'Geely', 'Geometry D', '2023', 'Highest', '160kW', 'Black', 'Black', 'V5+516', 'E654', 'Inhouse', 'Mandalay', 'nlm', '2023-07-29 00:38:07'),
	(45, 15, 10, 'PAL-G00022-2024', 37, '1', '1', '1', '', '', 'Geely', 'Geometry F', '2023', 'Highest', '60kW', 'Black', 'White', 'V5465', 'E4665', 'Inhouse', 'Mandalay', 'nlm', '2023-07-29 00:38:07'),
	(46, 16, 14, '', 0, '1', '1', '1', '', '', 'Geely', 'Geometry F', '2023', 'Highest', '60kW', 'Black', 'Green', 'V6545', 'E65262', 'Inhouse', 'Mandalay', 'nlm', '2023-07-29 00:38:07'),
	(47, 19, 8, 'PAL-T00002-2023', 4, '1', '1', '1', '', '', 'T', 'Camry', '2023', 'GA', '	1.5L', 'Black', 'Black', 'V564564', 'E566', 'Inhouse', 'Mandalay', 'nlm', '2023-07-29 00:38:07'),
	(48, 19, 16, 'PAL-T00004-2023', 14, '1', '1', '1', '', '', 'T', 'Camry', '2023', 'GA', '	1.5L', 'Black', 'Black', 'V65625', 'E56155', 'Inhouse', 'Mandalay', 'nlm', '2023-07-29 00:38:07'),
	(49, 21, 12, 'PAL-G00012-2023', 15, '1', '1', '1', '', '', 'TEST B', 'momo', '2020', 'Highest', '	1.5 PP', 'Orange + Black', 'Silver', 'V654561', 'E65+', 'Inhouse', 'Mandalay', 'nlm', '2023-07-29 00:38:07'),
	(50, 21, 15, 'PAL-T00002-2024', 19, '1', '1', '1', '', '', 'TEST B', 'momo', '2020', 'Highest', '	1.5 PP', 'Orange + Black', 'Silver', 'V15616', 'E1556', 'Inhouse', 'Mandalay', 'nlm', '2023-07-29 00:38:07'),
	(51, 17, 6, 'PAL-T00001-2023', 5, '1', '1', '1', '', '', 'TTTT', 'Beetle', '2023', 'G1', '1.5L, TD 7DCT, Petrol', 'Orange + Black', 'Silver', 'V6549', 'E14516', 'Inhouse', 'Mandalay', 'nlm', '2023-07-29 00:38:07'),
	(52, 17, 17, 'PAL-T00001-2024', 0, '1', '1', '1', '', '', 'TTTT', 'Beetle', '2023', 'G1', '1.5L, TD 7DCT, Petrol', 'Orange + Black', 'Silver', 'V5649', 'E984556', 'Inhouse', 'Mandalay', 'nlm', '2023-07-29 00:38:07'),
	(53, 17, 11, 'PAL-T00004-2024', 44, '1', '1', '1', '', '', 'TTTT', 'Beetle', '2023', 'G1', '1.5L, TD 7DCT, Petrol', 'Orange + Black', 'Silver', 'V56498', 'E9456165', 'Inhouse', 'Mandalay', 'nlm', '2023-07-29 00:38:07'),
	(54, 20, 9, '', 0, '', '', '', '', '', 'TTTT', 'mini van', '2020', 'test grade', '1.3L, Transmission 5, EV', 'Red + Black', 'Silver', 'V591561', 'E5495498', 'Bounded Warehouse to Inhouse', 'Ygn Main Show Room', 'nlm', '2023-07-29 00:38:07'),
	(55, 20, 18, '', 0, '', '', '', '', '', 'TTTT', 'mini van', '2020', 'test grade', '1.3L, Transmission 5, EV', 'Red + Black', 'Silver', 'V564195', 'E55159', 'Factory', '', 'nlm', '2023-07-29 00:38:07'),
	(57, 21, 12, '', 0, 'LNO 412', 'BLNO 412', 'ILNO 412', 'IDNO 412', 'BAC 412', 'TEST B', 'momo', '2020', 'Highest', '	1.5 PP', 'Orange + Black', 'Silver', 'V565132', 'E412', 'RGN Port to Bounded Warehouse', '', 'nlm', '2023-07-29 00:40:19'),
	(58, 21, 12, '', 0, '', '', '', '', '', 'TEST B', 'momo', '2020', 'Highest', '	1.5 PP', 'Orange + Black', 'Silver', 'V55623', 'E56123', 'Factory', '', 'nlm', '2023-07-29 00:40:19'),
	(59, 21, 15, '', 0, '', '', '', '', '', 'TEST B', 'momo', '2020', 'Highest', '	1.5 PP', 'Orange + Black', 'Silver', 'V4561', 'E5623', 'Factory', '', 'nlm', '2023-07-29 00:40:19'),
	(60, 19, 8, '', 0, '', '', '', '', '', 'T', 'Camry', '2023', 'GA', '	1.5L', 'Black', 'Black', 'V65123', 'E523', 'RGN Port to Bounded Warehouse', '', 'nlm', '2023-07-29 00:40:19'),
	(61, 19, 16, '', 0, '', '', '', '', '', 'T', 'Camry', '2023', 'GA', '	1.5L', 'Black', 'Black', 'V45132', 'E65123.0', 'Factory', '', 'nlm', '2023-07-29 00:40:19'),
	(62, 19, 16, '', 0, '', '', '', '', '', 'T', 'Camry', '2023', 'GA', '	1.5L', 'Black', 'Black', 'V5623', 'E54123', 'Factory', '', 'nlm', '2023-07-29 00:41:45'),
	(63, 19, 16, '', 0, '', '', '', '', '', 'T', 'Camry', '2023', 'GA', '	1.5L', 'Black', 'Black', 'V564123', 'E651230', 'Factory', '', 'nlm', '2023-07-29 00:41:45'),
	(64, 9, 4, 'PAL-G00030-2024', 0, 'LNO 23', 'BLNO 23', 'ILNO 23', 'IDNO 23', 'BAC 23', 'Geely', 'Geometry C', '2023', 'Highest', '150 kW', 'Black', 'White', 'V23', 'E6532', 'Bounded Warehouse to Inhouse', 'Mandalay', 'nlm', '2023-07-29 00:44:13'),
	(65, 9, 4, '', 0, '', '', '', '', '', 'Geely', 'Geometry C', '2023', 'Highest', '150 kW', 'Black', 'White', 'V561655', 'E65412', 'Factory', '', 'nlm', '2023-07-29 00:44:13'),
	(66, 3, 3, 'PAL-G00017-2024', 33, '1', '1', '1', '', '', 'Geely', 'Coolray', '2020', 'GF', '1.5L, TD 7DCT, Petrol', 'Red + Black', 'White', 'V651564', 'E2561', 'Inhouse', 'Mandalay', 'nlm', '2023-07-29 00:44:13'),
	(67, 3, 3, 'PAL-G00007-2024', 0, '', '', '', '', '', 'Geely', 'Coolray', '2020', 'GF', '1.5L, TD 7DCT, Petrol', 'Red + Black', 'White', 'V2316', 'E651233', 'Factory', '', 'nlm', '2023-07-29 00:44:13'),
	(68, 3, 3, 'PAL-G00018-2024', 34, '1', '1', '1', '', '', 'Geely', 'Coolray', '2020', 'GF', '1.5L, TD 7DCT, Petrol', 'Red + Black', 'White', 'V2313', 'E132', 'Inhouse', 'Mandalay', 'nlm', '2023-07-29 00:44:13'),
	(69, 6, 1, 'PAL-G00014-2024', 30, '1', '1', '1', '', '', 'Geely', 'Coolray', '2020', 'GC', '1.5L, TD 7DCT, Petrol', 'Red + Black', 'White', 'V56564', 'E162', 'Inhouse', 'Mandalay', 'nlm', '2023-07-29 00:44:13'),
	(70, 2, 2, 'PAL-G00004-2024', 22, '', '', '', '', '', 'Geely', 'Azkarra', '2020', 'GF', '1.5L', 'Red + Black', 'Black', 'V566849', 'E98432', 'Factory', '', 'nlm', '2023-07-29 00:44:13'),
	(71, 2, 2, 'PAL-G00010-2023', 12, '1', '1', '1', '', '', 'Geely', 'Azkarra', '2020', 'GF', '1.5L', 'Red + Black', 'Black', 'V561321', '3E3321', 'Inhouse', 'Mandalay', 'nlm', '2023-07-29 00:44:13'),
	(72, 16, 14, '', 0, '1', '1', '1', '', '', 'Geely', 'Geometry F', '2023', 'Highest', '60kW', 'Black', 'Green', 'V542121', 'E8465123', 'Inhouse', 'Mandalay', 'nlm', '2023-07-29 00:47:24'),
	(73, 16, 14, '', 0, '', '', '', '', '', 'Geely', 'Geometry F', '2023', 'Highest', '60kW', 'Black', 'Green', 'V45623', 'E56230', 'Factory', '', 'nlm', '2023-07-29 00:47:24'),
	(74, 15, 10, '', 0, '', '', '', '', '', 'Geely', 'Geometry F', '2023', 'Highest', '60kW', 'Black', 'White', 'V451', '0E65123', 'Factory', '', 'nlm', '2023-07-29 00:47:24'),
	(75, 15, 10, 'PAL-G00023-2024', 43, '1', '1', '1', '', '', 'Geely', 'Geometry F', '2023', 'Highest', '60kW', 'Black', 'White', 'V6543', 'E551230', 'Inhouse', 'Mandalay', 'nlm', '2023-07-29 00:47:24'),
	(76, 15, 10, 'PAL-G00024-2024', 42, '1', '1', '1', '', '', 'Geely', 'Geometry F', '2023', 'Highest', '60kW', 'Black', 'White', 'V89456123', 'V8645123', 'Inhouse', 'Mandalay', 'nlm', '2023-07-29 00:47:24'),
	(77, 15, 10, 'PAL-G00025-2024', 38, '1', '1', '1', '', '', 'Geely', 'Geometry F', '2023', 'Highest', '60kW', 'Black', 'White', 'E56123.0', 'V5230', 'Inhouse', 'Mandalay', 'nlm', '2023-07-29 00:47:24'),
	(78, 15, 10, 'PAL-G00026-2024', 39, '1', '1', '1', '', '', 'Geely', 'Geometry F', '2023', 'Highest', '60kW', 'Black', 'White', 'V5632.0', 'E+63.523', 'Inhouse', 'Mandalay', 'nlm', '2023-07-29 00:47:24'),
	(79, 15, 10, 'PAL-G00027-2024', 40, '1', '1', '1', '', '', 'Geely', 'Geometry F', '2023', 'Highest', '60kW', 'Black', 'White', 'V230', '0+E6523', 'Inhouse', 'Mandalay', 'nlm', '2023-07-29 00:47:24'),
	(80, 19, 16, 'PAL-T00003-2024', 41, '1', '1', '1', '', '', 'T', 'Camry', '2023', 'GA', '	1.5L', 'Black', 'Black', '30V412', 'E6123', 'Inhouse', 'Mandalay', 'nlm', '2023-07-29 00:47:24'),
	(81, 17, 11, 'PAL-T00005-2024', 0, '1', '1', '1', '', '', 'TTTT', 'Beetle', '2023', 'G1', '1.5L, TD 7DCT, Petrol', 'Orange + Black', 'Silver', 'V895623', 'E87654', 'Inhouse', 'Mandalay', 'nlm', '2023-07-29 01:01:58'),
	(82, 18, 7, '', 0, 'c', 'c', 'c', 'v', 'v', 'T', 'mini van', '2020', 'test grade', '1.3L, Transmission 5, EV', 'Orange + Black', 'Green', 'V746352', 'e963', 'Inhouse', 'Junction Square', 'nlm', '2023-07-29 01:01:58'),
	(83, 18, 7, '', 0, '1', '1', '1', '', '', 'T', 'mini van', '2020', 'test grade', '1.3L, Transmission 5, EV', 'Orange + Black', 'Green', 'V4526', 'E3.2023', 'Inhouse', 'Mandalay', 'nlm', '2023-07-29 01:02:18'),
	(84, 28, 22, 'PAL-G00002-2024', 0, '1', '1', '1', '', '', 'Geely', 'BBBBB', '2023', 'MMMM', '2', 'Orange + Black', 'Silver', '12312512', '1234521', 'Inhouse', 'Mandalay', 'nlm', '2023-10-18 08:56:28'),
	(85, 27, 21, 'PAL-G00019-2024', 35, '1', '1', '1', '', '', 'Geely', 'Geometry F', '2023', 'AAAAA', '3', 'Red + Black', 'Silver', '5215123', '1251251', 'Inhouse', 'Mandalay', 'nlm', '2023-10-18 08:56:28'),
	(86, 16, 20, '', 0, '1', '1', '1', '', '', 'Geely', 'Geometry F', '2023', 'Highest', '60kW', 'Black', 'Green', '125121362', '12612351', 'Inhouse', 'Mandalay', 'nlm', '2023-10-18 08:56:28'),
	(87, 16, 23, '', 0, '1', '1', '1', '', '', 'Geely', 'Geometry F', '2023', 'Highest', '60kW', 'Black', 'Green', '1261251', '52161', 'Inhouse', 'Mandalay', 'nlm', '2023-10-18 08:56:28'),
	(88, 28, 22, 'PAL-G00003-2024', 21, '1', '1', '1', '', '', 'Geely', 'BBBBB', '2023', 'MMMM', '2', 'Orange + Black', 'Silver', '6767623', '2737232', 'Inhouse', 'Mandalay', 'nlm', '2023-10-18 08:56:28'),
	(89, 27, 21, 'PAL-G00020-2024', 36, '1', '1', '1', '', '', 'Geely', 'Geometry F', '2023', 'AAAAA', '3', 'Red + Black', 'Silver', '3462727', '3473632', 'Inhouse', 'Mandalay', 'nlm', '2023-10-18 08:56:28'),
	(90, 16, 23, '', 0, '1', '1', '1', '', '', 'Geely', 'Geometry F', '2023', 'Highest', '60kW', 'Black', 'Green', '3743652', '37347347', 'Inhouse', 'Mandalay', 'nlm', '2023-10-18 08:56:28'),
	(91, 27, 21, 'PAL-G00021-2024', 0, '1', '1', '1', '', '', 'Geely', 'Geometry F', '2023', 'AAAAA', '3', 'Red + Black', 'Silver', '7543652', '745365', 'Inhouse', 'Mandalay', 'nlm', '2023-10-18 08:56:28'),
	(92, 28, 22, 'PAL-G00005-2024', 23, '1', '1', '1', '', '', 'Geely', 'BBBBB', '2023', 'MMMM', '2', 'Orange + Black', 'Silver', '235126', '2362362', 'Inhouse', 'Mandalay', 'nlm', '2023-10-18 08:56:28'),
	(93, 29, 24, 'PAL-G00011-2023', 13, 'z', 'z', 'z', '', '', 'Geely', 'BBBBB', '2023', 'MMMM', '2', 'Black', 'Black', 'cccc', 'cccc', 'Inhouse', 'Mandalay', 'nlm', '2023-10-18 09:08:29'),
	(94, 29, 24, 'PAL-G00013-2023', 16, 'z', 'z', 'z', '', '', 'Geely', 'BBBBB', '2023', 'MMMM', '2', 'Black', 'Black', 'vvvv', 'vvvv', 'Inhouse', 'Mandalay', 'nlm', '2023-10-18 09:08:29'),
	(95, 29, 24, 'PAL-G00001-2024', 20, 'z', 'z', 'z', '', '', 'Geely', 'BBBBB', '2023', 'MMMM', '2', 'Black', 'Black', 'bbbb', 'bbbbb', 'Inhouse', 'Mandalay', 'nlm', '2023-10-18 09:08:29'),
	(96, 28, 22, 'PAL-G00012-2024', 28, 'c', 'c', 'c', '', '', 'Geely', 'BBBBB', '2023', 'MMMM', '2', 'Orange + Black', 'Silver', '11111', '11111', 'Inhouse', 'Yangon Showroom', 'nlm', '2023-12-15 04:14:22'),
	(97, 30, 25, 'PAL-C00001-2023', 17, '123', '123', '123', '', '', 'CC', 'Sport', '2022', 'AT', '1.5', 'Black', 'Blue', 'VN00011', 'EN00011', 'Inhouse', 'Ever Thrive', 'nlm', '2023-12-15 14:24:19'),
	(98, 30, 25, 'PAL-C00002-2023', 18, '123', '123', '123', '', '', 'CC', 'Sport', '2022', 'AT', '1.5', 'Black', 'Blue', 'VN00012', 'EN00012', 'Inhouse', 'Ever Thrive', 'nlm', '2023-12-15 14:24:19'),
	(99, 29, 26, 'PAL-G00028-2024', 45, '', '', '', '', '', 'Geely', 'BBBBB', '2023', 'MMMM', '2', 'Black', 'Black', '123', '123', 'Factory', '', 'wla', '2024-03-25 09:37:14'),
	(100, 30, 33, 'PAL-C00001-2024', 46, '125141', '12124', '14214125', '', '', 'CC', 'Sport', '2022', 'AT', '1.5', 'Black', 'Blue', '2222222222', '2222222', 'Inhouse', 'Mandalay Showroom', 'bmtest', '2024-05-14 20:55:44'),
	(101, 30, 33, 'PAL-C00002-2024', 47, '125141', '12124', '14214125', '', '', 'CC', 'Sport', '2022', 'AT', '1.5', 'Black', 'Blue', 'dasdasd', 'dsadasda', 'Inhouse', 'Mandalay Showroom', 'bmtest', '2024-05-14 20:55:44'),
	(102, 30, 33, 'PAL-C00003-2024', 0, '125141', '12124', '14214125', '', '', 'CC', 'Sport', '2022', 'AT', '1.5', 'Black', 'Blue', 'cccccc', 'ccccccc', 'Inhouse', 'Mandalay Showroom', 'bmtest', '2024-05-14 20:55:44'),
	(103, 30, 33, 'PAL-C00004-2024', 48, '125141', '12124', '14214125', '', '', 'CC', 'Sport', '2022', 'AT', '1.5', 'Black', 'Blue', 'vvvvvv', 'vvvvvvvvvv', 'Inhouse', 'Mandalay Showroom', 'bmtest', '2024-05-14 20:55:44');

-- Dumping structure for table geely_db1.car_stock_transfer
DROP TABLE IF EXISTS `car_stock_transfer`;
CREATE TABLE IF NOT EXISTS `car_stock_transfer` (
  `id` int(11) NOT NULL AUTO_INCREMENT,
  `car_stock_id` int(11) NOT NULL DEFAULT 0,
  `from` varchar(150) NOT NULL DEFAULT '',
  `to` varchar(150) NOT NULL DEFAULT '',
  `transfer_date` varchar(50) NOT NULL DEFAULT '',
  `transfer_time` varchar(50) NOT NULL DEFAULT '',
  `arrival_date` varchar(50) NOT NULL DEFAULT '',
  `arrival_time` varchar(50) NOT NULL DEFAULT '',
  `estimated_arrival_date` varchar(50) NOT NULL DEFAULT '',
  `departure_mileage` int(11) NOT NULL DEFAULT 0,
  `departure_fuel_level` int(11) NOT NULL DEFAULT 0,
  `arrival_mileage` int(11) NOT NULL DEFAULT 0,
  `arrival_fuel_level` int(11) NOT NULL DEFAULT 0,
  `transfer_reason` varchar(255) NOT NULL DEFAULT '',
  `driver_id` int(11) NOT NULL DEFAULT 0,
  `transporter` varchar(100) NOT NULL DEFAULT '',
  `t_name` varchar(255) NOT NULL DEFAULT '',
  `t_phone` varchar(50) NOT NULL DEFAULT '',
  `inspection_in` varchar(255) NOT NULL DEFAULT '',
  `inspection_out` varchar(255) NOT NULL DEFAULT '',
  `entry_by` varchar(50) NOT NULL DEFAULT '',
  `entry_date_time` varchar(50) NOT NULL DEFAULT '',
  PRIMARY KEY (`id`) USING BTREE
) ENGINE=InnoDB AUTO_INCREMENT=207 DEFAULT CHARSET=utf8mb4 COLLATE=utf8mb4_unicode_ci;

-- Dumping data for table geely_db1.car_stock_transfer: ~177 rows (approximately)
INSERT INTO `car_stock_transfer` (`id`, `car_stock_id`, `from`, `to`, `transfer_date`, `transfer_time`, `arrival_date`, `arrival_time`, `estimated_arrival_date`, `departure_mileage`, `departure_fuel_level`, `arrival_mileage`, `arrival_fuel_level`, `transfer_reason`, `driver_id`, `transporter`, `t_name`, `t_phone`, `inspection_in`, `inspection_out`, `entry_by`, `entry_date_time`) VALUES
	(1, 1, 'Shipment', 'RGN Port', '', '', '2023-06-25', '', '', 0, 0, 0, 0, '', 0, '', '', '', '', '', 'aas', '2023-06-20 11:48:45'),
	(2, 1, 'RGN Port', 'Inhouse', '', '', '2023-06-20', '', '', 0, 0, 0, 0, '', 0, 'Company', 'Min Min', '09239495032', '', '', 'aas', '2023-06-20 11:51:31'),
	(3, 1, 'Ygn Main Show Room', 'Mandalay', '2023-06-20', '11:00 AM', '2023-06-21', '12:00 PM', '', 0, 50, 0, 80, 'Road Show', 0, 'Driver', 'Myint', '0923994394', 'InspectionIn.pdf', 'InspectionOut.pdf', 'aas', '2023-06-20 11:56:12'),
	(4, 2, 'Shipment', 'RGN Port', '', '', '2023-06-25', '', '', 0, 0, 0, 0, '', 0, '', '', '', '', '', 'aas', '2023-06-25 04:09:16'),
	(5, 2, 'RGN Port', 'Bounded Warehouse', '', '', '2023-06-25', '', '', 0, 0, 0, 0, '', 0, '', '', '', '', '', 'aas', '2023-06-25 04:16:48'),
	(6, 7, 'Shipment', 'RGN Port', '', '', '2023-06-25', '', '', 0, 0, 0, 0, '', 0, '', '', '', '', '', 'aas', '2023-06-25 04:17:36'),
	(7, 2, 'RGN Port', 'Inhouse', '', '', '2023-06-25', '', '', 0, 0, 0, 0, '', 0, 'Company', 'Sonic', '09123456', '', '', 'aas', '2023-06-25 04:28:29'),
	(8, 7, 'RGN Port', 'Bounded Warehouse', '', '', '2023-06-25', '', '', 0, 0, 0, 0, '', 0, 'Company', 'null', 'null', '', '', 'aas', '2023-06-25 04:28:43'),
	(9, 3, 'Shipment', 'RGN Port', '', '', '2023-06-30', '', '', 0, 0, 0, 0, '', 0, 'Company', 'null', 'null', '', '', 'saa', '2023-06-26 22:03:05'),
	(10, 4, 'Shipment', 'RGN Port', '', '', '2023-06-30', '', '', 0, 0, 0, 0, '', 0, 'Company', 'null', 'null', '', '', 'saa', '2023-06-26 22:03:05'),
	(11, 5, 'Shipment', 'RGN Port', '', '', '2023-06-30', '', '', 0, 0, 0, 0, '', 0, '', '', '', '', '', 'saa', '2023-06-26 22:03:05'),
	(12, 3, 'RGN Port', 'Inhouse', '', '', '2023-06-26', '', '', 0, 0, 0, 0, '', 0, 'Company', 'Aung Aung', '0922277869', '', '', 'saa', '2023-06-26 22:12:55'),
	(13, 4, 'RGN Port', 'Inhouse', '', '', '2023-06-26', '', '', 0, 0, 0, 0, '', 0, 'Company', 'null', 'null', '', '', 'saa', '2023-06-26 22:12:55'),
	(14, 5, 'RGN Port', 'Inhouse', '', '', '2023-06-26', '', '', 0, 0, 0, 0, '', 0, 'Company', 'null', 'null', '', '', 'saa', '2023-06-26 22:12:55'),
	(15, 3, 'Capital Hypermarket', 'Mandalay', '2023-06-26', '11:00 AM', '2023-06-30', '12:00 PM', '', 0, 50, 0, 80, 'Road Show', 0, 'Driver', 'U Naing', '096986535', 'InspectionIn.pdf', 'InspectionOut.pdf', 'saa', '2023-06-26 22:43:12'),
	(16, 6, 'Shipment', 'RGN Port', '', '', '2023-07-03', '', '', 0, 0, 0, 0, '', 0, '', '', '', '', '', 'aas', '2023-07-03 10:23:51'),
	(17, 8, 'Shipment', 'RGN Port', '', '', '2023-07-03', '', '', 0, 0, 0, 0, '', 0, 'Company', 'null', 'null', '', '', 'aas', '2023-07-03 10:23:51'),
	(18, 9, 'Shipment', 'RGN Port', '', '', '2023-07-03', '', '', 0, 0, 0, 0, '', 0, 'Company', 'null', 'null', '', '', 'aas', '2023-07-03 10:23:51'),
	(19, 10, 'Shipment', 'RGN Port', '', '', '2023-07-03', '', '', 0, 0, 0, 0, '', 0, 'Company', 'null', 'null', '', '', 'aas', '2023-07-03 10:23:51'),
	(20, 11, 'Shipment', 'RGN Port', '', '', '2023-07-03', '', '', 0, 0, 0, 0, '', 0, 'Company', 'null', 'null', '', '', 'aas', '2023-07-03 10:23:51'),
	(21, 12, 'Shipment', 'RGN Port', '', '', '2023-07-03', '', '', 0, 0, 0, 0, '', 0, 'Company', 'null', 'null', '', '', 'aas', '2023-07-03 10:23:51'),
	(22, 13, 'Shipment', 'RGN Port', '', '', '2023-07-03', '', '', 0, 0, 0, 0, '', 0, 'Company', 'null', 'null', '', '', 'aas', '2023-07-03 10:23:51'),
	(23, 14, 'Shipment', 'RGN Port', '', '', '2023-07-03', '', '', 0, 0, 0, 0, '', 0, 'Company', 'null', 'null', '', '', 'aas', '2023-07-03 10:23:51'),
	(24, 15, 'Shipment', 'RGN Port', '', '', '2023-07-03', '', '', 0, 0, 0, 0, '', 0, 'Company', 'null', 'null', '', '', 'aas', '2023-07-03 10:23:51'),
	(25, 16, 'Shipment', 'RGN Port', '', '', '2023-07-03', '', '', 0, 0, 0, 0, '', 0, 'Company', 'null', 'null', '', '', 'aas', '2023-07-03 10:23:51'),
	(26, 17, 'Shipment', 'RGN Port', '', '', '2023-07-03', '', '', 0, 0, 0, 0, '', 0, 'Company', 'null', 'null', '', '', 'aas', '2023-07-03 10:23:51'),
	(27, 18, 'Shipment', 'RGN Port', '', '', '2023-07-03', '', '', 0, 0, 0, 0, '', 0, 'Company', 'null', 'null', '', '', 'aas', '2023-07-03 10:23:51'),
	(28, 19, 'Shipment', 'RGN Port', '', '', '2023-07-03', '', '', 0, 0, 0, 0, '', 0, 'Company', 'null', 'null', '', '', 'aas', '2023-07-03 10:23:51'),
	(29, 20, 'Shipment', 'RGN Port', '', '', '2023-07-03', '', '', 0, 0, 0, 0, '', 0, 'Company', 'null', 'null', '', '', 'aas', '2023-07-03 10:23:51'),
	(30, 21, 'Shipment', 'RGN Port', '', '', '2023-07-03', '', '', 0, 0, 0, 0, '', 0, 'Company', 'null', 'null', '', '', 'aas', '2023-07-03 10:23:51'),
	(31, 22, 'Shipment', 'RGN Port', '', '', '2023-07-03', '', '', 0, 0, 0, 0, '', 0, 'Company', 'null', 'null', '', '', 'aas', '2023-07-03 10:23:51'),
	(32, 23, 'Shipment', 'RGN Port', '', '', '2023-07-03', '', '', 0, 0, 0, 0, '', 0, 'Company', 'null', 'null', '', '', 'aas', '2023-07-03 10:23:51'),
	(33, 24, 'Shipment', 'RGN Port', '', '', '2023-07-03', '', '', 0, 0, 0, 0, '', 0, 'Company', 'null', 'null', '', '', 'aas', '2023-07-03 10:23:51'),
	(34, 25, 'Shipment', 'RGN Port', '', '', '2023-07-03', '', '', 0, 0, 0, 0, '', 0, 'Company', 'null', 'null', '', '', 'aas', '2023-07-03 10:23:51'),
	(35, 26, 'Shipment', 'RGN Port', '', '', '2023-07-03', '', '', 0, 0, 0, 0, '', 0, 'Company', 'null', 'null', '', '', 'aas', '2023-07-03 10:23:51'),
	(36, 27, 'Shipment', 'RGN Port', '', '', '2023-07-03', '', '', 0, 0, 0, 0, '', 0, 'Company', 'null', 'null', '', '', 'aas', '2023-07-03 10:23:51'),
	(37, 6, 'RGN Port', 'Inhouse', '', '', '2023-07-03', '', '', 0, 0, 0, 0, '', 0, 'Company', 'tt', '123', '', '', 'aas', '2023-07-03 10:24:23'),
	(38, 8, 'RGN Port', 'Inhouse', '', '', '2023-07-03', '', '', 0, 0, 0, 0, '', 0, 'Company', 'null', 'null', '', '', 'aas', '2023-07-03 10:24:23'),
	(39, 9, 'RGN Port', 'Inhouse', '', '', '2023-07-03', '', '', 0, 0, 0, 0, '', 0, 'Company', 'null', 'null', '', '', 'aas', '2023-07-03 10:24:23'),
	(40, 10, 'RGN Port', 'Inhouse', '', '', '2023-07-03', '', '', 0, 0, 0, 0, '', 0, 'Company', 'null', 'null', '', '', 'aas', '2023-07-03 10:24:23'),
	(41, 11, 'RGN Port', 'Inhouse', '', '', '2023-07-03', '', '', 0, 0, 0, 0, '', 0, 'Company', 'null', 'null', '', '', 'aas', '2023-07-03 10:24:23'),
	(42, 12, 'RGN Port', 'Inhouse', '', '', '2023-07-03', '', '', 0, 0, 0, 0, '', 0, 'Company', 'null', 'null', '', '', 'aas', '2023-07-03 10:24:23'),
	(43, 13, 'RGN Port', 'Inhouse', '', '', '2023-07-03', '', '', 0, 0, 0, 0, '', 0, 'Company', 'null', 'null', '', '', 'aas', '2023-07-03 10:24:23'),
	(44, 14, 'RGN Port', 'Inhouse', '', '', '2023-07-03', '', '', 0, 0, 0, 0, '', 0, 'Company', 'null', 'null', '', '', 'aas', '2023-07-03 10:24:23'),
	(45, 15, 'RGN Port', 'Inhouse', '', '', '2023-07-03', '', '', 0, 0, 0, 0, '', 0, 'Company', 'null', 'null', '', '', 'aas', '2023-07-03 10:24:23'),
	(46, 16, 'RGN Port', 'Inhouse', '', '', '2023-07-03', '', '', 0, 0, 0, 0, '', 0, 'Company', 'null', 'null', '', '', 'aas', '2023-07-03 10:24:23'),
	(47, 17, 'RGN Port', 'Inhouse', '', '', '2023-07-03', '', '', 0, 0, 0, 0, '', 0, 'Company', 'null', 'null', '', '', 'aas', '2023-07-03 10:24:23'),
	(48, 18, 'RGN Port', 'Inhouse', '', '', '2023-07-03', '', '', 0, 0, 0, 0, '', 0, 'Company', 'null', 'null', '', '', 'aas', '2023-07-03 10:24:23'),
	(49, 19, 'RGN Port', 'Inhouse', '', '', '2023-07-03', '', '', 0, 0, 0, 0, '', 0, 'Company', 'null', 'null', '', '', 'aas', '2023-07-03 10:24:23'),
	(50, 20, 'RGN Port', 'Inhouse', '', '', '2023-07-03', '', '', 0, 0, 0, 0, '', 0, 'Company', 'null', 'null', '', '', 'aas', '2023-07-03 10:24:23'),
	(51, 21, 'RGN Port', 'Inhouse', '', '', '2023-07-03', '', '', 0, 0, 0, 0, '', 0, 'Company', 'null', 'null', '', '', 'aas', '2023-07-03 10:24:23'),
	(52, 22, 'RGN Port', 'Inhouse', '', '', '2023-07-03', '', '', 0, 0, 0, 0, '', 0, 'Company', 'null', 'null', '', '', 'aas', '2023-07-03 10:24:23'),
	(53, 23, 'RGN Port', 'Inhouse', '', '', '2023-07-03', '', '', 0, 0, 0, 0, '', 0, 'Company', 'null', 'null', '', '', 'aas', '2023-07-03 10:24:23'),
	(54, 24, 'RGN Port', 'Inhouse', '', '', '2023-07-03', '', '', 0, 0, 0, 0, '', 0, 'Company', 'null', 'null', '', '', 'aas', '2023-07-03 10:24:23'),
	(55, 25, 'RGN Port', 'Inhouse', '', '', '2023-07-03', '', '', 0, 0, 0, 0, '', 0, 'Company', 'null', 'null', '', '', 'aas', '2023-07-03 10:24:23'),
	(56, 26, 'RGN Port', 'Inhouse', '', '', '2023-07-03', '', '', 0, 0, 0, 0, '', 0, 'Company', 'null', 'null', '', '', 'aas', '2023-07-03 10:24:23'),
	(57, 27, 'RGN Port', 'Inhouse', '', '', '2023-07-03', '', '', 0, 0, 0, 0, '', 0, 'Company', 'null', 'null', '', '', 'aas', '2023-07-03 10:24:23'),
	(58, 31, 'Shipment', 'RGN Port', '', '', '2023-07-03', '', '', 0, 0, 0, 0, '', 0, '', '', '', '', '', 'aas', '2023-07-03 21:12:55'),
	(59, 31, 'RGN Port', 'Bounded Warehouse', '', '', '2023-07-10', '', '', 0, 0, 0, 0, '', 0, '', '', '', '', '', 'aas', '2023-07-03 21:15:36'),
	(60, 7, 'Bounded Warehouse', 'Inhouse', '', '', '2023-07-03', '', '', 0, 0, 0, 0, '', 0, 'Company', 'null', 'null', '', '', 'aas', '2023-07-03 21:39:54'),
	(61, 31, 'Bounded Warehouse', 'Inhouse', '', '', '2023-07-03', '', '', 0, 0, 0, 0, '', 0, 'Company', 'ko nyi', 'fdkadl;ieaksask134344334313', '', '', 'aas', '2023-07-03 21:39:54'),
	(62, 4, 'Capital Hypermarket', 'Mandalay', '2023-07-03', '11:00 AM', '2023-07-05', '12:00 PM', '', 230, 30, 560, 60, 'Courtesy', 0, 'Driver', 'ko ko', 'fasdfdsf12233432', 'InspectionIn.pdf', 'InspectionOut.pdf', 'aas', '2023-07-03 21:56:06'),
	(63, 35, 'Shipment', 'RGN Port', '', '', '2023-07-10', '', '', 0, 0, 0, 0, '', 0, '', '', '', '', '', 'AAS', '2023-07-07 15:20:42'),
	(64, 35, 'RGN Port', 'Inhouse', '', '', '2023-07-07', '', '', 0, 0, 0, 0, '', 0, 'Company', 'KZZ', '0233243265', '', '', 'AAS', '2023-07-07 15:25:51'),
	(65, 34, 'Shipment', 'RGN Port', '', '', '2023-07-07', '', '', 0, 0, 0, 0, '', 0, '', '', '', '', '', 'AAS', '2023-07-07 15:28:28'),
	(66, 34, 'RGN Port', 'Bounded Warehouse', '', '', '2023-07-07', '', '', 0, 0, 0, 0, '', 0, '', '', '', '', '', 'AAS', '2023-07-07 15:29:40'),
	(67, 34, 'Bounded Warehouse', 'Inhouse', '', '', '2023-07-07', '', '', 0, 0, 0, 0, '', 0, 'Company', 'KZZ', '0932569856', '', '', 'AAS', '2023-07-07 15:31:12'),
	(68, 28, 'Shipment', 'RGN Port', '', '', '2023-07-08', '', '', 0, 0, 0, 0, '', 0, '', '', '', '', '', 'AAS', '2023-07-07 15:45:53'),
	(69, 28, 'RGN Port', 'Bounded Warehouse', '', '', '2023-07-10', '', '', 0, 0, 0, 0, '', 0, '', '', '', '', '', 'AAS', '2023-07-07 15:47:39'),
	(70, 28, 'Bounded Warehouse', 'Inhouse', '', '', '2023-07-15', '', '', 0, 0, 0, 0, '', 0, 'Company', 'KYAW', '09236589456', '', '', 'AAS', '2023-07-07 15:49:37'),
	(71, 29, 'Shipment', 'RGN Port', '', '', '2023-07-16', '', '', 0, 0, 0, 0, '', 0, '', '', '', '', '', 'AAS', '2023-07-07 15:51:35'),
	(72, 30, 'Shipment', 'RGN Port', '', '', '2023-07-10', '', '', 0, 0, 0, 0, '', 0, '', '', '', '', '', 'AAS', '2023-07-07 16:10:38'),
	(73, 32, 'Shipment', 'RGN Port', '', '', '2023-07-11', '', '', 0, 0, 0, 0, '', 0, '', '', '', '', '', 'aas', '2023-07-07 20:26:14'),
	(74, 32, 'RGN Port', 'Bounded Warehouse', '', '', '2023-07-15', '', '', 0, 0, 0, 0, '', 0, '', '', '', '', '', 'aas', '2023-07-07 20:58:35'),
	(75, 32, 'Bounded Warehouse', 'Inhouse', '', '', '2023-07-18', '', '', 0, 0, 0, 0, '', 0, 'Company', 'tun oo', '09362598456', '', '', 'aas', '2023-07-07 21:25:22'),
	(76, 11, 'Ygn Main Show Room', 'Junction Square', '2023-07-07', '11:00 AM', '2023-07-07', '06:00 PM', '', 9, 30, 80, 80, 'Services', 1, 'Company Driver', '', '', 'InspectionIn.pdf', 'InspectionOut.pdf', 'aas', '2023-07-07 23:00:53'),
	(77, 27, 'Ygn Main Show Room', 'Ever Thrive', '2023-07-07', '11:00 AM', '2023-07-07', '12:00 PM', '', 8, 20, 9, 80, 'Road Show', 0, 'Train', 'NI NI', '0932569875', 'InspectionIn.pdf', 'InspectionOut.pdf', 'aas', '2023-07-07 23:03:18'),
	(78, 7, 'Mandalay', 'Mandalay', '2023-07-07', '11:00 AM', '2023-07-07', '12:00 PM', '', 0, 10, 0, 10, 'Road Show', 0, 'Company', 'OO PP', '098653258', 'InspectionIn.pdf', 'InspectionOut.pdf', 'aas', '2023-07-07 23:05:45'),
	(79, 35, 'Ygn Main Show Room', 'Mandalay', '2023-07-07', '05:00 AM', '2023-07-10', '05:00 PM', '', 0, 30, 0, 70, 'Road Show', 0, 'Company', 'op hi', '23658942', 'InspectionIn.pdf', 'InspectionOut.pdf', 'aas', '2023-07-07 23:44:32'),
	(80, 26, 'Ygn Main Show Room', 'Mandalay', '2023-07-07', '11:00 AM', '2023-07-07', '12:00 PM', '', 0, 30, 0, 50, 'Other Showroom Display', 0, 'Driver', 'မင်းမင်း', '03659856', 'InspectionIn.pdf', 'InspectionOut.pdf', 'aas', '2023-07-07 23:45:27'),
	(81, 25, 'Ygn Main Show Room', 'Mandalay', '2023-07-07', '11:00 AM', '2023-07-07', '10:00 PM', '', 0, 30, 0, 50, 'Courtesy', 0, 'Driver', 'ei ei', '0965235889', 'InspectionIn.pdf', 'InspectionOut.pdf', 'aas', '2023-07-07 23:46:35'),
	(82, 24, 'Ygn Main Show Room', 'Mandalay', '2023-07-07', '11:00 AM', '2023-07-07', '10:00 PM', '', 0, 10, 0, 10, 'Road Show', 0, 'Driver', 'oo', '086963566', 'InspectionIn.pdf', 'InspectionOut.pdf', 'aas', '2023-07-07 23:47:14'),
	(83, 23, 'Ygn Main Show Room', 'Mandalay', '2023-07-07', '08:00 AM', '2023-07-07', '04:00 PM', '', 0, 10, 0, 10, 'Other Showroom Display', 0, 'Company', 'ko', '05698523', 'InspectionIn.pdf', 'InspectionOut.pdf', 'aas', '2023-07-07 23:48:57'),
	(84, 14, 'Ygn Main Show Room', 'Ever Thrive', '2023-07-10', '11:00 AM', '2023-07-10', '12:00 PM', '', 7, 30, 6, 50, 'Road Show', 0, 'Train', 'MM', '0965893256', 'InspectionIn.pdf', 'InspectionOut.pdf', 'aas', '2023-07-10 16:50:53'),
	(85, 13, 'Ygn Main Show Room', 'Ever Thrive', '2023-07-10', '11:00 AM', '2023-07-11', '11:00 AM', '', 80, 20, 90, 30, 'Other Showroom Display', 1, 'Company Driver', '', '', 'InspectionIn.pdf', 'InspectionOut.pdf', 'aas', '2023-07-10 16:52:34'),
	(86, 9, 'Ygn Main Show Room', 'Junction Square', '2023-07-10', '10:00 AM', '2023-07-10', '10:00 AM', '', 0, 10, 0, 10, 'Road Show', 1, 'Company Driver', '', '', 'InspectionIn.pdf', 'InspectionOut.pdf', 'aas', '2023-07-10 16:56:26'),
	(87, 33, 'Shipment', 'RGN Port', '', '', '2023-07-28', '', '', 0, 0, 0, 0, '', 0, 'Company', 'null', 'null', '', '', 'aas', '2023-07-28 23:24:06'),
	(88, 36, 'Shipment', 'RGN Port', '', '', '2023-07-28', '', '', 0, 0, 0, 0, '', 0, '', '', '', '', '', 'aas', '2023-07-28 23:24:06'),
	(89, 37, 'Shipment', 'RGN Port', '', '', '2023-07-28', '', '', 0, 0, 0, 0, '', 0, 'Company', 'null', 'null', '', '', 'aas', '2023-07-28 23:24:06'),
	(90, 38, 'Shipment', 'RGN Port', '', '', '2023-07-28', '', '', 0, 0, 0, 0, '', 0, 'Company', 'null', 'null', '', '', 'aas', '2023-07-28 23:24:06'),
	(91, 29, 'RGN Port', 'Bounded Warehouse', '', '', '2023-07-28', '', '', 0, 0, 0, 0, '', 0, 'Company', 'null', 'null', '', '', 'aas', '2023-07-28 23:26:01'),
	(92, 30, 'RGN Port', 'Bounded Warehouse', '', '', '2023-07-28', '', '', 0, 0, 0, 0, '', 0, 'Company', 'null', 'null', '', '', 'aas', '2023-07-28 23:26:01'),
	(93, 33, 'RGN Port', 'Bounded Warehouse', '', '', '2023-07-28', '', '', 0, 0, 0, 0, '', 0, 'Company', 'null', 'null', '', '', 'aas', '2023-07-28 23:26:01'),
	(94, 36, 'RGN Port', 'Inhouse', '', '', '2023-07-28', '', '', 0, 0, 0, 0, '', 0, 'Company', 'UINKO', '0654365298', '', '', 'aas', '2023-07-28 23:26:08'),
	(95, 37, 'RGN Port', 'Inhouse', '', '', '2023-07-28', '', '', 0, 0, 0, 0, '', 0, 'Company', 'null', 'null', '', '', 'aas', '2023-07-28 23:26:08'),
	(96, 38, 'RGN Port', 'Inhouse', '', '', '2023-07-28', '', '', 0, 0, 0, 0, '', 0, 'Company', 'null', 'null', '', '', 'aas', '2023-07-28 23:26:08'),
	(97, 29, 'Bounded Warehouse', 'Inhouse', '', '', '2023-07-28', '', '', 0, 0, 0, 0, '', 0, 'Company', 'NIE', '085209663', '', '', 'aas', '2023-07-28 23:26:44'),
	(98, 30, 'Bounded Warehouse', 'Inhouse', '', '', '2023-07-28', '', '', 0, 0, 0, 0, '', 0, 'Company', 'null', 'null', '', '', 'aas', '2023-07-28 23:26:44'),
	(99, 33, 'Bounded Warehouse', 'Inhouse', '', '', '2023-07-28', '', '', 0, 0, 0, 0, '', 0, 'Company', 'null', 'null', '', '', 'aas', '2023-07-28 23:26:44'),
	(100, 28, 'Mandalay', 'Capital Hypermarket', '2023-07-28', '11:00 AM', '2023-07-28', '12:00 PM', '', 78451230, 50, 45620, 60, 'Road Show', 0, 'Company', 'CDGS', '0894562', 'InspectionIn.pdf', 'InspectionOut.pdf', 'aas', '2023-07-28 23:36:43'),
	(101, 82, 'Shipment', 'RGN Port', '', '', '2023-08-10', '', '', 0, 0, 0, 0, '', 0, '', '', '', '', '', 'aas', '2023-08-10 23:05:48'),
	(102, 82, 'RGN Port', 'Bounded Warehouse', '', '', '2023-08-10', '', '', 0, 0, 0, 0, '', 0, '', '', '', '', '', 'aas', '2023-08-10 23:07:17'),
	(103, 82, 'Bounded Warehouse', 'Inhouse', '', '', '2023-08-10', '', '', 0, 0, 0, 0, '', 0, 'Company', 'b', '0', '', '', 'aas', '2023-08-10 23:08:45'),
	(104, 39, 'Shipment', 'RGN Port', '', '', '2023-10-18', '', '', 0, 0, 0, 0, '', 0, '', '', '', '', '', 'sup', '2023-10-18 08:58:58'),
	(105, 40, 'Shipment', 'RGN Port', '', '', '2023-10-18', '', '', 0, 0, 0, 0, '', 0, 'Company', 'null', 'null', '', '', 'sup', '2023-10-18 08:58:58'),
	(106, 41, 'Shipment', 'RGN Port', '', '', '2023-10-18', '', '', 0, 0, 0, 0, '', 0, 'Company', 'null', 'null', '', '', 'sup', '2023-10-18 08:58:58'),
	(107, 42, 'Shipment', 'RGN Port', '', '', '2023-10-18', '', '', 0, 0, 0, 0, '', 0, 'Company', 'null', 'null', '', '', 'sup', '2023-10-18 08:58:58'),
	(108, 43, 'Shipment', 'RGN Port', '', '', '2023-10-18', '', '', 0, 0, 0, 0, '', 0, 'Company', 'null', 'null', '', '', 'sup', '2023-10-18 08:58:58'),
	(109, 44, 'Shipment', 'RGN Port', '', '', '2023-10-18', '', '', 0, 0, 0, 0, '', 0, 'Company', 'null', 'null', '', '', 'sup', '2023-10-18 08:58:58'),
	(110, 45, 'Shipment', 'RGN Port', '', '', '2023-10-18', '', '', 0, 0, 0, 0, '', 0, 'Company', 'null', 'null', '', '', 'sup', '2023-10-18 08:58:58'),
	(111, 46, 'Shipment', 'RGN Port', '', '', '2023-10-18', '', '', 0, 0, 0, 0, '', 0, 'Company', 'null', 'null', '', '', 'sup', '2023-10-18 08:58:58'),
	(112, 47, 'Shipment', 'RGN Port', '', '', '2023-10-18', '', '', 0, 0, 0, 0, '', 0, 'Company', 'null', 'null', '', '', 'sup', '2023-10-18 08:58:58'),
	(113, 48, 'Shipment', 'RGN Port', '', '', '2023-10-18', '', '', 0, 0, 0, 0, '', 0, 'Company', 'null', 'null', '', '', 'sup', '2023-10-18 08:58:58'),
	(114, 49, 'Shipment', 'RGN Port', '', '', '2023-10-18', '', '', 0, 0, 0, 0, '', 0, 'Company', 'null', 'null', '', '', 'sup', '2023-10-18 08:58:58'),
	(115, 50, 'Shipment', 'RGN Port', '', '', '2023-10-18', '', '', 0, 0, 0, 0, '', 0, 'Company', 'null', 'null', '', '', 'sup', '2023-10-18 08:58:58'),
	(116, 51, 'Shipment', 'RGN Port', '', '', '2023-10-18', '', '', 0, 0, 0, 0, '', 0, 'Company', 'null', 'null', '', '', 'sup', '2023-10-18 08:58:58'),
	(117, 52, 'Shipment', 'RGN Port', '', '', '2023-10-18', '', '', 0, 0, 0, 0, '', 0, 'Company', 'null', 'null', '', '', 'sup', '2023-10-18 08:58:58'),
	(118, 53, 'Shipment', 'RGN Port', '', '', '2023-10-18', '', '', 0, 0, 0, 0, '', 0, 'Company', 'null', 'null', '', '', 'sup', '2023-10-18 08:58:58'),
	(119, 66, 'Shipment', 'RGN Port', '', '', '2023-10-18', '', '', 0, 0, 0, 0, '', 0, 'Company', 'null', 'null', '', '', 'sup', '2023-10-18 08:58:58'),
	(120, 68, 'Shipment', 'RGN Port', '', '', '2023-10-18', '', '', 0, 0, 0, 0, '', 0, 'Company', 'null', 'null', '', '', 'sup', '2023-10-18 08:58:58'),
	(121, 69, 'Shipment', 'RGN Port', '', '', '2023-10-18', '', '', 0, 0, 0, 0, '', 0, 'Company', 'null', 'null', '', '', 'sup', '2023-10-18 08:58:58'),
	(122, 71, 'Shipment', 'RGN Port', '', '', '2023-10-18', '', '', 0, 0, 0, 0, '', 0, 'Company', 'null', 'null', '', '', 'sup', '2023-10-18 08:58:58'),
	(123, 72, 'Shipment', 'RGN Port', '', '', '2023-10-18', '', '', 0, 0, 0, 0, '', 0, 'Company', 'null', 'null', '', '', 'sup', '2023-10-18 08:58:58'),
	(124, 75, 'Shipment', 'RGN Port', '', '', '2023-10-18', '', '', 0, 0, 0, 0, '', 0, 'Company', 'null', 'null', '', '', 'sup', '2023-10-18 08:58:58'),
	(125, 76, 'Shipment', 'RGN Port', '', '', '2023-10-18', '', '', 0, 0, 0, 0, '', 0, 'Company', 'null', 'null', '', '', 'sup', '2023-10-18 08:58:58'),
	(126, 77, 'Shipment', 'RGN Port', '', '', '2023-10-18', '', '', 0, 0, 0, 0, '', 0, 'Company', 'null', 'null', '', '', 'sup', '2023-10-18 08:58:58'),
	(127, 78, 'Shipment', 'RGN Port', '', '', '2023-10-18', '', '', 0, 0, 0, 0, '', 0, 'Company', 'null', 'null', '', '', 'sup', '2023-10-18 08:58:58'),
	(128, 79, 'Shipment', 'RGN Port', '', '', '2023-10-18', '', '', 0, 0, 0, 0, '', 0, 'Company', 'null', 'null', '', '', 'sup', '2023-10-18 08:58:58'),
	(129, 80, 'Shipment', 'RGN Port', '', '', '2023-10-18', '', '', 0, 0, 0, 0, '', 0, 'Company', 'null', 'null', '', '', 'sup', '2023-10-18 08:58:58'),
	(130, 81, 'Shipment', 'RGN Port', '', '', '2023-10-18', '', '', 0, 0, 0, 0, '', 0, 'Company', 'null', 'null', '', '', 'sup', '2023-10-18 08:58:58'),
	(131, 83, 'Shipment', 'RGN Port', '', '', '2023-10-18', '', '', 0, 0, 0, 0, '', 0, 'Company', 'null', 'null', '', '', 'sup', '2023-10-18 08:58:58'),
	(132, 84, 'Shipment', 'RGN Port', '', '', '2023-10-18', '', '', 0, 0, 0, 0, '', 0, 'Company', 'null', 'null', '', '', 'sup', '2023-10-18 08:58:58'),
	(133, 85, 'Shipment', 'RGN Port', '', '', '2023-10-18', '', '', 0, 0, 0, 0, '', 0, 'Company', 'null', 'null', '', '', 'sup', '2023-10-18 08:58:58'),
	(134, 86, 'Shipment', 'RGN Port', '', '', '2023-10-18', '', '', 0, 0, 0, 0, '', 0, 'Company', 'null', 'null', '', '', 'sup', '2023-10-18 08:58:58'),
	(135, 87, 'Shipment', 'RGN Port', '', '', '2023-10-18', '', '', 0, 0, 0, 0, '', 0, 'Company', 'null', 'null', '', '', 'sup', '2023-10-18 08:58:58'),
	(136, 88, 'Shipment', 'RGN Port', '', '', '2023-10-18', '', '', 0, 0, 0, 0, '', 0, 'Company', 'null', 'null', '', '', 'sup', '2023-10-18 08:58:58'),
	(137, 89, 'Shipment', 'RGN Port', '', '', '2023-10-18', '', '', 0, 0, 0, 0, '', 0, 'Company', 'null', 'null', '', '', 'sup', '2023-10-18 08:58:58'),
	(138, 90, 'Shipment', 'RGN Port', '', '', '2023-10-18', '', '', 0, 0, 0, 0, '', 0, 'Company', 'null', 'null', '', '', 'sup', '2023-10-18 08:58:58'),
	(139, 91, 'Shipment', 'RGN Port', '', '', '2023-10-18', '', '', 0, 0, 0, 0, '', 0, 'Company', 'null', 'null', '', '', 'sup', '2023-10-18 08:58:58'),
	(140, 92, 'Shipment', 'RGN Port', '', '', '2023-10-18', '', '', 0, 0, 0, 0, '', 0, 'Company', 'null', 'null', '', '', 'sup', '2023-10-18 08:58:58'),
	(141, 39, 'RGN Port', 'Inhouse', '', '', '2023-10-18', '', '', 0, 0, 0, 0, '', 0, 'Company', 'ccc', '012151', '', '', 'sup', '2023-10-18 09:00:02'),
	(142, 40, 'RGN Port', 'Inhouse', '', '', '2023-10-18', '', '', 0, 0, 0, 0, '', 0, 'Company', 'null', 'null', '', '', 'sup', '2023-10-18 09:00:02'),
	(143, 41, 'RGN Port', 'Inhouse', '', '', '2023-10-18', '', '', 0, 0, 0, 0, '', 0, 'Company', 'null', 'null', '', '', 'sup', '2023-10-18 09:00:02'),
	(144, 42, 'RGN Port', 'Inhouse', '', '', '2023-10-18', '', '', 0, 0, 0, 0, '', 0, 'Company', 'null', 'null', '', '', 'sup', '2023-10-18 09:00:02'),
	(145, 43, 'RGN Port', 'Inhouse', '', '', '2023-10-18', '', '', 0, 0, 0, 0, '', 0, 'Company', 'null', 'null', '', '', 'sup', '2023-10-18 09:00:02'),
	(146, 44, 'RGN Port', 'Inhouse', '', '', '2023-10-18', '', '', 0, 0, 0, 0, '', 0, 'Company', 'null', 'null', '', '', 'sup', '2023-10-18 09:00:02'),
	(147, 45, 'RGN Port', 'Inhouse', '', '', '2023-10-18', '', '', 0, 0, 0, 0, '', 0, 'Company', 'null', 'null', '', '', 'sup', '2023-10-18 09:00:02'),
	(148, 46, 'RGN Port', 'Inhouse', '', '', '2023-10-18', '', '', 0, 0, 0, 0, '', 0, 'Company', 'null', 'null', '', '', 'sup', '2023-10-18 09:00:02'),
	(149, 47, 'RGN Port', 'Inhouse', '', '', '2023-10-18', '', '', 0, 0, 0, 0, '', 0, 'Company', 'null', 'null', '', '', 'sup', '2023-10-18 09:00:02'),
	(150, 48, 'RGN Port', 'Inhouse', '', '', '2023-10-18', '', '', 0, 0, 0, 0, '', 0, 'Company', 'null', 'null', '', '', 'sup', '2023-10-18 09:00:02'),
	(151, 49, 'RGN Port', 'Inhouse', '', '', '2023-10-18', '', '', 0, 0, 0, 0, '', 0, 'Company', 'null', 'null', '', '', 'sup', '2023-10-18 09:00:02'),
	(152, 50, 'RGN Port', 'Inhouse', '', '', '2023-10-18', '', '', 0, 0, 0, 0, '', 0, 'Company', 'null', 'null', '', '', 'sup', '2023-10-18 09:00:02'),
	(153, 51, 'RGN Port', 'Inhouse', '', '', '2023-10-18', '', '', 0, 0, 0, 0, '', 0, 'Company', 'null', 'null', '', '', 'sup', '2023-10-18 09:00:02'),
	(154, 52, 'RGN Port', 'Inhouse', '', '', '2023-10-18', '', '', 0, 0, 0, 0, '', 0, 'Company', 'null', 'null', '', '', 'sup', '2023-10-18 09:00:02'),
	(155, 53, 'RGN Port', 'Inhouse', '', '', '2023-10-18', '', '', 0, 0, 0, 0, '', 0, 'Company', 'null', 'null', '', '', 'sup', '2023-10-18 09:00:02'),
	(156, 66, 'RGN Port', 'Inhouse', '', '', '2023-10-18', '', '', 0, 0, 0, 0, '', 0, 'Company', 'null', 'null', '', '', 'sup', '2023-10-18 09:00:02'),
	(157, 68, 'RGN Port', 'Inhouse', '', '', '2023-10-18', '', '', 0, 0, 0, 0, '', 0, 'Company', 'null', 'null', '', '', 'sup', '2023-10-18 09:00:02'),
	(158, 69, 'RGN Port', 'Inhouse', '', '', '2023-10-18', '', '', 0, 0, 0, 0, '', 0, 'Company', 'null', 'null', '', '', 'sup', '2023-10-18 09:00:02'),
	(159, 71, 'RGN Port', 'Inhouse', '', '', '2023-10-18', '', '', 0, 0, 0, 0, '', 0, 'Company', 'null', 'null', '', '', 'sup', '2023-10-18 09:00:02'),
	(160, 72, 'RGN Port', 'Inhouse', '', '', '2023-10-18', '', '', 0, 0, 0, 0, '', 0, 'Company', 'null', 'null', '', '', 'sup', '2023-10-18 09:00:02'),
	(161, 75, 'RGN Port', 'Inhouse', '', '', '2023-10-18', '', '', 0, 0, 0, 0, '', 0, 'Company', 'null', 'null', '', '', 'sup', '2023-10-18 09:00:02'),
	(162, 76, 'RGN Port', 'Inhouse', '', '', '2023-10-18', '', '', 0, 0, 0, 0, '', 0, 'Company', 'null', 'null', '', '', 'sup', '2023-10-18 09:00:02'),
	(163, 77, 'RGN Port', 'Inhouse', '', '', '2023-10-18', '', '', 0, 0, 0, 0, '', 0, 'Company', 'null', 'null', '', '', 'sup', '2023-10-18 09:00:02'),
	(164, 78, 'RGN Port', 'Inhouse', '', '', '2023-10-18', '', '', 0, 0, 0, 0, '', 0, 'Company', 'null', 'null', '', '', 'sup', '2023-10-18 09:00:02'),
	(165, 79, 'RGN Port', 'Inhouse', '', '', '2023-10-18', '', '', 0, 0, 0, 0, '', 0, 'Company', 'null', 'null', '', '', 'sup', '2023-10-18 09:00:02'),
	(166, 80, 'RGN Port', 'Inhouse', '', '', '2023-10-18', '', '', 0, 0, 0, 0, '', 0, 'Company', 'null', 'null', '', '', 'sup', '2023-10-18 09:00:02'),
	(167, 81, 'RGN Port', 'Inhouse', '', '', '2023-10-18', '', '', 0, 0, 0, 0, '', 0, 'Company', 'null', 'null', '', '', 'sup', '2023-10-18 09:00:02'),
	(168, 83, 'RGN Port', 'Inhouse', '', '', '2023-10-18', '', '', 0, 0, 0, 0, '', 0, 'Company', 'null', 'null', '', '', 'sup', '2023-10-18 09:00:02'),
	(169, 84, 'RGN Port', 'Inhouse', '', '', '2023-10-18', '', '', 0, 0, 0, 0, '', 0, 'Company', 'null', 'null', '', '', 'sup', '2023-10-18 09:00:02'),
	(170, 85, 'RGN Port', 'Inhouse', '', '', '2023-10-18', '', '', 0, 0, 0, 0, '', 0, 'Company', 'null', 'null', '', '', 'sup', '2023-10-18 09:00:02'),
	(171, 86, 'RGN Port', 'Inhouse', '', '', '2023-10-18', '', '', 0, 0, 0, 0, '', 0, 'Company', 'null', 'null', '', '', 'sup', '2023-10-18 09:00:02'),
	(172, 87, 'RGN Port', 'Inhouse', '', '', '2023-10-18', '', '', 0, 0, 0, 0, '', 0, 'Company', 'null', 'null', '', '', 'sup', '2023-10-18 09:00:02'),
	(173, 88, 'RGN Port', 'Inhouse', '', '', '2023-10-18', '', '', 0, 0, 0, 0, '', 0, 'Company', 'null', 'null', '', '', 'sup', '2023-10-18 09:00:02'),
	(174, 89, 'RGN Port', 'Inhouse', '', '', '2023-10-18', '', '', 0, 0, 0, 0, '', 0, 'Company', 'null', 'null', '', '', 'sup', '2023-10-18 09:00:02'),
	(175, 90, 'RGN Port', 'Inhouse', '', '', '2023-10-18', '', '', 0, 0, 0, 0, '', 0, 'Company', 'null', 'null', '', '', 'sup', '2023-10-18 09:00:02'),
	(176, 91, 'RGN Port', 'Inhouse', '', '', '2023-10-18', '', '', 0, 0, 0, 0, '', 0, 'Company', 'null', 'null', '', '', 'sup', '2023-10-18 09:00:02'),
	(177, 92, 'RGN Port', 'Inhouse', '', '', '2023-10-18', '', '', 0, 0, 0, 0, '', 0, 'Company', 'null', 'null', '', '', 'sup', '2023-10-18 09:00:02'),
	(178, 93, 'Shipment', 'RGN Port', '', '', '2023-10-18', '', '', 0, 0, 0, 0, '', 0, '', '', '', '', '', 'sup', '2023-10-18 09:09:18'),
	(179, 94, 'Shipment', 'RGN Port', '', '', '2023-10-18', '', '', 0, 0, 0, 0, '', 0, 'Company', 'null', 'null', '', '', 'sup', '2023-10-18 09:09:18'),
	(180, 95, 'Shipment', 'RGN Port', '', '', '2023-10-18', '', '', 0, 0, 0, 0, '', 0, 'Company', 'null', 'null', '', '', 'sup', '2023-10-18 09:09:18'),
	(181, 93, 'RGN Port', 'Inhouse', '', '', '2023-10-18', '', '', 0, 0, 0, 0, '', 0, 'Company', 'n', '0', '', '', 'sup', '2023-10-18 09:09:40'),
	(182, 94, 'RGN Port', 'Inhouse', '', '', '2023-10-18', '', '', 0, 0, 0, 0, '', 0, 'Company', 'null', 'null', '', '', 'sup', '2023-10-18 09:09:40'),
	(183, 95, 'RGN Port', 'Inhouse', '', '', '2023-10-18', '', '', 0, 0, 0, 0, '', 0, 'Company', 'null', 'null', '', '', 'sup', '2023-10-18 09:09:40'),
	(184, 60, 'Shipment', 'RGN Port', '', '', '2023-10-18', '', '', 0, 0, 0, 0, '', 0, '', '', '', '', '', 'sup', '2023-10-18 09:12:06'),
	(185, 54, 'Shipment', 'RGN Port', '', '', '2023-10-18', '', '', 0, 0, 0, 0, '', 0, 'Company', 'null', 'null', '', '', 'sup', '2023-10-18 10:19:06'),
	(186, 55, 'Shipment', 'RGN Port', '', '', '2023-10-18', '', '', 0, 0, 0, 0, '', 0, 'Company', 'null', 'null', '', '', 'sup', '2023-10-18 10:19:06'),
	(187, 54, 'RGN Port', 'Bounded Warehouse', '', '', '2023-10-18', '', '', 0, 0, 0, 0, '', 0, '', '', '', '', '', 'sup', '2023-10-18 10:22:01'),
	(188, 57, 'Shipment', 'RGN Port', '', '', '2023-10-18', '', '', 0, 0, 0, 0, '', 0, '', '', '', '', '', 'sup', '2023-10-18 10:33:21'),
	(189, 58, 'Shipment', 'RGN Port', '', '', '2023-10-18', '', '', 0, 0, 0, 0, '', 0, '', '', '', '', '', 'sup', '2023-10-18 10:51:57'),
	(190, 64, 'Shipment', 'RGN Port', '', '', '2023-10-18', '', '', 0, 0, 0, 0, '', 0, '', '', '', '', '', 'sup', '2023-10-18 11:07:39'),
	(191, 64, 'RGN Port', 'Bounded Warehouse', '', '', '2023-10-18', '', '', 0, 0, 0, 0, '', 0, '', '', '', '', '', 'sup', '2023-10-18 11:09:01'),
	(192, 57, 'Shipment', 'RGN Port', '', '', '2023-10-18', '', '', 0, 0, 0, 0, '', 0, '', '', '', '', '', 'sup', '2023-10-18 11:12:10'),
	(193, 96, 'Shipment', 'RGN Port', '', '', '2023-12-15', '', '', 0, 0, 0, 0, '', 0, '', '', '', '', '', 'aas', '2023-12-15 04:14:55'),
	(194, 96, 'RGN Port', 'Inhouse', '', '', '2023-12-15', '', '', 0, 0, 0, 0, '', 0, 'Company', 'a', '0', '', '', 'aas', '2023-12-15 04:15:19'),
	(195, 97, 'Shipment', 'RGN Port', '', '', '2023-12-15', '', '', 0, 0, 0, 0, '', 0, '', '', '', '', '', 'aas', '2023-12-15 14:28:27'),
	(196, 98, 'Shipment', 'RGN Port', '', '', '2023-12-15', '', '', 0, 0, 0, 0, '', 0, 'Company', 'null', 'null', '', '', 'aas', '2023-12-15 14:28:27'),
	(197, 97, 'RGN Port', 'Inhouse', '', '', '2023-12-15', '', '', 0, 0, 0, 0, '', 0, 'Company', 'dd', '123', '', '', 'aas', '2023-12-15 14:29:47'),
	(198, 98, 'RGN Port', 'Inhouse', '', '', '2023-12-15', '', '', 0, 0, 0, 0, '', 0, 'Company', 'null', 'null', '', '', 'aas', '2023-12-15 14:29:47'),
	(199, 100, 'Shipment', 'RGN Port', '', '', '2024-05-14', '', '', 0, 0, 0, 0, '', 0, 'Company', 'null', 'null', '', '', 'aas', '2024-05-14 20:58:47'),
	(200, 101, 'Shipment', 'RGN Port', '', '', '2024-05-14', '', '', 0, 0, 0, 0, '', 0, 'Company', 'null', 'null', '', '', 'aas', '2024-05-14 20:58:47'),
	(201, 102, 'Shipment', 'RGN Port', '', '', '2024-05-14', '', '', 0, 0, 0, 0, '', 0, 'Company', 'null', 'null', '', '', 'aas', '2024-05-14 20:58:47'),
	(202, 103, 'Shipment', 'RGN Port', '', '', '2024-05-14', '', '', 0, 0, 0, 0, '', 0, '', '', '', '', '', 'aas', '2024-05-14 20:58:47'),
	(203, 100, 'RGN Port', 'Inhouse', '', '', '2024-05-14', '', '', 0, 0, 0, 0, '', 0, 'Company', 'null', 'null', '', '', 'aas', '2024-05-14 20:59:40'),
	(204, 101, 'RGN Port', 'Inhouse', '', '', '2024-05-14', '', '', 0, 0, 0, 0, '', 0, 'Company', 'null', 'null', '', '', 'aas', '2024-05-14 20:59:40'),
	(205, 102, 'RGN Port', 'Inhouse', '', '', '2024-05-14', '', '', 0, 0, 0, 0, '', 0, 'Company', 'null', 'null', '', '', 'aas', '2024-05-14 20:59:40'),
	(206, 103, 'RGN Port', 'Inhouse', '', '', '2024-05-14', '', '', 0, 0, 0, 0, '', 0, 'Company', 'asdasda', '12421512', '', '', 'aas', '2024-05-14 20:59:40');

-- Dumping structure for table geely_db1.currency
DROP TABLE IF EXISTS `currency`;
CREATE TABLE IF NOT EXISTS `currency` (
  `id` int(11) NOT NULL AUTO_INCREMENT,
  `currency` varchar(50) NOT NULL DEFAULT '',
  PRIMARY KEY (`id`)
) ENGINE=InnoDB AUTO_INCREMENT=5 DEFAULT CHARSET=utf8mb4 COLLATE=utf8mb4_unicode_ci;

-- Dumping data for table geely_db1.currency: ~4 rows (approximately)
INSERT INTO `currency` (`id`, `currency`) VALUES
	(1, 'USD'),
	(2, 'SGD'),
	(3, 'CNY'),
	(4, 'MMK');

-- Dumping structure for table geely_db1.customer
DROP TABLE IF EXISTS `customer`;
CREATE TABLE IF NOT EXISTS `customer` (
  `id` int(11) NOT NULL AUTO_INCREMENT,
  `registration_no` varchar(50) NOT NULL DEFAULT '',
  `staff_id` int(11) NOT NULL DEFAULT 0,
  `staff_name` varchar(100) NOT NULL DEFAULT '',
  `sales_center` varchar(200) NOT NULL DEFAULT '',
  `gender` tinyint(1) NOT NULL DEFAULT 0,
  `name` varchar(150) NOT NULL DEFAULT '',
  `nrc_no` varchar(150) NOT NULL DEFAULT '',
  `mobile_no` varchar(100) NOT NULL DEFAULT '',
  `dob` varchar(25) NOT NULL DEFAULT '',
  `vehicle_of_interest` text NOT NULL,
  `btc_am` tinyint(1) NOT NULL DEFAULT 0,
  `btc_pm` tinyint(1) NOT NULL DEFAULT 0,
  `soi_phone_inout` tinyint(1) NOT NULL DEFAULT 0,
  `soi_facebook` tinyint(1) NOT NULL DEFAULT 0,
  `soi_advert` tinyint(1) NOT NULL DEFAULT 0,
  `soi_road_show` tinyint(1) NOT NULL DEFAULT 0,
  `soi_television` tinyint(1) NOT NULL DEFAULT 0,
  `soi_website` tinyint(1) NOT NULL DEFAULT 0,
  `soi_existing_customer` tinyint(1) NOT NULL DEFAULT 0,
  `soi_review` tinyint(1) NOT NULL DEFAULT 0,
  `soi_walkin` tinyint(1) NOT NULL DEFAULT 0,
  `soi_car_magazine` tinyint(1) NOT NULL DEFAULT 0,
  `soi_broker` tinyint(1) NOT NULL DEFAULT 0,
  `soi_other` tinyint(1) NOT NULL DEFAULT 0,
  `soi_other_remark` text NOT NULL,
  `sales_status` varchar(100) NOT NULL DEFAULT '',
  `needs_requirements` mediumtext NOT NULL,
  `estimate_delivery_date` varchar(100) NOT NULL DEFAULT '',
  `close_date` varchar(25) NOT NULL DEFAULT '',
  `case_close` tinyint(1) NOT NULL DEFAULT 0,
  `alternative_telephone_no` varchar(100) NOT NULL DEFAULT '',
  `email` varchar(255) NOT NULL DEFAULT '',
  `home_phone` varchar(100) NOT NULL DEFAULT '',
  `pcm_mobile` tinyint(1) NOT NULL DEFAULT 0,
  `pcm_email` tinyint(1) NOT NULL DEFAULT 0,
  `pcm_other` tinyint(1) NOT NULL DEFAULT 0,
  `business` varchar(255) NOT NULL DEFAULT '',
  `township` varchar(100) NOT NULL DEFAULT '',
  `address` varchar(255) NOT NULL DEFAULT '',
  `vip` tinyint(4) NOT NULL DEFAULT 0,
  `customer_history` text NOT NULL,
  `cv_brand` varchar(255) NOT NULL DEFAULT '',
  `cv_model_year` varchar(150) NOT NULL DEFAULT '',
  `cv_rtad_no` varchar(255) NOT NULL DEFAULT '',
  `cv_mileage` int(11) NOT NULL DEFAULT 0,
  `cv_vehicle_as_commercial` tinyint(1) NOT NULL DEFAULT 0,
  `cvd_outstanding_payments` tinyint(1) NOT NULL DEFAULT 0,
  `cv_private` tinyint(4) NOT NULL DEFAULT 0,
  `cv_business` tinyint(4) NOT NULL DEFAULT 0,
  `cv_off_road` tinyint(4) unsigned NOT NULL DEFAULT 0,
  `cv_travelling` tinyint(4) NOT NULL DEFAULT 0,
  `cv_dislike_about_car` varchar(255) NOT NULL DEFAULT '',
  `cv_would_you_like_to_have_that_not_already_have` varchar(255) NOT NULL DEFAULT '',
  `cv_annual_usage` varchar(255) NOT NULL DEFAULT '',
  `cv_who_will_be_using_vehicle` varchar(255) NOT NULL DEFAULT '',
  `lifestyle_family_members` int(11) NOT NULL DEFAULT 0,
  `lifestyle_dream_brand` varchar(150) NOT NULL DEFAULT '',
  `lifestyle_dream_car` varchar(150) NOT NULL DEFAULT '',
  `lifestyle_interested_model` varchar(150) NOT NULL DEFAULT '',
  `lifestyle_hobbies_interests` varchar(255) NOT NULL DEFAULT '0',
  `lifestyle_expectations_of_new_vehicle` varchar(255) NOT NULL DEFAULT '',
  `ls_reason` text NOT NULL,
  `entry_by` varchar(100) NOT NULL DEFAULT '',
  `entry_date_time` varchar(25) NOT NULL DEFAULT '',
  PRIMARY KEY (`id`) USING BTREE
) ENGINE=MyISAM AUTO_INCREMENT=49 DEFAULT CHARSET=utf8mb4 COLLATE=utf8mb4_unicode_ci;

-- Dumping data for table geely_db1.customer: 39 rows
/*!40000 ALTER TABLE `customer` DISABLE KEYS */;
INSERT INTO `customer` (`id`, `registration_no`, `staff_id`, `staff_name`, `sales_center`, `gender`, `name`, `nrc_no`, `mobile_no`, `dob`, `vehicle_of_interest`, `btc_am`, `btc_pm`, `soi_phone_inout`, `soi_facebook`, `soi_advert`, `soi_road_show`, `soi_television`, `soi_website`, `soi_existing_customer`, `soi_review`, `soi_walkin`, `soi_car_magazine`, `soi_broker`, `soi_other`, `soi_other_remark`, `sales_status`, `needs_requirements`, `estimate_delivery_date`, `close_date`, `case_close`, `alternative_telephone_no`, `email`, `home_phone`, `pcm_mobile`, `pcm_email`, `pcm_other`, `business`, `township`, `address`, `vip`, `customer_history`, `cv_brand`, `cv_model_year`, `cv_rtad_no`, `cv_mileage`, `cv_vehicle_as_commercial`, `cvd_outstanding_payments`, `cv_private`, `cv_business`, `cv_off_road`, `cv_travelling`, `cv_dislike_about_car`, `cv_would_you_like_to_have_that_not_already_have`, `cv_annual_usage`, `cv_who_will_be_using_vehicle`, `lifestyle_family_members`, `lifestyle_dream_brand`, `lifestyle_dream_car`, `lifestyle_interested_model`, `lifestyle_hobbies_interests`, `lifestyle_expectations_of_new_vehicle`, `ls_reason`, `entry_by`, `entry_date_time`) VALUES
	(1, '230614001', 25, 'Ma Moh Moh Aye', 'Ygn Main Show Room', 0, 'Ko Yan Paing', '12/AhSaNa(N)123456', '0943117472', '2023-06-14', 'Coolray;2020;GC;White|Coolray;2020;GF;Black|Coolray;2020;GS;Black', 1, 0, 1, 1, 0, 1, 0, 0, 0, 0, 0, 0, 0, 0, '', 'Deal', '', '2023-06-14', '2023-06-28', 0, '', '', '', 0, 0, 0, '', 'Insein', '', 0, '', '', '', '-', 0, 0, 0, 0, 0, 0, 0, '', '', '', '', 0, '', '', '', '', '', '', 'mmma', '2023-06-14 22:35:42'),
	(2, '230619001', 25, 'Ma Moh Moh Aye', 'Ygn Main Show Room', 1, 'Swe Zin', '12/AhSaNa(N)347892', '09239488584', '', 'Azkarra;2020;GF;Black|Coolray;2020;GC;White', 1, 0, 0, 1, 0, 1, 0, 1, 0, 0, 0, 0, 0, 0, '', 'Deal', '', '2023-06-19', '2023-07-03', 0, '', '', '', 0, 0, 0, '', 'Kalaw', '', 0, '', '', '', '-', 0, 0, 0, 0, 0, 0, 0, '', '', '', '', 0, '', '', '', '', '', '', 'mmma', '2023-06-19 22:21:22'),
	(3, '230620001', 3, 'Wai Lu Aung', 'Mandalay', 0, 'Aung Aung', '1/AhGaYa(N)123049', '09239482013', '', 'Azkarra;2020;GF;Black|Coolray;2020;GF;Black|Coolray;2020;GF;White', 1, 0, 0, 0, 0, 1, 0, 0, 0, 0, 0, 0, 0, 0, '', 'Deal', '', '2023-06-20', '2023-07-04', 0, '', '', '', 0, 0, 0, '', 'Amarapura', '', 0, '', '', '', '-', 0, 0, 0, 0, 0, 0, 0, '', '', '', '', 0, '', '', '', '', '', '', 'wla', '2023-06-20 11:24:56'),
	(4, '230626001', 13, 'Aung Lu Wai', 'Mandalay', 0, 'Zaw Zaw', '6/KaYaYa(N)658326', '09968727334', '', 'Coolray;2020;GF;Black|Azkarra;2020;GF;Black|Coolray;2020;GF;White', 0, 1, 0, 0, 0, 1, 0, 0, 0, 0, 0, 0, 0, 0, '', 'Deal', '', '2023-06-26', '2023-07-10', 0, '', '', '', 0, 0, 0, '', 'Myittha', '', 0, '', '', '', '-', 0, 0, 0, 0, 0, 0, 0, '', '', '', '', 0, '', '', '', '', '', '', 'alw', '2023-06-26 14:06:26'),
	(5, '230626002', 13, 'Aung Lu Wai', 'Mandalay', 0, 'MIN MIN', '', '0950023659', '', 'Coolray;2020;GC;White|Coolray;2020;GF;Black|Geometry E;2023;Highest;Green', 0, 1, 0, 0, 0, 1, 1, 1, 0, 1, 0, 0, 0, 0, '', 'Deal', '', '2023-06-26', '2023-06-26', 0, '', '', '', 0, 0, 0, '', 'Kyaukse', '', 0, '', '', '', '-', 0, 0, 0, 0, 0, 0, 0, '', '', '', '', 0, '', '', '', '', '', '', 'alw', '2023-06-26 14:50:12'),
	(6, '230626003', 13, 'Aung Lu Wai', 'Mandalay', 0, 'fdsaf', '3/BaThaSa(N)365298', '55999', '', 'Azkarra;2020;GF;Black', 0, 1, 0, 0, 0, 1, 1, 1, 0, 1, 0, 0, 0, 0, '', 'Deal', '', '2023-06-26', '2023-07-10', 0, '', '', '', 0, 0, 0, '', 'Ingapu', '', 0, '', '', '', '-', 0, 0, 0, 0, 0, 0, 0, '', '', '', '', 0, '', '', '', '', '', '', 'alw', '2023-06-26 14:51:37'),
	(7, '230628001', 24, 'Daw Yu Yu', 'Ever Thrive', 1, 'Daw Khin', '12/AhSaNa(N)111222', '09111111', '2023-06-28', 'Geometry E;2023;Highest;White', 1, 0, 1, 1, 1, 1, 1, 1, 0, 0, 0, 1, 1, 0, '', 'Deal', 'Requirements', '2023-06-28', '2023-07-12', 0, '09888877898', 'khin@gmail.com', '09888877899', 1, 0, 0, 'Business', 'Botataung', ' Botataung', 1, 'History', 'Gelly', '2023', '111-', 50, 1, 1, 1, 0, 0, 0, 'AAA', 'BBB', 'CCC', 'DDD', 10, 'EEE', 'FFF', 'GGG', 'hhh', 'iii', '', 'dyy', '2023-06-28 10:31:45'),
	(8, '230703001', 23, 'Oo Ko', 'Ygn Main Show Room', 0, 'ko aung aung naing', '4/KaPaLa(N)026598', '09698562354', '2023-07-03', 'Coolray;2020;GC;White|Coolray;2020;GF;Black', 1, 1, 1, 1, 0, 0, 1, 1, 0, 0, 0, 0, 0, 0, '', 'Deal', '', '2023-07-03', '2023-07-03', 0, '', '', '', 0, 0, 0, '', 'Kyauktan', '', 0, '', '', '', '-', 0, 0, 0, 0, 0, 0, 0, '', '', '', '', 0, '', '', '', '', '', '', 'okko', '2023-07-03 10:35:52'),
	(9, '230703002', 23, 'Oo Ko', 'Ygn Main Show Room', 1, 'u mya yadanar', '2/MaSaNa(N)036098', '098718112', '2023-07-03', 'Azkarra;2020;GF;Black|Azkarra;2020;GF;White|Coolray;2020;GF;Black|Geometry F;2023;Highest;White', 1, 1, 1, 1, 0, 0, 0, 1, 1, 0, 1, 0, 0, 0, '', 'Deal', '', '2023-07-03', '2023-07-17', 0, '', '', '', 0, 0, 0, '', 'Ingapu', '', 0, '', '', '', '-', 0, 0, 0, 0, 0, 0, 0, '', '', '', '', 0, '', '', '', '', '', '', 'okko', '2023-07-03 10:39:58'),
	(10, '230703003', 24, 'Daw Yu Yu', 'Ever Thrive', 0, 'Win Pa Pa Phyo', '', '0973643842', '2023-07-10', 'Geometry D;2023;Highest;Silver', 1, 0, 0, 0, 0, 0, 0, 1, 0, 0, 0, 0, 1, 1, 'Testing', 'Normal', '', '2023-07-03', '2023-07-17', 0, '01495863', '', '', 0, 0, 0, '', 'Lanmadaw', '', 0, '', 'Toyota Crown', '2023', '-', 0, 0, 0, 0, 0, 0, 0, '', '', '', '', 0, '', '', '', '', '', '', 'dyy', '2023-07-03 17:01:00'),
	(11, '230705001', 29, 'Hsu Hnin Ye', 'Ygn Main Show Room', 0, 'Ko Aung Myo Htun', '12/TaMaNa(N)335566', '095041825', '1991-02-10', 'Coolray;2020;GC;White|Coolray;2020;GF;Black|Coolray;2020;GS;Black', 1, 0, 1, 0, 0, 1, 0, 0, 0, 0, 0, 0, 1, 0, '', 'Deal', '', '2023-07-05', '2023-07-19', 0, '', '', '', 0, 0, 0, '', 'Tamwe', '', 0, '', '', '', '-', 0, 0, 0, 0, 0, 0, 0, '', '', '', '', 0, '', '', '', '', '', '', 'hhys', '2023-07-05 10:37:48'),
	(12, '230706001', 31, 'staff test AAA', 'Junction Square', 0, 'it', '5/DaHaNa(N)258966', '0965238756', '2023-07-06', 'Geometry E;2023;Highest;White|Coolray;2020;GC;White', 0, 1, 1, 0, 0, 0, 0, 1, 0, 0, 1, 0, 1, 1, 'Lorem Ipsum es simplemente el texto de relleno de las imprentas y archivos de texto. Lorem Ipsum ha sido el texto de relleno estándar de las industrias desde el año 1500, cuando un impresor (N. del T. persona que se dedica a la imprenta) desconocido usó una galería de textos y los mezcló de tal manera que logró hacer un libro de textos especimen. No sólo sobrevivió 500 años, sino que tambien ingresó como texto de relleno en documentos electrónicos, quedando esencialmente igual al original. Fue popularizado en los 60s con la creación de las hojas "Letraset", las cuales contenian pasajes de Lorem Ipsum, y más recientemente con software de autoedición, como por ejemplo Aldus PageMaker, el cual incluye versiones de Lorem Ipsum.\n\n', 'Deal', '', '2023-07-06', '2023-07-19', 0, '', '', '', 0, 0, 0, '', 'Dagon Seikkan', '', 0, '', '', '', '-', 0, 0, 0, 0, 0, 0, 0, '', '', '', '', 0, '', '', '', '', '', '', 'sta', '2023-07-06 23:54:47'),
	(13, '230707001', 31, 'staff test AAA', 'Junction Square', 0, 'uuid uuid jkp', '2/PhaSaNa(N)556666', '0956286359', '1990-08-23', 'Azkarra;2020;GF;Black|Beetle;2023;G1;Black|Camry;2023;GA;Black|Geometry E;2023;Highest;Green|Coolray;2020;GF;Black|Geometry D;2023;Highest;Silver', 1, 1, 1, 1, 1, 1, 1, 1, 1, 1, 1, 1, 1, 1, 'Lorem Ipsum es simplemente el texto de relleno de las imprentas y archivos de texto. Lorem Ipsum ha sido el texto de relleno estándar de las industrias desde el año 1500, cuando un impresor (N. del T. persona que se dedica a la imprenta) desconocido usó una galería de textos y los mezcló de tal manera que logró hacer un libro de textos especimen. No sólo sobrevivió 500 años, sino que tambien ingresó como texto de relleno en documentos electrónicos, quedando esencialmente igual al original. Fue popularizado en los 60s con la creación de las hojas "Letraset", las cuales contenian pasajes de Lorem Ipsum, y más recientemente con software de autoedición, como por ejemplo Aldus PageMaker, el cual incluye versiones de Lorem Ipsum.\n\n', 'Deal', 'Lorem Ipsum es simplemente el texto de relleno de las imprentas y archivos de texto. Lorem Ipsum ha sido el texto de relleno estándar de las industrias desde el año 1500, cuando un impresor (N. del T. persona que se dedica a la imprenta) desconocido usó una galería de textos y los mezcló de tal manera que logró hacer un libro de textos especimen. No sólo sobrevivió 500 años, sino que tambien ingresó como texto de relleno en documentos electrónicos, quedando esencialmente igual al original. Fue popularizado en los 60s con la creación de las hojas "Letraset", las cuales contenian pasajes de Lorem Ipsum, y más recientemente con software de autoedición, como por ejemplo Aldus PageMaker, el cual incluye versiones de Lorem Ipsum.\n\n', '2023-07-07', '2023-07-08', 0, '234132413', 'fdsafasde.com', '3256985466', 1, 1, 1, '98Lorem Ipsum es simplemente el texto de relleno de las imprentas y archivos de texto. Lorem Ipsum ha sido el texto de relleno estándar de las industrias desde el año 1500, cuando un impresor (N. del T. persona que se dedica a la imprenta) desconocido usó', 'North Okkalapa', 'Lorem Ipsum es simplemente el texto de relleno de las imprentas y archivos de texto. Lorem Ipsum ha sido el texto de relleno estándar de las industrias desde el año 1500, cuando un impresor (N. del T. persona que se dedica a la imprenta) desconocido usó u', 1, 'Lorem Ipsum es simplemente el texto de relleno de las imprentas y archivos de texto. Lorem Ipsum ha sido el texto de relleno estándar de las industrias desde el año 1500, cuando un impresor (N. del T. persona que se dedica a la imprenta) desconocido usó una galería de textos y los mezcló de tal manera que logró hacer un libro de textos especimen. No sólo sobrevivió 500 años, sino que tambien ingresó como texto de relleno en documentos electrónicos, quedando esencialmente igual al original. Fue popularizado en los 60s con la creación de las hojas "Letraset", las cuales contenian pasajes de Lorem Ipsum, y más recientemente con software de autoedición, como por ejemplo Aldus PageMaker, el cual incluye versiones de Lorem Ipsum.\n\n', 'Toyota', '2016', 'RN-1259', 423883, 1, 1, 1, 1, 1, 1, 'Lorem Ipsum es simplemente el texto de relleno de las imprentas y archivos de texto. Lorem Ipsum ha sido el texto de relleno estándar de las industrias desde el año 1500, cuando un impresor (N. del T. persona que se dedica a la imprenta) desconocido usó u', 'Lorem Ipsum es simplemente el texto de relleno de las imprentas y archivos de texto. Lorem Ipsum ha sido el texto de relleno estándar de las industrias desde el año 1500, cuando un impresor (N. del T. persona que se dedica a la imprenta) desconocido usó u', 'Lorem Ipsum es simplemente el texto de relleno de las imprentas y archivos de texto. Lorem Ipsum ha sido el texto de relleno estándar de las industrias desde el año 1500, cuando un impresor (N. del T. persona que se dedica a la imprenta) desconocido usó u', 'Lorem Ipsum es simplemente el texto de relleno de las imprentas y archivos de texto. Lorem Ipsum ha sido el texto de relleno estándar de las industrias desde el año 1500, cuando un impresor (N. del T. persona que se dedica a la imprenta) desconocido usó u', 8, 'Ford', 'Off Road Car', 'Tesla 2019Lorem Ipsum es simplemente el texto de relleno de las imprentas y archivos de texto. Lorem Ipsum ha sido el texto de relleno estándar de las', 'Lorem Ipsum es simplemente el texto de relleno de las imprentas y archivos de texto. Lorem Ipsum ha sido el texto de relleno estándar de las industrias desde el año 1500, cuando un impresor (N. del T. persona que se dedica a la imprenta) desconocido usó u', 'Lorem Ipsum es simplemente el texto de relleno de las imprentas y archivos de texto. Lorem Ipsum ha sido el texto de relleno estándar de las industrias desde el año 1500, cuando un impresor (N. del T. persona que se dedica a la imprenta) desconocido usó u', '', 'sta', '2023-07-07 00:19:44'),
	(14, '230707002', 31, 'staff test AAA', 'Ygn Main Show Room', 0, 'htoo htoo', '3/BaGaLa(N)562358', '09365482659', '', 'mini van;2020;test grade;Silver', 1, 1, 1, 1, 1, 1, 0, 1, 1, 1, 0, 0, 1, 1, 'Lorem Ipsum es simplemente el texto de relleno de las imprentas y archivos de texto. Lorem Ipsum ha sido el texto de relleno estándar de las industrias desde el año 1500, cuando un impresor (N. del T. persona que se dedica a la imprenta) desconocido usó una galería de textos y los mezcló de tal manera que logró hacer un libro de textos especimen. No sólo sobrevivió 500 años, sino que tambien ingresó como texto de relleno en documentos electrónicos, quedando esencialmente igual al original. Fue popularizado en los 60s con la creación de las hojas "Letraset", las cuales contenian pasajes de Lorem Ipsum, y más recientemente con software de autoedición, como por ejemplo Aldus PageMaker, el cual incluye versiones de Lorem Ipsum.\n\n', 'Deal', '', '2023-07-07', '2023-07-21', 0, '', '', '', 0, 0, 0, '', 'Mingala Taungnyunt', '', 0, '', '', '', '-', 0, 0, 0, 0, 0, 0, 0, '', '', '', '', 0, '', '', '', '', '', '', 'sta', '2023-07-07 11:36:43'),
	(15, '230711001', 3, 'Wai Lu Aung', 'Mandalay', 1, 'Shelle', '4/KaPaLa(N)696666', '09444555666', '', 'Geometry C;2023;Highest;Black', 1, 0, 0, 0, 0, 0, 0, 0, 0, 0, 1, 0, 0, 0, '', 'Deal', '', '2023-07-30', '2023-07-11', 0, '', '', '', 0, 0, 0, '', 'East Dagon', '', 0, '', '', '', '-', 0, 0, 0, 0, 0, 0, 0, '', '', '', '', 0, '', '', '', '', '', '', 'wla', '2023-07-11 13:55:57'),
	(16, '230711002', 3, 'Wai Lu Aung', 'Mandalay', 1, 'Shelle', '12/AhLaNa(N)000888', '09555444999', '', 'Geometry E;2023;Highest;White', 1, 0, 0, 0, 0, 0, 0, 0, 0, 0, 1, 0, 0, 0, '', 'Deal', '', '2023-07-11', '2023-07-25', 0, '', '', '', 0, 0, 0, '', 'Hlaing', '', 0, '', '', '', '-', 0, 0, 0, 0, 0, 0, 0, '', '', '', '', 0, '', '', '', '', '', '', 'wla', '2023-07-11 13:57:41'),
	(17, '230711003', 31, 'staff test AAA', 'Ygn Main Show Room', 0, 'simon ', '4/HtaTaLa(N)236589', '09365236589', '2023-07-11', 'momo;2020;Highest;Silver', 1, 1, 0, 0, 0, 0, 0, 0, 1, 0, 0, 0, 0, 1, 'hello world', 'Deal', '', '2023-07-11', '2023-07-13', 0, '', '', '', 0, 0, 0, '', 'Kyaikkhami', '', 0, '', '', '', '-', 0, 0, 0, 0, 0, 0, 0, '', '', '', '', 0, '', '', '', '', '', '', 'sta', '2023-07-11 14:03:24'),
	(18, '230711004', 31, 'staff test AAA', 'Ygn Main Show Room', 1, 'yoon yoon', '14/DaDaYa(A)000000', '09635239658642365', '2023-07-11', 'momo;2020;Highest;Silver|Coolray;2020;GC;White', 1, 1, 0, 0, 0, 0, 0, 0, 0, 0, 1, 1, 1, 1, 'PPPP\n', 'Deal', '', '2023-07-11', '2023-07-25', 0, '', '', '', 0, 0, 0, '', 'North Okkalapa', '', 0, '', '', '', '-', 0, 0, 0, 0, 0, 0, 0, '', '', '', '', 0, '', '', '', '', '', '', 'sta', '2023-07-11 15:19:37'),
	(19, '230712001', 31, 'staff test AAA', 'Junction Square', 1, 'july', '2/BaLaKha(N)065261', '0934243232', '2023-07-12', 'momo;2020;Highest;Silver', 1, 0, 0, 0, 0, 0, 0, 0, 0, 0, 0, 0, 0, 1, 'hi', 'Deal', '', '2023-07-12', '2023-07-26', 0, '', '', '', 0, 0, 0, '', 'Mingaladon', '', 0, '', '', '', '-', 0, 0, 0, 0, 0, 0, 0, '', '', '', '', 0, '', '', '', '', '', '', 'sta', '2023-07-12 16:58:42'),
	(20, '230712002', 31, 'staff test AAA', 'Junction Square', 1, 'Su', '4/HtaTaLa(N)652366', '0985632', '', 'Azkarra;2020;GF;Black|momo;2020;Highest;Silver', 1, 1, 0, 1, 1, 0, 0, 0, 0, 0, 0, 0, 0, 1, 'fecaiop', 'Deal', '', '2023-07-12', '2023-07-26', 0, '', '', '', 0, 0, 0, '', 'South Dagon', '', 0, '', '', '', '-', 0, 0, 0, 0, 0, 0, 0, '', '', '', '', 0, '', '', '', '', '', '', 'sta', '2023-07-12 22:43:27'),
	(21, '230718001', 3, 'Wai Lu Aung', 'Mandalay', 1, 'pp', '2/DaMaSa(N)133454', '097846322112', '2023-07-18', 'SUNM;2023;Normal;Black', 1, 1, 0, 1, 0, 0, 0, 0, 0, 0, 0, 0, 1, 1, 'Friend', 'Deal', '', '2023-07-18', '2023-08-14', 0, '', '', '', 1, 0, 1, '', 'Ngwehsaung', '', 1, '', '', '', '-', 0, 1, 0, 0, 1, 1, 1, '', '', '', '', 0, '', '', '', '', '', '', 'wla', '2023-07-18 13:51:51'),
	(22, '230725001', 29, 'Hsu Hnin Ye', 'Ygn Main Show Room', 1, 'Ma Hla Hla Aung Thein', '12/KaTaNa(N)767676', '098765335', '', 'Geometry C;2023;Highest;Black', 1, 1, 0, 1, 0, 0, 0, 0, 0, 0, 0, 0, 1, 1, 'SOI Testing', 'Deal', '', '2023-07-25', '2023-08-08', 0, '', '', '', 0, 0, 0, '', 'Sanchaung', '', 1, '', '', '', '-', 0, 0, 0, 1, 1, 0, 1, '', '', '', '', 0, '', '', '', '', '', '', 'hhys', '2023-07-25 14:03:33'),
	(23, '230728001', 29, 'Hsu Hnin Ye', 'Ygn Main Show Room', 0, 'THAN', '5/KhaOuNa(N)036698', '095632556', '2023-07-28', 'SUNM;2023;Normal;Black|Azkarra;2020;GF;White|momo;2020;Highest;Silver', 0, 1, 1, 0, 0, 0, 0, 1, 1, 1, 0, 0, 0, 1, 'NUONUO IOP', 'Deal', '', '2023-07-28', '2023-07-30', 0, '', '', '', 1, 1, 0, '', 'Pangsang Township', '', 0, '', '', '', '-', 0, 0, 0, 0, 0, 0, 0, '', '', '', '', 0, '', '', '', '', '', '', 'hhys', '2023-07-28 20:44:41'),
	(24, '230807001', 41, 'super', 'Junction Square', 0, 'tun tun', '7/KaWaNa(N)596326', '06969696969', '1999-08-20', 'Azkarra;2020;GF;Black', 1, 0, 1, 0, 0, 0, 1, 0, 0, 0, 0, 0, 0, 1, 'test', 'Deal', 'test', '2023-08-07', '2023-08-21', 0, '09523698563', 'tuntun@gmail.com', '0965238695', 0, 0, 1, 'test', 'Monyo', 'test', 0, 'test', 'test', '2009', 'R452689-', 658924, 1, 1, 1, 0, 1, 1, 'test', 'test', 'test', 'test', 5, 'test', 'test', 'test', 'test', 'test', '', 's', '2023-08-07 16:16:18'),
	(25, '230814001', 3, 'Wai Lu Aung', 'Mandalay', 0, 'kyaw gyi', '3/KaDaNa(A)124342', '0987654', '', 'Azkarra;2020;GF;Black', 1, 0, 1, 0, 0, 0, 0, 0, 0, 0, 0, 0, 1, 0, '', 'Deal', '', '2023-08-14', '2023-08-28', 0, '', '', '', 0, 0, 0, '', 'Lemyethna', '', 0, '', '', '', '-', 0, 0, 0, 0, 0, 0, 0, '', '', '', '', 0, '', '', '', '', '', '', 'wla', '2023-08-14 11:32:41'),
	(26, '231229001', 3, 'Wai Lu Aung', 'Mandalay', 0, 'app testing', '5/DaPaYa(N)124124', '0912451251', '', 'Azkarra;2020;GF;Black', 1, 0, 1, 0, 0, 0, 0, 0, 0, 0, 0, 0, 0, 0, '', 'Deal', '', '2023-12-29', '2024-01-11', 0, '', '', '', 0, 0, 0, '', 'Lemyethna', '', 0, '', '', '', '-', 0, 0, 0, 0, 0, 0, 0, '', '', '', '', 0, '', '', '', '', '', '', 'wla', '2023-12-29 01:04:41'),
	(27, '240109001', 42, 'aaaaa', 'Ever Thrive', 0, 'adsad', '', '1241', '', 'Azkarra;2020;GF;Black', 1, 0, 1, 0, 0, 0, 0, 0, 0, 0, 0, 0, 0, 0, '', 'Normal', '', '2024-01-09', '2024-01-23', 0, '', '', '', 0, 0, 0, '', 'Lemyethna', '', 0, '', '', '', '-', 0, 0, 0, 0, 0, 0, 0, '', '', '', '', 0, '', '', '', '', '', '', 'aaa', '2024-01-09 13:00:04'),
	(43, '240321003', 3, 'Wai Lu Aung', 'Mandalay', 0, 'Test_Sm', '5/AhYaTa(N)123456', '01238765', '2024-03-21', 'Azkarra;2020;GF;White', 1, 0, 0, 0, 0, 0, 0, 0, 0, 0, 0, 0, 0, 1, 'test', 'Deal', '', '2024-03-21', '2024-04-04', 0, '', '', '', 0, 0, 0, '', 'Myaungmya', 'Myaungmya', 0, '', '', '', '-', 0, 0, 0, 0, 0, 0, 0, '', '', '', '', 0, '', '', '', '', '', '', 'wla', '2024-03-21 13:49:17'),
	(42, '240321002', 3, 'Wai Lu Aung', 'Mandalay', 1, 'NNK_Testing', '5/AhYaTa(N)123124', '123', '2000-01-02', 'Coolray;2020;GA;Black', 0, 1, 0, 0, 0, 0, 0, 0, 0, 0, 0, 0, 0, 1, 'NNK_Testing', 'Deal', '', '2024-03-21', '2024-04-04', 0, '', '', '', 0, 0, 0, '', 'Hlaing', '', 0, '', '', '', '-', 0, 0, 0, 0, 0, 0, 0, '', '', '', '', 0, '', '', '', '', '', '', 'wla', '2024-03-21 10:26:02'),
	(41, '240321001', 3, 'Wai Lu Aung', 'Mandalay', 1, 'SM', '9/SaKaTa(N)123456', '1239876543', '2024-03-21', 'Azkarra;2020;GF;Black', 1, 0, 0, 0, 0, 0, 0, 0, 0, 0, 0, 0, 0, 1, 'test', 'Deal', '', '2024-03-21', '2024-04-04', 0, '', '', '', 0, 0, 0, '', 'Kyaunggon', '', 1, '', '', '', '-', 0, 0, 0, 0, 0, 0, 0, '', '', '', '', 0, '', '', '', '', '', '', 'wla', '2024-03-21 10:22:19'),
	(40, '240306002', 3, 'Wai Lu Aung', 'Mandalay', 0, 'testing', '5/AhTaNa(N)123124', '0953212', '2024-04-02', 'Azkarra;2020;GF;Black', 0, 1, 1, 0, 0, 0, 0, 0, 0, 0, 0, 0, 0, 0, '', 'Deal', '', '2024-03-06', '2024-03-20', 0, '', '', '', 0, 0, 0, '', 'Kyangin', '', 0, '', '', '', '-', 0, 0, 0, 0, 0, 0, 0, '', '', '', '', 0, '', '', '', '', '', '', 'wla', '2024-03-06 10:50:44'),
	(39, '240306001', 3, 'Wai Lu Aung', 'Mandalay', 0, 'promotion custoemrtest', '4/KaPaLa(N)124124', '09502313', '2024-04-02', 'Azkarra;2020;GF;Black', 1, 0, 1, 0, 0, 0, 0, 0, 0, 0, 0, 0, 0, 0, '', 'Deal', '', '2024-03-06', '2024-03-20', 0, '', '', '', 0, 0, 0, '', 'Myanaung', '', 0, '', '', '', '-', 0, 0, 0, 0, 0, 0, 0, '', '', '', '', 0, '', '', '', '', '', '', 'wla', '2024-03-06 10:48:13'),
	(38, '240304002', 3, 'Wai Lu Aung', 'Mandalay', 0, 'aaatest', '', '09785643231', '2024-04-09', 'Azkarra;2020;GF;Black', 0, 1, 0, 1, 0, 0, 0, 0, 0, 0, 0, 0, 0, 0, '', 'Deal', '', '2024-03-04', '2024-03-04', 0, '', '', '', 0, 0, 0, '', 'Myanaung', '', 0, '', '', '', '-', 0, 0, 0, 0, 0, 0, 0, '', '', '', '', 0, '', '', '', '', '', '', 'wla', '2024-03-04 21:50:04'),
	(37, '240304001', 3, 'Wai Lu Aung', 'Mandalay', 0, 'ddd', '7/KaKaNa(P)124125', '126', '2024-04-09', 'Azkarra;2020;GF;Black', 1, 1, 1, 0, 0, 0, 1, 0, 0, 0, 0, 0, 0, 0, '', 'Deal', '', '2024-03-04', '2024-03-18', 0, '', '', '', 0, 0, 0, '', 'Myanaung', '', 0, '', '', '', '-', 0, 0, 0, 0, 0, 0, 0, '', '', '', '', 0, '', '', '', '', '', '', 'wla', '2024-03-04 21:49:32'),
	(44, '240321004', 3, 'Wai Lu Aung', 'Mandalay', 1, 'SS', '5/HtaPaKha(N)123456', '09788888', '2024-04-02', 'Azkarra;2020;GF;Black', 1, 0, 0, 0, 0, 0, 0, 0, 0, 0, 0, 0, 0, 1, 'test', 'Deal', '', '2024-03-21', '2024-04-04', 0, '', '', '', 0, 0, 0, '', 'Lemyethna', '', 0, '', '', '', '-', 0, 0, 0, 0, 0, 0, 0, '', '', '', '', 0, '', '', '', '', '', '', 'wla', '2024-03-21 13:53:19'),
	(45, '240321005', 3, 'Wai Lu Aung', 'Mandalay', 1, 'Sm', '4/HaKhaNa(N)12345', '09999123', '2024-04-02', 'Azkarra;2020;GF;White', 1, 0, 0, 0, 0, 0, 0, 0, 0, 0, 0, 0, 0, 1, 'test', 'Deal', '', '2024-03-21', '2024-04-04', 0, '', '', '', 0, 0, 0, '', 'Kyangin', '', 0, '', '', '', '-', 0, 0, 0, 0, 0, 0, 0, '', '', '', '', 0, '', '', '', '', '', '', 'wla', '2024-03-21 13:54:56'),
	(46, '240403001', 3, 'Wai Lu Aung', 'Mandalay', 0, 'Kyaw Kyaw', '', '95912345', '', 'Camry;2023;GA;Black', 1, 0, 0, 0, 0, 0, 0, 0, 0, 0, 0, 0, 0, 1, 'test', 'Normal', '', '2024-04-03', '2024-04-17', 0, '', '', '', 0, 0, 0, '', 'Hinthada', '', 0, '', '', '', '-', 0, 0, 0, 0, 0, 0, 0, '', '', '', '', 0, '', '', '', '', '', '', 'wla', '2024-04-03 11:14:10'),
	(47, '240607001', 3, 'Wai Lu Aung', 'Mandalay', 0, 'Thazin', '7/KaTaKha(N)123654', '09250035033', '', 'SUNM;2023;Normal;Black', 1, 0, 1, 0, 0, 0, 0, 0, 0, 0, 0, 0, 0, 0, '', 'Deal', '', '2024-06-07', '2024-06-21', 0, '', '', '', 0, 0, 0, '', 'Hinthada', '', 0, '', '', '', '-', 0, 0, 0, 0, 0, 0, 0, '', '', '', '', 0, '', '', '', '', '', '', 'wla', '2024-06-07 14:27:25'),
	(48, '240610001', 3, 'Wai Lu Aung', 'Mandalay', 0, 'Mya Mya', '', '09699727420', '2024-06-10', 'Azkarra;2020;GF;Black', 1, 0, 1, 0, 0, 0, 0, 0, 0, 0, 0, 0, 0, 0, '', 'Normal', '', '2024-06-10', '2024-06-24', 0, '', '', '', 0, 0, 0, '', 'Myaungmya', '', 0, '', '', '', '-', 0, 0, 0, 0, 0, 0, 0, '', '', '', '', 0, '', '', '', '', '', '', 'wla', '2024-06-10 11:05:24');
/*!40000 ALTER TABLE `customer` ENABLE KEYS */;

-- Dumping structure for table geely_db1.delivery_note
DROP TABLE IF EXISTS `delivery_note`;
CREATE TABLE IF NOT EXISTS `delivery_note` (
  `id` int(11) NOT NULL AUTO_INCREMENT,
  `oc_no` varchar(50) NOT NULL DEFAULT '',
  `date` varchar(25) NOT NULL DEFAULT '',
  `delivery_to` varchar(255) NOT NULL DEFAULT '',
  `phone_no` varchar(100) NOT NULL DEFAULT '',
  `address` text NOT NULL,
  `model` varchar(150) NOT NULL DEFAULT '',
  `grade` varchar(100) NOT NULL DEFAULT '',
  `vin_no` varchar(100) NOT NULL DEFAULT '',
  `engine` varchar(100) NOT NULL DEFAULT '',
  `colour_ext_int` varchar(150) NOT NULL DEFAULT '',
  `registration_no` varchar(50) NOT NULL DEFAULT '',
  `invoice_no` varchar(50) NOT NULL DEFAULT '',
  `sales_person` varchar(100) NOT NULL DEFAULT '',
  `generate_by` varchar(100) NOT NULL DEFAULT '',
  `generate_date_time` varchar(25) NOT NULL DEFAULT '',
  PRIMARY KEY (`id`) USING BTREE
) ENGINE=InnoDB AUTO_INCREMENT=6 DEFAULT CHARSET=utf8mb4 COLLATE=utf8mb4_unicode_ci;

-- Dumping data for table geely_db1.delivery_note: ~4 rows (approximately)
INSERT INTO `delivery_note` (`id`, `oc_no`, `date`, `delivery_to`, `phone_no`, `address`, `model`, `grade`, `vin_no`, `engine`, `colour_ext_int`, `registration_no`, `invoice_no`, `sales_person`, `generate_by`, `generate_date_time`) VALUES
	(1, 'PAL-G00001-2023', '2023-07-25', 'Ma Hla Hla Aung Thein', '098765335', '', 'Geometry F', 'Highest', '10', '10', 'White/Black', '', '', 'Hsu Hnin Ye', 'wppp', '2023-07-25 16:39:46'),
	(2, 'PAL-G00004-2023', '2023-07-31', 'Shelle', '09444555666', 'test', 'Geometry F', 'Highest', '15', '15', 'White/Black', 'test', 'test', 'Wai Lu Aung', 'nlm', '2023-07-31 00:51:13'),
	(3, 'PAL-T00001-2023', '2023-07-31', 'Shelle', '09555444999', 'test', 'Beetle', 'G1', 'V6549', 'E14516', 'Silver/Orange + Black', 'test', 'test', 'Wai Lu Aung', 'nlm', '2023-07-31 00:53:17'),
	(4, 'PAL-T00002-2023', '2023-07-31', 'THAN', '095632556', 'test', 'Camry', 'GA', 'V564564', 'E566', 'Black/Black', 'test', 'test', 'Hsu Hnin Ye', 'wppp', '2023-07-31 00:54:22'),
	(5, 'PAL-G00003-2023', '2023-07-31', 'THAN', '095632556', 'test', 'Geometry F', 'Highest', '14', '14', 'White/Black', 'test', 'test', 'Hsu Hnin Ye', 'wppp', '2023-07-31 00:55:35');

-- Dumping structure for table geely_db1.department
DROP TABLE IF EXISTS `department`;
CREATE TABLE IF NOT EXISTS `department` (
  `id` int(11) NOT NULL AUTO_INCREMENT,
  `department` varchar(255) NOT NULL DEFAULT '',
  PRIMARY KEY (`id`) USING BTREE
) ENGINE=InnoDB AUTO_INCREMENT=18 DEFAULT CHARSET=utf8mb4 COLLATE=utf8mb4_unicode_ci;

-- Dumping data for table geely_db1.department: ~9 rows (approximately)
INSERT INTO `department` (`id`, `department`) VALUES
	(7, 'PAL Management - HO'),
	(8, 'Brand & Sales Management'),
	(9, 'Aftersales Management'),
	(10, 'Service'),
	(11, 'Marketing'),
	(12, 'SCM & Import & Logistics'),
	(13, 'HR & Admin'),
	(14, 'Finance'),
	(17, 'Testing');

-- Dumping structure for table geely_db1.deposit_receipt
DROP TABLE IF EXISTS `deposit_receipt`;
CREATE TABLE IF NOT EXISTS `deposit_receipt` (
  `id` int(11) NOT NULL AUTO_INCREMENT,
  `oc_no` varchar(50) NOT NULL DEFAULT '',
  `gl_code` varchar(50) NOT NULL DEFAULT '',
  `gl_code_bank_or_cash` varchar(50) NOT NULL DEFAULT '',
  `r_date` varchar(25) NOT NULL DEFAULT '',
  `r_payment_type` varchar(25) NOT NULL DEFAULT '',
  `receipt_no` varchar(25) NOT NULL DEFAULT '',
  `receipt_img` varchar(255) NOT NULL DEFAULT '',
  `amount` int(11) NOT NULL DEFAULT 0,
  `entry_by` varchar(100) NOT NULL DEFAULT '',
  `entry_date_time` varchar(25) NOT NULL DEFAULT '',
  PRIMARY KEY (`id`) USING BTREE
) ENGINE=InnoDB AUTO_INCREMENT=18 DEFAULT CHARSET=utf8mb4 COLLATE=utf8mb4_unicode_ci;

-- Dumping data for table geely_db1.deposit_receipt: ~13 rows (approximately)
INSERT INTO `deposit_receipt` (`id`, `oc_no`, `gl_code`, `gl_code_bank_or_cash`, `r_date`, `r_payment_type`, `receipt_no`, `receipt_img`, `amount`, `entry_by`, `entry_date_time`) VALUES
	(1, 'PAL-G00014-2023', '4013/001', '3015/004', '2023-07-05', 'Cash', 'VN9999', '2023-07-05 11-49-26.png', 0, 'smo', '2023-07-05 11:49:26'),
	(2, 'PAL-G00015-2023', '4013/002', '3015/003', '2023-07-17', 'AYA Pay', 'VN1256', '2023-07-17 16-44-02.png', 0, 'smo', '2023-07-17 16:44:02'),
	(3, 'PAL-G00017-2023', '4013/003', '3015/003', '2023-07-17', 'MAB', 'VN1425', '2023-07-17 16-48-05.png', 0, 'smo', '2023-07-17 16:48:05'),
	(4, 'PAL-G00018-2023', '4013/002', '1000/004', '2023-07-17', 'Cash', 'VN1256', '2023-07-17 16-48-39.png', 0, 'smo', '2023-07-17 16:48:39'),
	(5, 'PAL-T00003-2023', '4013/003', '3015/003', '2023-07-17', 'MAB', 'VN1256', '2023-07-17 16-51-48.png', 0, 'smo', '2023-07-17 16:51:48'),
	(6, 'PAL-G00009-2023', '4013/001', '1000/001', '2023-11-23', 'Cash', '12345', '2023-11-23 17-25-03.jpg', 0, 'smo', '2023-11-23 17:25:03'),
	(7, 'PAL-C00001-2023', '4013/001', '1000/001', '2023-12-29', 'MAB', '1111111', '2023-12-29 01-07-18.jpg', 0, 'smo', '2023-12-29 01:07:18'),
	(8, 'PAL-C00002-2023', '4013/001', '1000/001', '2023-12-29', 'Cash', '123455', '2023-12-29 10-55-32.jpg', 0, 'smo', '2023-12-29 10:55:32'),
	(9, 'PAL-G00004-2024', '4013/001', '1000/004', '2024-03-11', 'Cash', '124', '2024-03-11 14-18-59.jpg', 1000000, 'smo', '2024-03-11 14:18:59'),
	(10, 'PAL-G00005-2024', '4013/001', '1000/004', '2024-03-15', 'Cash', 'aa', '2024-03-15 10-25-47.jpg', 1000000, 'smo', '2024-03-15 10:25:47'),
	(11, 'PAL-G00006-2024', '4013/001', '111/11', '2024-03-15', 'Cash', '000123', '2024-03-15 11-36-20.jpg', 1000000, 'smo', '2024-03-15 11:36:20'),
	(12, 'PAL-G00013-2024', '4013/001', '1000/001', '2024-03-24', 'Cash', '44444444', '2024-03-24 23-38-02.jpg', 1000000, 'smo', '2024-03-24 23:38:02'),
	(16, 'PAL-G00012-2024', '4013/001', '1000/001', '2024-03-25', 'Cash', 'hhhhhhhhhhhhhhhhhhhhhhhhh', '2024-03-25 00-37-36.jpg', 2000000, 'smo', '2024-03-25 00:37:36'),
	(17, 'PAL-G00016-2024', '4013/001', '999/111', '2024-03-25', 'Cash', '1234', '2024-03-25 11-58-24.jpg', 1000000, 'smo', '2024-03-25 11:58:24');

-- Dumping structure for table geely_db1.deposit_refund
DROP TABLE IF EXISTS `deposit_refund`;
CREATE TABLE IF NOT EXISTS `deposit_refund` (
  `id` int(11) NOT NULL AUTO_INCREMENT,
  `date` varchar(25) NOT NULL DEFAULT '',
  `oc_no` varchar(50) NOT NULL DEFAULT '',
  `ref_id` int(11) NOT NULL DEFAULT 0,
  `gl_code` varchar(50) NOT NULL DEFAULT '',
  `gl_code_bank_or_cash` varchar(50) NOT NULL DEFAULT '',
  `amount` float NOT NULL DEFAULT 0,
  `description` text NOT NULL,
  `entry_by` varchar(100) NOT NULL DEFAULT '',
  `entry_date_time` varchar(25) NOT NULL DEFAULT '',
  PRIMARY KEY (`id`)
) ENGINE=InnoDB AUTO_INCREMENT=10 DEFAULT CHARSET=utf8mb4 COLLATE=utf8mb4_unicode_ci;

-- Dumping data for table geely_db1.deposit_refund: ~5 rows (approximately)
INSERT INTO `deposit_refund` (`id`, `date`, `oc_no`, `ref_id`, `gl_code`, `gl_code_bank_or_cash`, `amount`, `description`, `entry_by`, `entry_date_time`) VALUES
	(1, '2023-07-05', '', 0, '4013/001', '3015/004', 1000000, '', 'smo', '2023-07-05 12:17:45'),
	(3, '2023-12-29', '', 0, '4013/001', '1000/001', 1000000, '', 'smo', '2023-12-29 00:42:44'),
	(4, '2023-12-29', '', 0, '4013/001', '1000/001', 2000000, '', 'smo', '2023-12-29 01:37:53'),
	(5, '2024-03-11', 'PAL-G00009-2023', 6, '4013/001', '3015/003', 0, '1', 'smo', '2024-03-11 14:42:31'),
	(6, '2024-03-11', 'PAL-G00004-2024', 9, '4013/001', '1000/002', 1000000, 'd', 'smo', '2024-03-11 15:22:04'),
	(7, '2024-03-15', 'PAL-G00006-2024', 11, '4013/001', '111/11', 1000000, 'deposit refund', 'smo', '2024-03-15 11:38:36'),
	(8, '2024-03-25', 'PAL-G00016-2024', 17, '4013/001', '999/111', 1000000, '', 'smo', '2024-03-25 12:19:10'),
	(9, '2024-04-03', 'PAL-G00005-2024', 10, '4013/001', '1011', 1000000, '', 'smo', '2024-04-03 16:14:05');

-- Dumping structure for table geely_db1.driver
DROP TABLE IF EXISTS `driver`;
CREATE TABLE IF NOT EXISTS `driver` (
  `id` int(11) NOT NULL AUTO_INCREMENT,
  `name` varchar(150) NOT NULL DEFAULT '',
  `nrc_no` varchar(100) NOT NULL DEFAULT '',
  `phone` varchar(50) NOT NULL DEFAULT '',
  `license_no` varchar(100) NOT NULL DEFAULT '',
  `address` varchar(100) NOT NULL DEFAULT '',
  PRIMARY KEY (`id`)
) ENGINE=InnoDB AUTO_INCREMENT=2 DEFAULT CHARSET=utf8mb4 COLLATE=utf8mb4_unicode_ci;

-- Dumping data for table geely_db1.driver: ~0 rows (approximately)
INSERT INTO `driver` (`id`, `name`, `nrc_no`, `phone`, `license_no`, `address`) VALUES
	(1, 'U Myint', '12/AhSaNa(N)323452', '09888888', 'c/001', 'Kyauktada Township');

-- Dumping structure for table geely_db1.due_date_setting
DROP TABLE IF EXISTS `due_date_setting`;
CREATE TABLE IF NOT EXISTS `due_date_setting` (
  `id` int(11) NOT NULL AUTO_INCREMENT,
  `process` varchar(100) NOT NULL DEFAULT '',
  `due_day` int(11) NOT NULL DEFAULT 0,
  `due_hour` int(11) NOT NULL DEFAULT 0,
  PRIMARY KEY (`id`)
) ENGINE=InnoDB AUTO_INCREMENT=4 DEFAULT CHARSET=utf8mb4 COLLATE=utf8mb4_unicode_ci;

-- Dumping data for table geely_db1.due_date_setting: ~2 rows (approximately)
INSERT INTO `due_date_setting` (`id`, `process`, `due_day`, `due_hour`) VALUES
	(1, 'Deposit Collect', 3, 4),
	(2, 'Payment (Sales)', 30, 3),
	(3, 'Payment (After Sales)', 4, 5);

-- Dumping structure for table geely_db1.event
DROP TABLE IF EXISTS `event`;
CREATE TABLE IF NOT EXISTS `event` (
  `id` int(11) NOT NULL AUTO_INCREMENT,
  `name` varchar(250) NOT NULL DEFAULT '',
  `voucher_no` varchar(150) NOT NULL DEFAULT '',
  `date` varchar(10) NOT NULL DEFAULT '',
  `done` tinyint(4) NOT NULL DEFAULT 0,
  `entry_by` varchar(150) NOT NULL DEFAULT '',
  `entry_date_time` varchar(20) NOT NULL DEFAULT '',
  PRIMARY KEY (`id`) USING BTREE
) ENGINE=InnoDB AUTO_INCREMENT=35 DEFAULT CHARSET=utf8mb4 COLLATE=utf8mb4_unicode_ci ROW_FORMAT=DYNAMIC;

-- Dumping data for table geely_db1.event: ~34 rows (approximately)
INSERT INTO `event` (`id`, `name`, `voucher_no`, `date`, `done`, `entry_by`, `entry_date_time`) VALUES
	(1, 'Campign', '500000', '2024-06-07', 0, 'tpt', '2024-06-07 11:07:48'),
	(2, 'Sample Campign', '500000', '2024-06-07', 0, 'tpt', '2024-06-07 11:22:45'),
	(3, 'Warso Festival', '500000', '2024-06-13', 0, 'tpt', '2024-06-13 09:26:49'),
	(4, 'Warso Festival2', '500000', '2024-06-13', 0, 'tpt', '2024-06-13 09:26:49'),
	(5, 'testing admin', '444444', '2024-07-01', 0, 'tpt', '2024-07-01 22:24:29'),
	(6, 'Testing', '500000', '2024-07-02', 0, 'tpt', '2024-07-02 14:38:58'),
	(7, 'Warso Event', '12345', '2024-07-02', 0, 'tpt', '2024-07-02 14:41:48'),
	(8, 'Test AA', '500000', '2024-07-02', 0, 'tpt', '2024-07-02 14:44:27'),
	(9, 'Testing Event', '500000', '2024-07-03', 0, 'tpt', '2024-07-03 09:50:14'),
	(10, 'Event Abc', '500000', '2024-07-03', 0, 'tpt', '2024-07-03 14:56:59'),
	(11, 'Warso Festival ', '12345', '2024-07-03', 0, 'tpt', '2024-07-03 16:24:15'),
	(12, 'Test Festival', '500000', '2024-07-03', 0, 'tpt', '2024-07-03 16:26:20'),
	(13, 'Warso festival', '500000', '2024-07-03', 0, 'tpt', '2024-07-03 16:29:05'),
	(14, 'Testing ABCD', '12345', '2024-07-03', 0, 'tpt', '2024-07-03 16:30:45'),
	(15, 'ABCDe', '12345', '2024-07-03', 0, 'tpt', '2024-07-03 16:31:38'),
	(16, 'Campign', '12345', '2024-07-04', 0, 'tpt', '2024-07-04 13:28:59'),
	(17, 'AA', '12345', '2024-07-04', 0, 'tpt', '2024-07-04 14:05:13'),
	(18, 'Marketing Campign', '12345', '2024-07-04', 0, 'tpt', '2024-07-04 14:49:46'),
	(19, 'Abcde', '456', '2024-07-05', 0, 'smo', '2024-07-05 09:15:38'),
	(20, 'sss', '500000', '2024-07-07', 0, 'tpt', '2024-07-07 16:10:32'),
	(21, 'Event bcdef', '10,000', '2024-07-07', 0, 'tpt', '2024-07-07 20:05:33'),
	(22, 'Event Sample A', '10,000', '2024-07-08', 0, 'tpt', '2024-07-08 06:27:04'),
	(23, 'Abcdefgh', '100,000', '2024-07-09', 0, 'tpt', '2024-07-09 14:25:03'),
	(24, 'Testing Event ', '150,000', '2024-07-09', 0, 'tpt', '2024-07-09 14:36:26'),
	(25, 'Event Sample B', '150,000', '2024-07-09', 0, 'tpt', '2024-07-09 15:11:13'),
	(26, 'July Event', '100,000', '2024-07-09', 0, 'tpt', '2024-07-09 20:56:32'),
	(27, 'Event Abc', '50,000', '2024-07-09', 0, 'tpt', '2024-07-09 20:58:36'),
	(28, 'Event def', '30,000', '2024-07-09', 0, 'tpt', '2024-07-09 20:59:47'),
	(29, 'Event E', '100,000', '2024-07-10', 0, 'tpt', '2024-07-10 09:00:29'),
	(30, 'Event E', '150,000', '2024-07-10', 0, 'tpt', '2024-07-10 09:03:36'),
	(31, 'Event F', '100,000', '2024-07-10', 0, 'tpt', '2024-07-10 09:01:23'),
	(32, 'Event G', '100,000', '2024-07-10', 0, 'tpt', '2024-07-10 09:02:01'),
	(33, 'Event H', '100,000', '2024-07-10', 0, 'tpt', '2024-07-10 09:03:07'),
	(34, 'test app', '30,000', '2024-07-10', 0, 'tpt', '2024-07-10 14:32:19'),
	(35, 'July event', '100,000', '2024-07-11', 0, 'tpt', '2024-07-11 10:02:27'),
	(36, 'Campign ', '100,000', '2024-07-11', 0, 'tpt', '2024-07-11 10:15:24'),
	(37, 'Event A', '100,000', '2024-07-11', 0, 'tpt', '2024-07-11 10:16:06'),
	(38, 'Event B', '200,000', '2024-07-11', 0, 'tpt', '2024-07-11 10:17:08'),
	(39, 'Event 1', '100,000', '2024-07-11', 0, 'tpt', '2024-07-11 10:19:00'),
	(40, 'Campign A', '300,000', '2024-07-11', 0, 'tpt', '2024-07-11 10:21:47'),
	(41, 'Event defg', '100,000', '2024-07-11', 0, 'tpt', '2024-07-11 10:23:34'),
	(42, 'Event Example', '50,000', '2024-07-11', 0, 'tpt', '2024-07-11 13:21:38');

-- Dumping structure for table geely_db1.event_detail
DROP TABLE IF EXISTS `event_detail`;
CREATE TABLE IF NOT EXISTS `event_detail` (
  `id` int(11) NOT NULL AUTO_INCREMENT,
  `event_id` int(11) NOT NULL,
  `description` text NOT NULL,
  `target` int(11) NOT NULL DEFAULT 0,
  `actual` int(11) NOT NULL DEFAULT 0,
  PRIMARY KEY (`id`) USING BTREE
) ENGINE=InnoDB AUTO_INCREMENT=118 DEFAULT CHARSET=utf8mb4 COLLATE=utf8mb4_unicode_ci ROW_FORMAT=DYNAMIC;

-- Dumping data for table geely_db1.event_detail: ~101 rows (approximately)
INSERT INTO `event_detail` (`id`, `event_id`, `description`, `target`, `actual`) VALUES
	(1, 1, 'Potential', 100, 0),
	(2, 1, 'Booking', 100, 0),
	(3, 2, 'Number of Test Drive', 50, 0),
	(4, 2, 'Potential', 50, 0),
	(5, 2, 'Booking', 50, 0),
	(6, 3, 'Potential', 50, 0),
	(7, 3, 'Booking', 50, 0),
	(8, 3, 'Reach', 50, 0),
	(9, 3, 'React', 50, 0),
	(10, 4, 'Potential', 50, 0),
	(11, 4, 'Booking', 50, 0),
	(12, 4, 'Reach', 50, 0),
	(13, 4, 'React', 50, 0),
	(22, 5, 'Number of Attendance (or) Walk In', 100, 80),
	(23, 5, 'Number of Test Drive', 60, 30),
	(24, 5, 'Potential', 50, 20),
	(25, 5, 'Booking', 40, 30),
	(26, 5, 'Reach', 90, 100),
	(27, 5, 'React', 100, 200),
	(28, 5, 'Comment', 200, 185),
	(29, 5, 'Share', 150, 127),
	(30, 6, 'Comment', 10, 0),
	(31, 6, 'React', 10, 0),
	(32, 6, 'Comment', 10, 0),
	(33, 7, 'Share', 50, 0),
	(34, 7, 'Booking', 50, 0),
	(35, 7, 'Comment', 50, 0),
	(36, 7, 'Number of Test Drive', 50, 0),
	(41, 8, 'Number of Test Drive', 30, 50),
	(42, 8, 'Potential', 30, 50),
	(43, 8, 'Reach', 30, 50),
	(44, 8, 'Comment', 30, 50),
	(45, 9, 'Potential', 50, 0),
	(46, 9, 'Booking', 50, 0),
	(47, 9, 'Reach', 50, 0),
	(48, 10, 'Number of Test Drive', 50, 0),
	(49, 10, 'Potential', 50, 0),
	(50, 10, 'Booking', 50, 0),
	(51, 10, 'Reach', 50, 0),
	(52, 11, 'Potential', 100, 0),
	(53, 11, 'Booking', 100, 0),
	(54, 11, 'Reach', 100, 0),
	(55, 12, 'Potential', 100, 0),
	(56, 12, 'Booking', 100, 0),
	(57, 12, 'React', 100, 0),
	(58, 13, 'Potential', 100, 0),
	(59, 13, 'Booking', 100, 0),
	(60, 13, 'React', 100, 0),
	(61, 14, 'Potential', 100, 0),
	(62, 14, 'Booking', 100, 0),
	(63, 14, 'Comment', 100, 0),
	(64, 15, 'Potential', 100, 0),
	(65, 16, 'Booking', 100, 0),
	(66, 16, 'Reach', 100, 0),
	(67, 16, 'Comment', 100, 0),
	(68, 17, 'Booking', 50, 0),
	(69, 18, 'Booking', 100, 0),
	(70, 18, 'React', 100, 0),
	(71, 18, 'Comment', 100, 0),
	(72, 19, 'Potential', 100, 0),
	(73, 19, 'Booking', 100, 0),
	(74, 19, 'Reach', 100, 0),
	(75, 20, 'Potential', 40, 0),
	(76, 21, 'Potential', 100, 0),
	(77, 21, 'Booking', 100, 0),
	(78, 21, 'Comment', 100, 0),
	(79, 22, 'Potential', 100, 0),
	(80, 22, 'Reach', 100, 0),
	(81, 23, 'Booking', 100, 0),
	(82, 23, 'React', 100, 0),
	(83, 24, 'Potential', 100, 0),
	(84, 24, 'Booking', 150, 0),
	(85, 24, 'Reach', 200, 0),
	(86, 24, 'React', 250, 0),
	(87, 24, 'Comment', 300, 0),
	(88, 24, 'Share', 350, 0),
	(89, 25, 'Potential', 100, 0),
	(90, 25, 'Booking', 150, 0),
	(91, 25, 'Reach', 200, 0),
	(92, 25, 'React', 250, 0),
	(93, 25, 'Comment', 300, 0),
	(94, 26, 'Potential', 100, 0),
	(95, 26, 'Booking', 100, 0),
	(96, 26, 'Reach', 100, 0),
	(97, 26, 'React', 100, 0),
	(98, 26, 'Comment', 100, 0),
	(99, 26, 'Share', 100, 0),
	(100, 27, 'Potential', 150, 0),
	(101, 28, 'Booking', 200, 0),
	(102, 29, 'Potential', 100, 0),
	(103, 29, 'Booking', 100, 0),
	(106, 31, 'Booking', 50, 0),
	(107, 32, 'Reach', 100, 0),
	(108, 32, 'React', 100, 0),
	(109, 33, 'Booking', 100, 0),
	(110, 33, 'React', 100, 0),
	(111, 33, 'Comment', 100, 0),
	(112, 30, 'Potential', 100, 0),
	(113, 30, 'Booking', 100, 0),
	(116, 34, 'Number of Attendance (or) Walk In', 30000, 300),
	(117, 34, 'Number of Test Drive', 30000, 0),
	(121, 35, 'Potential', 100, 150),
	(122, 35, 'Reach', 100, 0),
	(123, 35, 'React', 100, 0),
	(124, 36, 'Number of Test Drive', 100, 0),
	(125, 36, 'Booking', 100, 0),
	(126, 36, 'Reach', 100, 0),
	(127, 37, 'Potential', 100, 0),
	(128, 38, 'React', 50, 0),
	(129, 38, 'Booking', 50, 0),
	(130, 39, 'Potential', 50, 0),
	(131, 39, 'Booking', 50, 0),
	(132, 39, 'React', 50, 0),
	(133, 40, 'Potential', 50, 0),
	(134, 40, 'Booking', 50, 0),
	(135, 40, 'Reach', 50, 0),
	(136, 41, 'Potential', 50, 0),
	(137, 41, 'Booking', 50, 0),
	(138, 41, 'Reach', 50, 0),
	(139, 41, 'React', 50, 0),
	(140, 42, 'Potential', 100, 0),
	(141, 42, 'Booking', 100, 0),
	(142, 42, 'Reach', 100, 0);

-- Dumping structure for table geely_db1.exchange_rate
DROP TABLE IF EXISTS `exchange_rate`;
CREATE TABLE IF NOT EXISTS `exchange_rate` (
  `id` int(11) NOT NULL AUTO_INCREMENT,
  `date` varchar(25) NOT NULL DEFAULT '',
  `currency` varchar(50) NOT NULL DEFAULT '' COMMENT 'USD, SGD, CNY',
  `rate` float NOT NULL DEFAULT 0 COMMENT 'MMK',
  `entry_by` varchar(100) NOT NULL DEFAULT '',
  `entry_date_time` varchar(25) NOT NULL DEFAULT '',
  PRIMARY KEY (`id`)
) ENGINE=InnoDB AUTO_INCREMENT=25 DEFAULT CHARSET=utf8mb4 COLLATE=utf8mb4_unicode_ci;

-- Dumping data for table geely_db1.exchange_rate: ~24 rows (approximately)
INSERT INTO `exchange_rate` (`id`, `date`, `currency`, `rate`, `entry_by`, `entry_date_time`) VALUES
	(1, '2023-06-27', 'CNY', 290, 'smo', '2023-06-27 23:40:01'),
	(2, '2023-06-27', 'SGD', 1600, 'smo', '2024-01-05 10:38:48'),
	(3, '2023-06-27', 'USD', 2100, 'smo', '2023-06-27 23:40:35'),
	(4, '2023-06-28', 'CNY', 290.08, 'smo', '2023-06-28 11:47:18'),
	(5, '2023-06-29', 'CNY', 3000, 'smo', '2023-12-13 02:09:04'),
	(6, '2023-12-13', 'USD', 2500, 'smo', '2024-03-15 10:41:03'),
	(7, '2023-12-13', 'CNY', 2900, 'smo', '2024-01-05 00:27:19'),
	(8, '2024-01-05', 'CNY', 3000, 'smo', '2024-01-05 10:39:39'),
	(9, '2024-02-23', 'SGD', 3000, 'smo', '2024-02-23 10:26:53'),
	(10, '2024-03-15', 'SGD', 3500, 'smo', '2024-03-15 10:41:25'),
	(11, '2024-03-15', 'SGD', 2200, 'smo', '2024-03-15 14:27:54'),
	(12, '2024-03-19', 'SGD', 2400, 'smo', '2024-03-19 13:07:47'),
	(13, '2024-03-19', 'USD', 3200, 'smo', '2024-03-19 13:08:14'),
	(14, '2024-03-19', 'CNY', 300, 'smo', '2024-03-26 10:09:48'),
	(15, '2024-03-20', 'SGD', 3000, 'smo', '2024-03-26 10:14:34'),
	(16, '2024-03-25', 'USD', 400, '', '2024-03-26 14:02:13'),
	(17, '2024-03-26', 'CNY', 300, 'smo', '2024-03-26 10:10:24'),
	(18, '2024-03-26', 'SGD', 3100, 'smo', '2024-03-26 10:16:37'),
	(19, '2024-03-29', 'USD', 2500, 'smo', '2024-03-29 15:30:50'),
	(20, '2024-06-07', 'SGD', 4500, 'smo', '2024-06-10 15:13:45'),
	(21, '2024-06-07', 'USD', 4500, 'smo', '2024-06-07 14:36:48'),
	(22, '2024-06-08', 'USD', 4000, 'smo', '2024-06-08 16:59:58'),
	(23, '2024-06-10', 'USD', 4500, 'smo', '2024-06-10 09:28:03'),
	(24, '2024-06-10', 'SGD', 3000, 'smo', '2024-06-10 15:19:19');

-- Dumping structure for table geely_db1.expense
DROP TABLE IF EXISTS `expense`;
CREATE TABLE IF NOT EXISTS `expense` (
  `id` int(11) NOT NULL AUTO_INCREMENT,
  `expense_date` varchar(50) NOT NULL DEFAULT '',
  `payment_voucher_no` varchar(50) NOT NULL DEFAULT '',
  `bank_account_to` varchar(150) NOT NULL DEFAULT '',
  `expense_by` varchar(150) NOT NULL DEFAULT '',
  `receive_no` varchar(50) NOT NULL DEFAULT '',
  `upload_receive` varchar(255) DEFAULT '',
  `entry_by` varchar(150) NOT NULL DEFAULT '',
  `entry_date_time` varchar(25) NOT NULL DEFAULT '',
  PRIMARY KEY (`id`) USING BTREE
) ENGINE=InnoDB AUTO_INCREMENT=50 DEFAULT CHARSET=utf8mb4 COLLATE=utf8mb4_unicode_ci ROW_FORMAT=DYNAMIC;

-- Dumping data for table geely_db1.expense: ~24 rows (approximately)
INSERT INTO `expense` (`id`, `expense_date`, `payment_voucher_no`, `bank_account_to`, `expense_by`, `receive_no`, `upload_receive`, `entry_by`, `entry_date_time`) VALUES
	(2, '2024-04-09', 'v0001', '1000/001', 'pa pa', '', '', 'smo', '2024-02-27 21:52:32'),
	(3, '2024-04-01', '444444', '3015/005', 'gsdfg', '', '', 'smo', '2024-03-05 10:06:29'),
	(4, '2024-04-01', 'cccccc', '1000/001', 'test', '', '', 'smo', '2024-03-14 09:51:39'),
	(8, '2024-04-01', '0012345', '1000/001', 'dddd', '', '', 'smo', '2024-03-14 11:04:24'),
	(9, '2024-04-01', 'cccccccccccvvv', '1000/001', 'dddddd', '', '', 'smo', '2024-03-14 22:49:07'),
	(10, '2024-04-09', 'v001', '111/11', 'app', '', '', 'smo', '2024-03-15 11:30:18'),
	(11, '2024-04-01', 'V20032023001', '1003', 'Test', '', '', 'smo', '2024-03-20 14:56:09'),
	(12, '2024-04-01', '235155', '1005', 'testing', '', '', 'smo', '2024-03-21 10:04:21'),
	(13, '2024-04-01', '12345', '999/111', 'app', '', '', 'smo', '2024-03-25 11:27:16'),
	(14, '2024-04-01', 'V20240328', '111/223', 'qq', '', '', 'smo', '2024-03-28 14:57:34'),
	(15, '2024-04-01', 'V03292024002', '1003', 'Sm', '', '', 'smo', '2024-04-01 10:50:39'),
	(16, '2024-04-01', 'V03292024003', '1004', 'Sm', '', '', 'smo', '2024-04-03 09:51:26'),
	(17, '2024-04-03', '200320240002', '7001/0001', 'wppp', '', '2024-04-03 17-06-21.jpg', 'smo', '2024-04-03 17:06:21'),
	(18, '2024-04-03', 'V03292024004', '1003', 'wppp', '', '2024-04-03 17-15-19.jpg', 'smo', '2024-04-03 17:15:19'),
	(19, '2024-04-09', 'aaa', '1005', 'wppp', 'rv4732', '2024-04-09 15-01-25.jpg', 'smo', '2024-04-09 15:01:25'),
	(22, '2024-04-09', 'V29032024', '1004', 'pp', 'rev11110', '2024-04-09 15-12-55.jpg', 'smo', '2024-04-09 15:12:55'),
	(23, '2024-04-27', 'V03292024001', '1000/004', 'aaa', '123456', '2024-04-27 22-33-52.jpg', 'smo', '2024-04-27 22:33:52'),
	(24, '2024-04-27', '987654', '1000/002', 'test', '123456789', '2024-04-27 22-39-52.jpg', 'smo', '2024-04-27 22:39:52'),
	(25, '2024-04-27', '124142423', '', 'cccc', 'xxcc', '2024-04-27 23-01-47.jpg', 'smo', '2024-04-27 23:01:47'),
	(26, '2024-05-02', 'bbbbbbbbbbbbbbb', '1004', 'ddd', 'nnnnnnnnnn', '2024-05-02 22-07-45.jpg', 'smo', '2024-05-02 22:07:45'),
	(27, '2024-05-03', 'azzxczcxzcz', '1010', 'apapap', 'kkkkkkkkkkkk', '2024-05-03 01-43-09.jpg', 'smo', '2024-05-03 01:43:09'),
	(29, '2024-05-27', '|11223344|v000002', '1000/002', 'adsdsd', 'dasdasd', '2024-05-27 23-13-03.jpg', 'smo', '2024-05-27 23:13:03'),
	(30, '2024-05-27', 'mmmmmmmmmmmmmm', '', 'dddddd', 'aaaaaa', '2024-05-27 23-24-21.jpg', 'smo', '2024-05-27 23:24:21'),
	(31, '2024-06-08', 'v0009', '963852', 'Sm', '123', '2024-06-08 17-17-27.PNG', 'smo', '2024-06-08 17:17:27'),
	(46, '2024-06-27', '55555555', '', 'smo', '55555555', 'db cleaner.jpg', 'smo', '2024-06-27 10:59:15'),
	(47, '2024-07-04', '12345', '', 'smo', '12345', 'sunflower.jpg', 'smo', '2024-07-04 14:04:31'),
	(48, '2024-07-04', '12345', '', 'smo', '12345', 'sunflower.jpg', 'smo', '2024-07-04 14:48:35'),
	(49, '2024-07-05', '456', '', 'smo', '456', 'sunflower.jpg', 'smo', '2024-07-05 09:15:22');

-- Dumping structure for table geely_db1.expense_detail
DROP TABLE IF EXISTS `expense_detail`;
CREATE TABLE IF NOT EXISTS `expense_detail` (
  `id` int(11) NOT NULL AUTO_INCREMENT,
  `expense_id` varchar(50) NOT NULL DEFAULT '',
  `gl_code` varchar(50) NOT NULL DEFAULT '',
  `amount` int(11) NOT NULL DEFAULT 0,
  `remark` text NOT NULL,
  PRIMARY KEY (`id`) USING BTREE
) ENGINE=InnoDB AUTO_INCREMENT=53 DEFAULT CHARSET=utf8mb4 COLLATE=utf8mb4_unicode_ci ROW_FORMAT=DYNAMIC;

-- Dumping data for table geely_db1.expense_detail: ~35 rows (approximately)
INSERT INTO `expense_detail` (`id`, `expense_id`, `gl_code`, `amount`, `remark`) VALUES
	(1, '2', '3004/010', 210000, 'Test'),
	(2, '2', '3004/002', 60000, 'aa'),
	(3, '3', '3004/002', 11000, 'test rem'),
	(4, '4', '3009/000', 1642, 'dd'),
	(8, '8', '3004/010', 2000, 'cccc'),
	(9, '9', '3009/003', 200000, 'ddddd'),
	(10, '9', '3009/004', 100000, 'ccccc'),
	(11, '9', '3009/004', 95000, 'mmmmmm'),
	(12, '10', '62031', 5000, 'test'),
	(13, '11', '1003', 10000, 'Test'),
	(14, '12', '1003', 10000, 'test'),
	(15, '13', '3015/003', 10000, ''),
	(16, '13', '3100/000', 20000, ''),
	(17, '13', '1000/001', 5000, 'dammage'),
	(18, '14', '2004/015', 4500, 'test'),
	(19, '14', '2004/015', 500, 'aa'),
	(20, '15', '1010', 50000, ''),
	(21, '16', '1003', 10000, ''),
	(22, '17', '123/11', 10000, 'Testig'),
	(23, '18', '7001/0001', 100000, 'Testing'),
	(24, '19', '333/123', 50000, 'fdgdgd'),
	(27, '22', '7001/0001', 1000, 'gdfsgds'),
	(28, '23', '7001/0001', 50000, ''),
	(29, '24', '7001/0001', 70000, ''),
	(30, '25', '111/222', 25000, ''),
	(31, '25', '2100/001', 25000, 'testing'),
	(32, '26', '111/222', 30000, 'ss'),
	(33, '27', '3004/007', 300000, 'klliu,kjhk'),
	(37, '29', '888/08', 40000, ''),
	(38, '29', '111/222', 10000, ''),
	(39, '30', '7001/0001', 70000, '421132'),
	(40, '31', '12345', 10000, ''),
	(41, '32', '123/11', 500000, ''),
	(48, '46', '10003/123', 50000, ''),
	(49, '46', '7001', -10000, ''),
	(50, '47', '12345', 6000, ''),
	(51, '48', '1005', 60000, ''),
	(52, '49', '1003', 550, '');

-- Dumping structure for table geely_db1.expense_history
DROP TABLE IF EXISTS `expense_history`;
CREATE TABLE IF NOT EXISTS `expense_history` (
  `id` int(11) NOT NULL AUTO_INCREMENT,
  `expense_id` int(11) NOT NULL DEFAULT 0,
  `advance_id` int(11) NOT NULL DEFAULT 0,
  `voucher_no` varchar(50) NOT NULL DEFAULT '',
  `request_no` varchar(50) NOT NULL DEFAULT '',
  `amount` int(11) NOT NULL DEFAULT 0,
  PRIMARY KEY (`id`) USING BTREE
) ENGINE=InnoDB AUTO_INCREMENT=19 DEFAULT CHARSET=utf8mb4 COLLATE=utf8mb4_unicode_ci ROW_FORMAT=DYNAMIC;

-- Dumping data for table geely_db1.expense_history: ~9 rows (approximately)
INSERT INTO `expense_history` (`id`, `expense_id`, `advance_id`, `voucher_no`, `request_no`, `amount`) VALUES
	(3, 29, 27, '11223344', 'RF2400011', 10000),
	(4, 29, 31, 'v000002', 'RF2400021', 50000),
	(5, 30, 25, 'mmmmmmmmmmmmmm', 'RF2400027', 70000),
	(6, 31, 41, 'v0009', 'RF2400019', 10000),
	(7, 32, 42, 'testing', 'RF2400029', 500000),
	(11, 44, 71, 'a', 'RF2400034', 60000),
	(12, 45, 77, 'vv', 'RF2400035', 60000),
	(13, 45, 77, 'vv', 'RF2400035', -10000),
	(14, 46, 79, '55555555', 'RF2400037', 50000),
	(15, 46, 79, '55555555', 'RF2400037', -10000),
	(16, 47, 80, '12345', 'RF2400053', 6000),
	(17, 48, 81, '12345', 'RF2400057', 60000),
	(18, 49, 82, '456', 'RF2400058', 550);

-- Dumping structure for table geely_db1.exterior_color
DROP TABLE IF EXISTS `exterior_color`;
CREATE TABLE IF NOT EXISTS `exterior_color` (
  `id` int(11) NOT NULL AUTO_INCREMENT,
  `color` varchar(255) NOT NULL DEFAULT '',
  PRIMARY KEY (`id`)
) ENGINE=InnoDB AUTO_INCREMENT=8 DEFAULT CHARSET=utf8mb4 COLLATE=utf8mb4_unicode_ci;

-- Dumping data for table geely_db1.exterior_color: ~4 rows (approximately)
INSERT INTO `exterior_color` (`id`, `color`) VALUES
	(1, 'Black'),
	(2, 'White'),
	(3, 'Silver'),
	(4, 'Green'),
	(5, 'Black + Red'),
	(6, 'Blue'),
	(7, 'Purple + blue');

-- Dumping structure for procedure geely_db1.generateTargetPages
DROP PROCEDURE IF EXISTS `generateTargetPages`;
DELIMITER //
CREATE PROCEDURE `generateTargetPages`(
	IN `dd` VARCHAR(50)
)
BEGIN
	DECLARE StartDate VARCHAR(50);
	DECLARE EndDate VARCHAR(50);
	DECLARE CurrentDate VARCHAR(50);
	
	SELECT IFNULL(concat(MAX(`month`), '-01'), '2022-12-01') INTO StartDate FROM m_target_pages;
	
	SET EndDate = dd;
	SET CurrentDate = StartDate;
	
	IF DATE_FORMAT(CurrentDate, '%Y%m') < DATE_FORMAT(EndDate, '%Y%m') THEN
		loop_label:  LOOP
			IF DATE_FORMAT(CurrentDate, '%Y%m') >= DATE_FORMAT(EndDate, '%Y%m') THEN 
			   LEAVE  loop_label;
			END  IF;
			
			IF  DATE_FORMAT(CurrentDate, '%Y%m') < DATE_FORMAT(EndDate, '%Y%m') THEN
				SET CurrentDate = DATE_ADD(CurrentDate, INTERVAL 1 MONTH);

		   	INSERT INTO m_target_pages (`page_id`, `month`, p_like, p_reach, p_engagement, p_lead, p_booking) SELECT m_pages.id AS page_id,LEFT(CurrentDate, 7), 0 as p_like, 0 as p_reach, 0 as p_engagement, 0 as p_lead, 0 as p_booking FROM m_pages;
				
			END  IF;                                                          
		END LOOP;  
	END IF;                                                         
END//
DELIMITER ;

-- Dumping structure for table geely_db1.gl_account
DROP TABLE IF EXISTS `gl_account`;
CREATE TABLE IF NOT EXISTS `gl_account` (
  `id` int(11) NOT NULL AUTO_INCREMENT,
  `type` varchar(255) NOT NULL DEFAULT '',
  `category` varchar(255) NOT NULL DEFAULT '',
  `gl_code` varchar(25) NOT NULL DEFAULT '',
  `name` text NOT NULL,
  `currency` varchar(50) NOT NULL DEFAULT '',
  `min_amount` int(11) NOT NULL DEFAULT 0,
  `max_amount` int(11) NOT NULL DEFAULT 0,
  `entry_by` varchar(100) NOT NULL DEFAULT '',
  `entry_date_time` varchar(25) NOT NULL DEFAULT '',
  PRIMARY KEY (`id`)
) ENGINE=InnoDB AUTO_INCREMENT=648 DEFAULT CHARSET=utf8mb4 COLLATE=utf8mb4_unicode_ci;

-- Dumping data for table geely_db1.gl_account: ~307 rows (approximately)
INSERT INTO `gl_account` (`id`, `type`, `category`, `gl_code`, `name`, `currency`, `min_amount`, `max_amount`, `entry_by`, `entry_date_time`) VALUES
	(1, 'Current Asset', 'Advance', '3004/002', 'Advance (Geely)', '', 0, 0, 'smo', '2024-01-09 10:38:50'),
	(2, 'Current Asset', 'Advance', '3004/010', 'Advance (Faw)', '', 0, 0, 'smo', '2023-06-30 13:43:52'),
	(3, 'Current Asset', 'Advance', '3009/000', 'Staff Advance', '', 0, 0, 'smo', '2023-06-30 13:44:07'),
	(4, 'Current Asset', 'Advance', '3009/003', 'Khin Aye Mu - Advance', '', 0, 0, 'smo', '2023-06-30 13:46:35'),
	(5, 'Current Asset', 'Advance', '3009/004', 'Khin Tun(U)- Advance', '', 0, 0, 'smo', '2023-06-30 13:46:44'),
	(6, 'Current Asset', 'Advance', '3100/002', 'Advance IT', '', 0, 0, 'smo', '2023-06-30 13:47:02'),
	(9, 'Current Asset', 'Bank', '3015/003', 'MAB - 0020123002030170015', 'MMK', 0, 0, 'smo', '2023-06-30 13:48:12'),
	(10, 'Current Asset', 'Bank', '3015/004', 'AYA (Special Current-10004165034)', 'MMK', 0, 0, 'smo', '2023-06-30 13:49:01'),
	(11, 'Current Asset', 'Bank', '3015/005', 'MCB USD - 000110010004693', 'USD', 0, 0, 'smo', '2023-06-30 13:49:37'),
	(14, 'Current Asset', 'Cash', '1000/001', 'Cash in Hand-MDY', 'MMK', 1000000, 3000000, 'smo', '2023-06-30 13:54:21'),
	(15, 'Current Asset', 'Cash', '1000/002', 'Main Cash - YGN', 'MMK', 2000000, 10000000, 'smo', '2023-06-30 13:54:52'),
	(16, 'Current Asset', 'Cash', '1000/004', 'YGN Showroom - Cash In Hand', 'MMK', 2000000, 10000000, 'smo', '2023-06-30 13:55:21'),
	(17, 'Current Asset', 'Customer', '4013/001', 'Deposit', '', 0, 0, 'smo', '2023-07-03 14:42:02'),
	(18, 'Current Asset', 'Customer', '4013/002', 'Advance Receipt', '', 0, 0, 'smo', '2023-07-03 14:42:12'),
	(19, 'Current Asset', 'Customer', '4013/003', 'Payment', '', 0, 0, 'smo', '2023-07-15 19:08:47'),
	(20, 'Current Asset', 'Bank', 'test code 01', 'Test Bank Angelic pp', 'CNY', 100000, 500000, 'smo', '2024-04-09 17:40:29'),
	(21, 'Current Asset', 'Bank', 'test 2', 'test 2 bank', 'SGD', 50, 5000, 'smo', '2023-12-13 02:37:43'),
	(22, 'Current Asset', 'Bank', 'test 3', 'test 3 bank', 'MMK', 10, 100000, 'smo', '2023-12-13 02:38:25'),
	(23, 'Other Income', 'Income', '5110/000', 'Other Income-FAW', '', 0, 0, 'smo', '2023-12-28 09:25:01'),
	(24, 'Other Income', 'Income', '5110/001', 'Other Income-Geely', '', 0, 0, 'smo', '2023-12-28 09:25:15'),
	(25, 'Other Income', 'Income', '8001/000', 'INTEREST INCOME (8001/000)', '', 0, 0, 'smo', '2023-12-28 09:26:16'),
	(26, 'Other Income', 'Income', '8001/001', 'Interest Income (8001/001)', '', 0, 0, 'smo', '2023-12-28 09:26:26'),
	(27, 'Other Income', 'Income', '5110/002', 'Deposit', '', 0, 0, 'smo', '2023-12-28 09:27:27'),
	(312, 'Current Asset', 'Advance', '3000/001', 'BBL Deposit', '', 0, 0, '', ''),
	(314, 'Current Asset', 'Advance', '1000/003', 'Advance/Bank in Transit', '', 0, 0, '', ''),
	(315, 'Current Asset', 'Advance', '3100/000', 'Contra', '', 0, 0, '', ''),
	(316, 'Current Asset', 'Advance', '3005/001', 'Deferred Expense', '', 0, 0, '', ''),
	(317, 'Current Asset', 'Advance', '3000/000', 'Deposit', '', 0, 0, '', ''),
	(318, 'Current Asset', 'Advance', '2100/008', 'Inventory - Geely Presents', '', 0, 0, '', ''),
	(319, 'Current Asset', 'Advance', '2100/007', 'Inventory - Geely Spareparts', '', 0, 0, '', ''),
	(320, 'Current Asset', 'Advance', '2100/002', 'Inventory- FAW Spare Parts', '', 0, 0, '', ''),
	(321, 'Current Asset', 'Advance', '2100/001', 'Inventory-FAW', '', 0, 0, '', ''),
	(322, 'Current Asset', 'Advance', '2100/009', 'Inventory-Faw Presents', '', 0, 0, '', ''),
	(323, 'Current Asset', 'Advance', '2100/004', 'Inventory-Geely', '', 0, 0, '', ''),
	(324, 'Current Asset', 'Advance', '2100/005', 'Inventory-Geely Accessories', '', 0, 0, '', ''),
	(325, 'Current Asset', 'Advance', '2100/003', 'Inventory-In Transit', '', 0, 0, '', ''),
	(326, 'Current Asset', 'Advance', '2100/010', 'Inventory-Others', '', 0, 0, '', ''),
	(328, 'Current Asset', 'Advance', '3000/002', 'Other Receivable', '', 0, 0, '', ''),
	(329, 'Current Asset', 'Advance', '3004/007', 'Prepaid Cost', '', 0, 0, '', ''),
	(330, 'Current Asset', 'Advance', '3100/001', 'Prepaid CT', '', 0, 0, '', ''),
	(331, 'Current Asset', 'Advance', '3004/001', 'Prepayment', '', 0, 0, '', ''),
	(332, 'Current Asset', 'Advance', '4013/014', 'Provision for Demo Cars', '', 0, 0, '', ''),
	(333, 'Current Asset', 'Advance', '2100/006', 'Provision for Inventory obsolescence', '', 0, 0, '', ''),
	(334, 'Current Asset', 'Advance', '3004/F01', 'Receivable Faw China', '', 0, 0, '', ''),
	(335, 'Current Asset', 'Advance', '3004/G01', 'Receivable Geely', '', 0, 0, '', ''),
	(336, 'Current Asset', 'Advance', '3000/003', 'Receivable(Insprie Auto)', '', 0, 0, '', ''),
	(338, 'Current Asset', 'Advance', '3001/000', 'Trade Receivable', '', 0, 0, '', ''),
	(340, 'Current Liability', 'Advance', '4013/017', 'Account Payable - Inspire Auto', '', 0, 0, '', ''),
	(341, 'Current Liability', 'Advance', '4013/007', 'Account Payable - Inter Co', '', 0, 0, '', ''),
	(343, 'Current Liability', 'Advance', '4013/005', 'Accrued Expense', '', 0, 0, '', ''),
	(344, 'Current Liability', 'Advance', '4013/006', 'Accrued Operation Expense', '', 0, 0, '', ''),
	(346, 'Current Liability', 'Advance', '4013/016', 'Deferred Income', '', 0, 0, '', ''),
	(347, 'Current Liability', 'Advance', '4010/000', 'Interco-CDSG', '', 0, 0, '', ''),
	(348, 'Current Liability', 'Advance', '4014/000', 'Loan - CDSG', '', 0, 0, '', ''),
	(349, 'Current Liability', 'Advance', '4013/011', 'Provision - Agent Fees', '', 0, 0, '', ''),
	(350, 'Current Liability', 'Advance', '4013/018', 'Provision - Audit fees', '', 0, 0, '', ''),
	(351, 'Current Liability', 'Advance', '4013/010', 'Provision for Commission , Brokers Fees', '', 0, 0, '', ''),
	(352, 'Current Liability', 'Advance', '4013/015', 'Provision for Corporate Income Tax', '', 0, 0, '', ''),
	(353, 'Current Liability', 'Advance', '4013/009', 'Provision for Warranty', '', 0, 0, '', ''),
	(354, 'Direct Costs', 'Advance', '6315/000', 'Accessories & Parts', '', 0, 0, '', ''),
	(355, 'Direct Costs', 'Advance', '6295/012', 'After-Sale Service', '', 0, 0, '', ''),
	(356, 'Direct Costs', 'Advance', '6325/002', 'Bank Charges & Others - Spare Parts', '', 0, 0, '', ''),
	(357, 'Direct Costs', 'Advance', '6295/011', 'Broker Fee', '', 0, 0, '', ''),
	(358, 'Direct Costs', 'Advance', '6295/010', 'Commission', '', 0, 0, '', ''),
	(359, 'Direct Costs', 'Advance', '6295/000', 'Cost of Good Sold - (FAW)', '', 0, 0, '', ''),
	(360, 'Direct Costs', 'Advance', '6315/002', 'Custom & Clearance Exp (GEELY)', '', 0, 0, '', ''),
	(361, 'Direct Costs', 'Advance', '6295/002', 'Custom Duty & Tax (FAW)', '', 0, 0, '', ''),
	(362, 'Direct Costs', 'Advance', '6295/007', 'Finance Cost , Bank Charges & Others', '', 0, 0, '', ''),
	(363, 'Direct Costs', 'Advance', '6315/004', 'Finance Cost, Bank Charges & Others(GEELY)', '', 0, 0, '', ''),
	(364, 'Direct Costs', 'Advance', '6295/005', 'Landed Cost', '', 0, 0, '', ''),
	(365, 'Direct Costs', 'Advance', '6295/008', 'PDI', '', 0, 0, '', ''),
	(366, 'Direct Costs', 'Advance', '6295/006', 'Permit & License Fee', '', 0, 0, '', ''),
	(367, 'Direct Costs', 'Advance', '6295/001', 'Purchase Cost', '', 0, 0, '', ''),
	(368, 'Direct Costs', 'Advance', '6295/003', 'Registration Expenses - (FAW)', '', 0, 0, '', ''),
	(369, 'Direct Costs', 'Advance', '6315/003', 'Registration Expenses (GEELY)', '', 0, 0, '', ''),
	(370, 'Direct Costs', 'Advance', '6325/000', 'Service Cost of Sale- Spare Parts & Others', '', 0, 0, '', ''),
	(371, 'Direct Costs', 'Advance', '6295/004', 'Transport Charges', '', 0, 0, '', ''),
	(372, 'Direct Costs', 'Advance', '6295/009', 'Warranty', '', 0, 0, '', ''),
	(373, 'Equity', 'Advance', '1001/000', 'PAID UP CAPITAL', '', 0, 0, '', ''),
	(374, 'Equity', 'Advance', '1001/001', 'Paid Up Capital - CDSG', '', 0, 0, '', ''),
	(375, 'Equity', 'Advance', '1001/009', 'Paid Up Capital - U Aung Myo Myat', '', 0, 0, '', ''),
	(376, 'Equity', 'Advance', '1001/002', 'Paid Up Capital - UKT', '', 0, 0, '', ''),
	(377, 'Equity', 'Advance', '1001/003', 'Paid Up Capital- Daw San Kyu(IA)', '', 0, 0, '', ''),
	(378, 'Equity', 'Advance', '1001/004', 'Paid Up Capital -UAMM(IA)', '', 0, 0, '', ''),
	(379, 'Equity', 'Advance', '1001/005', 'Paid Up Capital-DKMML (IA)', '', 0, 0, '', ''),
	(380, 'Equity', 'Advance', '1001/008', 'Paid Up Capital-UHK (IA)', '', 0, 0, '', ''),
	(381, 'Equity', 'Advance', '1001/006', 'Paid Up Capital-UTHL(IA)', '', 0, 0, '', ''),
	(382, 'Equity', 'Advance', '1001/007', 'Paid Up Capital-UWK (IA)', '', 0, 0, '', ''),
	(383, 'Equity', 'Advance', '1002/000', 'Retained Earning(2017-18)', '', 0, 0, '', ''),
	(384, 'Equity', 'Advance', '1003/000', 'Retained Earning(2018-19)', '', 0, 0, '', ''),
	(385, 'Equity', 'Advance', '1004/000', 'Retained Earning(2019-20)', '', 0, 0, '', ''),
	(386, 'Equity', 'Advance', '1005/000', 'Revaluation Reserve', '', 0, 0, '', ''),
	(387, 'Expense', 'Advance', '62039', 'Accessories for Stock Car', '', 0, 0, '', ''),
	(388, 'Expense', 'Advance', '64023', 'Accommodation Expenses & Others -Management', '', 0, 0, '', ''),
	(389, 'Expense', 'Advance', '64012', 'Bank Charges', '', 0, 0, '', ''),
	(390, 'Expense', 'Advance', '65031', 'Bank Charges - Service', '', 0, 0, '', ''),
	(391, 'Expense', 'Advance', '62041', 'Bank Charges-S&D Spending', '', 0, 0, '', ''),
	(392, 'Expense', 'Advance', '62008', 'Bonus', '', 0, 0, '', ''),
	(393, 'Expense', 'Advance', '63002', 'Bonus - Overhead', '', 0, 0, '', ''),
	(394, 'Expense', 'Advance', '64002', 'Bonus (Admin)-Overhead', '', 0, 0, '', ''),
	(395, 'Expense', 'Advance', '61102', 'Bonus-Overhead', '', 0, 0, '', ''),
	(396, 'Expense', 'Advance', '65001', 'Car Rental Expense - Spending', '', 0, 0, '', ''),
	(397, 'Expense', 'Advance', '64009', 'Car Rental Expense(Admin)-Overhead', '', 0, 0, '', ''),
	(398, 'Expense', 'Advance', '63008', 'Car Rental Expense(S&D) - Overhead', '', 0, 0, '', ''),
	(399, 'Expense', 'Advance', '61108', 'Car Rental Expense-Overhead', '', 0, 0, '', ''),
	(400, 'Expense', 'Advance', '61013', 'Car Rental Expenses', '', 0, 0, '', ''),
	(401, 'Expense', 'Advance', '62017', 'Car Rental Expense-Spending', '', 0, 0, '', ''),
	(402, 'Expense', 'Advance', '65002', 'Carriage & Postage-Service', '', 0, 0, '', ''),
	(403, 'Expense', 'Advance', '62030', 'Carriage & Postage-Spending', '', 0, 0, '', ''),
	(404, 'Expense', 'Advance', '62044', 'Cleaning & Maintenance Charges-S& D', '', 0, 0, '', ''),
	(405, 'Expense', 'Advance', '65003', 'Cleaning & Maintenance Charges-Service', '', 0, 0, '', ''),
	(406, 'Expense', 'Advance', '64031', 'Company Documentation & Audit Fees', '', 0, 0, '', ''),
	(407, 'Expense', 'Advance', '9002/000', 'Corporate Income Tax', '', 0, 0, '', ''),
	(408, 'Expense', 'Advance', '62013', 'Dealer Training Expenses', '', 0, 0, '', ''),
	(409, 'Expense', 'Advance', '64029', 'Decimal Rounding', '', 0, 0, '', ''),
	(410, 'Expense', 'Advance', '62003-5', 'Demo Car Expenses', '', 0, 0, '', ''),
	(411, 'Expense', 'Advance', '62047', 'Documentation & Tender Fees', '', 0, 0, '', ''),
	(412, 'Expense', 'Advance', '64013', 'Donation , Gift & Presents Expenses', '', 0, 0, '', ''),
	(413, 'Expense', 'Advance', '62031', 'Electricity Bill', '', 0, 0, '', ''),
	(414, 'Expense', 'Advance', '65004', 'Electricity Bill - Service', '', 0, 0, '', ''),
	(415, 'Expense', 'Advance', '62003', 'Entertainment Expenses', '', 0, 0, '', ''),
	(416, 'Expense', 'Advance', '65005', 'Entertainment Expenses - Service', '', 0, 0, '', ''),
	(417, 'Expense', 'Advance', '7520/004', 'Exchange Gain/(Loss)-Realized', '', 0, 0, '', ''),
	(418, 'Expense', 'Advance', '7520/003', 'Exchange Gain/(Loss)-Unrealized', '', 0, 0, '', ''),
	(419, 'Expense', 'Advance', '64024', 'Expat Income Tax-Management', '', 0, 0, '', ''),
	(420, 'Expense', 'Advance', '65006', 'Expense for Assets', '', 0, 0, '', ''),
	(421, 'Expense', 'Advance', '62040', 'Expenses for Assets', '', 0, 0, '', ''),
	(422, 'Expense', 'Advance', '62037', 'Gas for Stock Car', '', 0, 0, '', ''),
	(423, 'Expense', 'Advance', '64021', 'General Expense', '', 0, 0, '', ''),
	(424, 'Expense', 'Advance', '65030', 'General Expense ( Service )', '', 0, 0, '', ''),
	(425, 'Expense', 'Advance', '64033', 'Generator Fuel', '', 0, 0, '', ''),
	(426, 'Expense', 'Advance', '62004', 'Gift & Present', '', 0, 0, '', ''),
	(427, 'Expense', 'Advance', '65007', 'Gift & Presents', '', 0, 0, '', ''),
	(428, 'Expense', 'Advance', '7510/012', 'Group Cost Allocation Expenses', '', 0, 0, '', ''),
	(429, 'Expense', 'Advance', '62035', 'Insurance-Building , Showroom & Inventory', '', 0, 0, '', ''),
	(430, 'Expense', 'Advance', '62036', 'Insurance-Car', '', 0, 0, '', ''),
	(431, 'Expense', 'Advance', '7520/002', 'Interest Expense', '', 0, 0, '', ''),
	(432, 'Expense', 'Advance', '65008', 'Internet Network Expense - Service', '', 0, 0, '', ''),
	(433, 'Expense', 'Advance', '64014', 'Internet Network Expenses', '', 0, 0, '', ''),
	(434, 'Expense', 'Advance', '9000/001', 'Inventory Provision Expense', '', 0, 0, '', ''),
	(435, 'Expense', 'Advance', '7510/030', 'IT Cost', '', 0, 0, '', ''),
	(436, 'Expense', 'Advance', '65009', 'License/Registration Expense - Spending', '', 0, 0, '', ''),
	(437, 'Expense', 'Advance', '62028', 'License/Registration Expenses-Spending', '', 0, 0, '', ''),
	(438, 'Expense', 'Advance', '62002', 'Logistics Cost', '', 0, 0, '', ''),
	(439, 'Expense', 'Advance', '61003', 'Marketing Expense-Advertising', '', 0, 0, '', ''),
	(440, 'Expense', 'Advance', '61002', 'Marketing Expense-Event', '', 0, 0, '', ''),
	(441, 'Expense', 'Advance', '61001', 'Marketing Expense-Launching', '', 0, 0, '', ''),
	(442, 'Expense', 'Advance', '61100', 'MARKETING EXPENSE-OVERHEAD', '', 0, 0, '', ''),
	(443, 'Expense', 'Advance', '62034', 'Newspaper', '', 0, 0, '', ''),
	(444, 'Expense', 'Advance', '64025', 'Octane Expenses-Management', '', 0, 0, '', ''),
	(445, 'Expense', 'Advance', '61109', 'Office 365 Expenses (MKT Overhead)', '', 0, 0, '', ''),
	(446, 'Expense', 'Advance', '63012', 'Office 365 Expenses (S&D Overhead)', '', 0, 0, '', ''),
	(447, 'Expense', 'Advance', '66001', 'Office 365 Expenses (Service Overhead)', '', 0, 0, '', ''),
	(448, 'Expense', 'Advance', '65010', 'Office 365 Outlook Expense - Spending', '', 0, 0, '', ''),
	(449, 'Expense', 'Advance', '61010', 'Office 365 Outlook Expenses', '', 0, 0, '', ''),
	(450, 'Expense', 'Advance', '64015', 'Office 365 Outlook Expenses(Admin)', '', 0, 0, '', ''),
	(451, 'Expense', 'Advance', '62011', 'Office 365 Outlook Expenses-Spending', '', 0, 0, '', ''),
	(452, 'Expense', 'Advance', '64016', 'Office Supplies', '', 0, 0, '', ''),
	(453, 'Expense', 'Advance', '64037', 'Other Allowance - Admin', '', 0, 0, '', ''),
	(454, 'Expense', 'Advance', '61016', 'Other Allowance - Marketing Spending', '', 0, 0, '', ''),
	(455, 'Expense', 'Advance', '62005', 'Other Allowance Expenses', '', 0, 0, '', ''),
	(456, 'Expense', 'Advance', '65011', 'Other Allowance Expenses - Service', '', 0, 0, '', ''),
	(457, 'Expense', 'Advance', '64026', 'Other Allowance-Management', '', 0, 0, '', ''),
	(458, 'Expense', 'Advance', '61007', 'Overtime', '', 0, 0, '', ''),
	(459, 'Expense', 'Advance', '64003', 'Overtime (Admin) - Overhead', '', 0, 0, '', ''),
	(460, 'Expense', 'Advance', '65012', 'Overtime Spending', '', 0, 0, '', ''),
	(461, 'Expense', 'Advance', '62009', 'Overtime-Spending', '', 0, 0, '', ''),
	(462, 'Expense', 'Advance', '62045', 'Parts, Accessories and Others', '', 0, 0, '', ''),
	(463, 'Expense', 'Advance', '65013', 'Parts, Accessories and Others - Service', '', 0, 0, '', ''),
	(464, 'Expense', 'Advance', '63009', 'Petrol/Fuel Expense - Overhead', '', 0, 0, '', ''),
	(465, 'Expense', 'Advance', '64010', 'Petrol/Fuel Expense(Admin)-Overhead', '', 0, 0, '', ''),
	(466, 'Expense', 'Advance', '62018', 'Petrol/Fuel-Expense', '', 0, 0, '', ''),
	(467, 'Expense', 'Advance', '65014', 'Petrol/Fuel-Expense - Service', '', 0, 0, '', ''),
	(468, 'Expense', 'Advance', '61008', 'Phone Allowance', '', 0, 0, '', ''),
	(469, 'Expense', 'Advance', '63004', 'Phone Allowance - Overhead', '', 0, 0, '', ''),
	(470, 'Expense', 'Advance', '65015', 'Phone Allowance - Service', '', 0, 0, '', ''),
	(471, 'Expense', 'Advance', '64005', 'Phone Allowance(Admin) - Overhead', '', 0, 0, '', ''),
	(472, 'Expense', 'Advance', '61104', 'Phone Allowance-Overhead', '', 0, 0, '', ''),
	(473, 'Expense', 'Advance', '62014', 'Phone Allowance-S&D', '', 0, 0, '', ''),
	(474, 'Expense', 'Advance', '61014', 'POSM Materials', '', 0, 0, '', ''),
	(475, 'Expense', 'Advance', '64017', 'Printing & Stationary Expenses(Admin)', '', 0, 0, '', ''),
	(476, 'Expense', 'Advance', '61017', 'Printing & Stationery - Marketing Spending', '', 0, 0, '', ''),
	(477, 'Expense', 'Advance', '65016', 'Printing & Stationery - Service', '', 0, 0, '', ''),
	(478, 'Expense', 'Advance', '62043', 'Printing & Stationery ( S&D , Service)', '', 0, 0, '', ''),
	(479, 'Expense', 'Advance', '61015', 'Promotion', '', 0, 0, '', ''),
	(480, 'Expense', 'Advance', '62020', 'Rental - Warehouse & Display , Others', '', 0, 0, '', ''),
	(481, 'Expense', 'Advance', '65017', 'Rental - Warehouse & Display , Others ( Service )', '', 0, 0, '', ''),
	(482, 'Expense', 'Advance', '63010', 'Repair & Maintenance - Motor Vehicle', '', 0, 0, '', ''),
	(483, 'Expense', 'Advance', '62021', 'Repair & Maintenance-Building', '', 0, 0, '', ''),
	(484, 'Expense', 'Advance', '65018', 'Repair & Maintenance-Building ( Service )', '', 0, 0, '', ''),
	(485, 'Expense', 'Advance', '62024', 'Repair & Maintenance-Facility', '', 0, 0, '', ''),
	(486, 'Expense', 'Advance', '62023', 'Repair & Maintenance-Furniture', '', 0, 0, '', ''),
	(487, 'Expense', 'Advance', '62022', 'Repair & Maintenance-Machine & Tools', '', 0, 0, '', ''),
	(488, 'Expense', 'Advance', '62019', 'Repair & Maintenance-Motor Vehicle', '', 0, 0, '', ''),
	(489, 'Expense', 'Advance', '65019', 'Repair & Maintenance-Motor Vehicle ( Service)', '', 0, 0, '', ''),
	(490, 'Expense', 'Advance', '64011', 'Repair & Maintenance-MV (Overhead)', '', 0, 0, '', ''),
	(491, 'Expense', 'Advance', '62025', 'Repair & Maintenance-Others', '', 0, 0, '', ''),
	(492, 'Expense', 'Advance', '65020', 'Repair & Maintenance-Others ( Service )', '', 0, 0, '', ''),
	(493, 'Expense', 'Advance', '62007', 'Salary', '', 0, 0, '', ''),
	(494, 'Expense', 'Advance', '63001', 'Salary - Overhead', '', 0, 0, '', ''),
	(495, 'Expense', 'Advance', '65021', 'Salary - Service', '', 0, 0, '', ''),
	(496, 'Expense', 'Advance', '66002', 'Salary - Service Overhead', '', 0, 0, '', ''),
	(497, 'Expense', 'Advance', '64001', 'Salary-Head Office', '', 0, 0, '', ''),
	(498, 'Expense', 'Advance', '64022', 'Salary-Management', '', 0, 0, '', ''),
	(499, 'Expense', 'Advance', '61101', 'Salary-Overhead', '', 0, 0, '', ''),
	(500, 'Expense', 'Advance', '61004', 'Salary-Spending', '', 0, 0, '', ''),
	(501, 'Expense', 'Advance', '62046', 'Sale & Service Campaign Expense', '', 0, 0, '', ''),
	(502, 'Expense', 'Advance', '6295/013', 'Sale & Service Campaign Expense - COGS', '', 0, 0, '', ''),
	(503, 'Expense', 'Advance', '65022', 'Sale & Service Campaign Expense ( Service )', '', 0, 0, '', ''),
	(504, 'Expense', 'Advance', '7510/037', 'SAS Share Cost', '', 0, 0, '', ''),
	(505, 'Expense', 'Advance', '65023', 'Security Service Expenses-Service -Spending', '', 0, 0, '', ''),
	(506, 'Expense', 'Advance', '62029', 'Security Service Expenses-Spending', '', 0, 0, '', ''),
	(507, 'Expense', 'Advance', '62000', 'SELLING & DISTRIBUTION EXPENSES-SPENDING', '', 0, 0, '', ''),
	(508, 'Expense', 'Advance', '66000', 'Service - Overhead', '', 0, 0, '', ''),
	(509, 'Expense', 'Advance', '65000', 'Service - Spending', '', 0, 0, '', ''),
	(510, 'Expense', 'Advance', '62038', 'Service Tools Expense', '', 0, 0, '', ''),
	(511, 'Expense', 'Advance', '65024', 'Service Tools Expense ( Service )', '', 0, 0, '', ''),
	(512, 'Expense', 'Advance', '62010', 'Social Security 3%', '', 0, 0, '', ''),
	(513, 'Expense', 'Advance', '65025', 'Social Security 3%  ( Service )', '', 0, 0, '', ''),
	(514, 'Expense', 'Advance', '63003', 'Social Security 3% - Overhead', '', 0, 0, '', ''),
	(515, 'Expense', 'Advance', '66003', 'Social Security 3% - Service Overhead', '', 0, 0, '', ''),
	(516, 'Expense', 'Advance', '64004', 'Social Security 3%(Admin)-Overhead', '', 0, 0, '', ''),
	(517, 'Expense', 'Advance', '64027', 'Social Security 3%-Management', '', 0, 0, '', ''),
	(518, 'Expense', 'Advance', '61103', 'Social Security 3%-Overhead', '', 0, 0, '', ''),
	(519, 'Expense', 'Advance', '61006', 'Social Security 3%-Spending', '', 0, 0, '', ''),
	(520, 'Expense', 'Advance', '64018', 'Special Crisis Expense', '', 0, 0, '', ''),
	(521, 'Expense', 'Advance', '62012', 'Staff Training Expenses', '', 0, 0, '', ''),
	(522, 'Expense', 'Advance', '65026', 'Staff Training Expenses ( Service )', '', 0, 0, '', ''),
	(523, 'Expense', 'Advance', '63011', 'Stamp Duty Expenses', '', 0, 0, '', ''),
	(524, 'Expense', 'Advance', '65032', 'Stock Adjustment ( Parts & Others )', '', 0, 0, '', ''),
	(525, 'Expense', 'Advance', '62001', 'Sub Dealer Commission', '', 0, 0, '', ''),
	(526, 'Expense', 'Advance', '61012', 'Training Cost', '', 0, 0, '', ''),
	(527, 'Expense', 'Advance', '63007', 'Training Cost - Overhead', '', 0, 0, '', ''),
	(528, 'Expense', 'Advance', '64008', 'Training Cost(Admin)-Overhead', '', 0, 0, '', ''),
	(529, 'Expense', 'Advance', '61107', 'Training Cost-Overhead', '', 0, 0, '', ''),
	(530, 'Expense', 'Advance', '64030', 'Transport Expenses', '', 0, 0, '', ''),
	(531, 'Expense', 'Advance', '62015', 'Transportation Expenses', '', 0, 0, '', ''),
	(532, 'Expense', 'Advance', '65027', 'Transportation Expenses ( Service)', '', 0, 0, '', ''),
	(533, 'Expense', 'Advance', '61011', 'Travelling Expense', '', 0, 0, '', ''),
	(534, 'Expense', 'Advance', '63005', 'Travelling Expense - Local', '', 0, 0, '', ''),
	(535, 'Expense', 'Advance', '63006', 'Travelling Expense - Oversea', '', 0, 0, '', ''),
	(536, 'Expense', 'Advance', '61105', 'Travelling Expense-Local', '', 0, 0, '', ''),
	(537, 'Expense', 'Advance', '64006', 'Travelling Expense-Local (Overhead)', '', 0, 0, '', ''),
	(538, 'Expense', 'Advance', '61106', 'Travelling Expense-Oversea', '', 0, 0, '', ''),
	(539, 'Expense', 'Advance', '64007', 'Travelling Expense-Oversea (Overhead)', '', 0, 0, '', ''),
	(540, 'Expense', 'Advance', '62016', 'Travelling Expenses', '', 0, 0, '', ''),
	(541, 'Expense', 'Advance', '65028', 'Travelling Expenses ( Service )', '', 0, 0, '', ''),
	(542, 'Expense', 'Advance', '61009', 'Uniform', '', 0, 0, '', ''),
	(543, 'Expense', 'Advance', '62006', 'Uniform Expense', '', 0, 0, '', ''),
	(544, 'Expense', 'Advance', '65029', 'Uniform Expense ( Service )', '', 0, 0, '', ''),
	(545, 'Expense', 'Advance', '64036', 'Uniform Expenses (Admin )', '', 0, 0, '', ''),
	(546, 'Expense', 'Advance', '64019', 'Utilities Expenses', '', 0, 0, '', ''),
	(547, 'Expense', 'Advance', '64028', 'Visa & Extension Expenses-Management', '', 0, 0, '', ''),
	(548, 'Expense', 'Advance', '62032', 'Water Bill', '', 0, 0, '', ''),
	(549, 'Expense', 'Advance', '64034', 'Website Expenses', '', 0, 0, '', ''),
	(550, 'Expense', 'Advance', '64035', 'Write Off / Bad Debt Related Expense', '', 0, 0, '', ''),
	(551, 'Expense', 'Advance', '64020', 'Xero Software Fee', '', 0, 0, '', ''),
	(552, 'Fixed Asset', 'Advance', '2011/005', 'Accumulated Dep: Computer Equipment', '', 0, 0, '', ''),
	(553, 'Fixed Asset', 'Advance', '2003/005', 'Accumulated Dep: Fixture & Fitting', '', 0, 0, '', ''),
	(554, 'Fixed Asset', 'Advance', '2002/015', 'Accumulated Dep: Motor Vehicle', '', 0, 0, '', ''),
	(555, 'Fixed Asset', 'Advance', '2001/002', 'Accumulated Dep: Office Equipment', '', 0, 0, '', ''),
	(556, 'Fixed Asset', 'Advance', '2004/015', 'Accumulated Dep: Plant , Machinery & Service Equipment', '', 0, 0, '', ''),
	(557, 'Fixed Asset', 'Advance', '2005/016', 'Accumulated Dep: YGN Showroom Building', '', 0, 0, '', ''),
	(558, 'Fixed Asset', 'Advance', '2005/015', 'Accumulated Dep:Mdy Showroom Building', '', 0, 0, '', ''),
	(559, 'Fixed Asset', 'Advance', '2012/005', 'Accumulated Dep:Service Tools', '', 0, 0, '', ''),
	(560, 'Fixed Asset', 'Advance', '2007/001', 'Asset Under Construction', '', 0, 0, '', ''),
	(561, 'Fixed Asset', 'Advance', '2011/001', 'Computer Equipment', '', 0, 0, '', ''),
	(562, 'Fixed Asset', 'Advance', '2011/000', 'COMPUTER EQUIPMENT & ACCESSORIES', '', 0, 0, '', ''),
	(563, 'Fixed Asset', 'Advance', '2008/001', 'Fixed Asset In Transit', '', 0, 0, '', ''),
	(564, 'Fixed Asset', 'Advance', '2003/000', 'FIXTURE & FITTING', '', 0, 0, '', ''),
	(565, 'Fixed Asset', 'Advance', '2003/001', 'Fixture & Fittings', '', 0, 0, '', ''),
	(566, 'Fixed Asset', 'Advance', '2005/001', 'Mdy Showroom Building', '', 0, 0, '', ''),
	(567, 'Fixed Asset', 'Advance', '2006/001', 'Mdy Showroom Office Equipment', '', 0, 0, '', ''),
	(568, 'Fixed Asset', 'Advance', '2002/011', 'Motor Vehicle', '', 0, 0, '', ''),
	(569, 'Fixed Asset', 'Advance', '2001/001', 'Office Equipment', '', 0, 0, '', ''),
	(570, 'Fixed Asset', 'Advance', '2004/011', 'Plant , Machinery & Service Equipment', '', 0, 0, '', ''),
	(571, 'Fixed Asset', 'Advance', '2012/001', 'Service Tools', '', 0, 0, '', ''),
	(572, 'Fixed Asset', 'Advance', '2005/002', 'YGN Showroom Building', '', 0, 0, '', ''),
	(573, 'Non-Current Asset', 'Advance', '3500/002', 'Amortization-Intangible Assets', '', 0, 0, '', ''),
	(574, 'Non-Current Asset', 'Advance', '3500/001', 'Geely Website', '', 0, 0, '', ''),
	(575, 'Non-Current Asset', 'Advance', '2050/001', 'Other Investment', '', 0, 0, '', ''),
	(576, 'Non-current Liability', 'Advance', '5000/002', 'Long Term Loan - Shareholders', '', 0, 0, '', ''),
	(577, 'Non-current Liability', 'Advance', '5000/001', 'Long Term Loan-CDSG', '', 0, 0, '', ''),
	(580, 'Other Income', 'Advance', '8001/002', 'Miscellaneous Income', '', 0, 0, '', ''),
	(583, 'Other Income', 'Advance', '5110/003', 'Other Income-Trade In', '', 0, 0, '', ''),
	(584, 'Realized Currency Gains', 'Advance', '499', 'Realised Currency Gains', '', 0, 0, '', ''),
	(585, 'Retained Earnings', 'Advance', '960', 'Retained Earnings', '', 0, 0, '', ''),
	(586, 'Revenue', 'Advance', '5100/001', 'Discount', '', 0, 0, '', ''),
	(587, 'Revenue', 'Advance', '5095/000', 'REVENUE', '', 0, 0, '', ''),
	(588, 'Revenue', 'Advance', '5095/006', 'Revenue - Service', '', 0, 0, '', ''),
	(589, 'Revenue', 'Advance', '5095/005', 'Revenue ( Spareparts)', '', 0, 0, '', ''),
	(590, 'Revenue', 'Advance', '5095/003', 'Revenue (Geely)', '', 0, 0, '', ''),
	(591, 'Revenue', 'Advance', '5095/001', 'Revenue(FAW)', '', 0, 0, '', ''),
	(592, 'Revenue', 'Advance', '5095/004', 'Service Income', '', 0, 0, '', ''),
	(593, 'Sales Tax', 'Advance', '820', 'Sales Tax', '', 0, 0, '', ''),
	(594, 'Current Asset', 'Advance ', '3200/001', 'Other Assets', '', 0, 0, '', ''),
	(595, 'Current Liability', 'Advance ', '4013/012', 'Payable for Staff Income Tax', '', 0, 0, '', ''),
	(596, 'Bank', 'testing bank account', '123/11', 'ddasda', '', 0, 200000000, 'smo', '2024-03-15 10:28:24'),
	(597, 'Current Asset', 'Bank', '111/11', '3213', 'MMK', 0, 200000000, 'smo', '2024-03-15 10:28:49'),
	(598, 'Bank', 'Bank', '333/123', 'test', 'SGD', 0, 20000000, 'smo', '2024-03-15 10:29:20'),
	(599, 'testing', 'Testing Category', '10002/123', 'Testing GL Account', '', 0, 0, 'smo', '2024-03-15 10:38:18'),
	(600, 'Testing_KMT', 'KMT Testing Category ', '13578/(3949)', 'KMT Bank Transfer', '', 0, 0, 'smo', '2024-03-15 14:31:29'),
	(601, 'TESTING_HTH', 'TESTING_CAT_HTH', '1652003', 'HAN THU HEIN', '', 0, 0, 'smo', '2024-03-15 14:43:25'),
	(602, 'Testing_C', 'Category_C', 'GLCode_C000111', 'Testing_GLCode_CMT', '', 10000, 100000000, 'smo', '2024-03-19 13:09:44'),
	(603, 'Testing_SM', 'Category One', '1000', 'Testing Asset', '', 0, 0, 'smo', '2024-03-18 13:48:04'),
	(604, 'Testing_SM', 'Category One', '1001', 'Sample', '', 10000, 100000, 'smo', '2024-04-03 14:17:03'),
	(605, 'Testing_NNK', 'Testing_NNK_Category1', 'TC0001', 'Testing _NNK_G/L Account', '', 0, 1000000, 'smo', '2024-03-19 11:36:56'),
	(606, 'Testing_NNK', 'Testing_NNK_Category1', 'TC0002', 'Testing_NNK_G/L Account', '', 1000, 0, 'smo', '2024-03-19 10:58:43'),
	(607, 'Testing_NNK', 'Testing_NNK_Category2', 'TC20001', 'Testing_NNK_Category2_G/L Account', '', 0, 0, 'smo', '2024-03-19 10:59:23'),
	(608, 'Testing_C', 'Category_CM', 'GL_CM_100111', 'GL_CODE_CM', '', 10000, 3000000, 'smo', '2024-03-19 13:23:52'),
	(610, 'Testing_C', 'Category_CMT1', '10002/12345', 'Category_CMT1_GL Code 10002/123', '', 1000, 5000000, 'smo', '2024-03-19 14:01:31'),
	(611, 'Current Asset', 'Bank', '999/09', 'PP Test', '', 0, 0, 'smo', '2024-03-20 10:06:40'),
	(612, 'Bank', 'Bank', '888/08', 'WPPP', '', 0, 0, 'smo', '2024-03-20 10:07:20'),
	(613, 'Bank', 'Bank', '7001/0001', 'CMT', 'SGD', 1000, 30000000, 'smo', '2024-03-20 10:42:53'),
	(614, 'Bank', 'Bank', '111/222', 'NNK', 'SGD', 10000, 0, 'smo', '2024-03-20 11:32:17'),
	(615, 'Testing_SM', 'Category One', '1002', 'Testing_SM', '', 0, 0, 'smo', '2024-03-20 11:46:01'),
	(616, 'Bank', 'Bank', '1003', 'SM', 'MMK', 0, 0, 'smo', '2024-03-20 11:48:38'),
	(617, 'Bank', 'Bank', '1004', 'Test_SM', 'SGD', 0, 0, 'smo', '2024-03-20 13:20:36'),
	(618, 'Bank', 'Bank', '1005', 'Test_SM', 'USD', 0, 0, 'smo', '2024-03-20 13:39:33'),
	(619, 'Bank', 'Bank', '111/223', 'NNK(MM)', 'MMK', 0, 0, 'smo', '2024-03-21 09:59:08'),
	(620, 'Bank', 'Bank', '1006', 'SM(Testing)', 'MMK', 0, 0, 'smo', '2024-03-22 10:22:31'),
	(621, 'Bank', 'Bank', '1007', 'Test_KS', 'SGD', 0, 0, 'smo', '2024-03-22 11:17:21'),
	(622, 'Current Asset', 'Bank', '1008', 'Sample Test ', 'MMK', 10000, 5000, 'smo', '2024-03-22 16:01:27'),
	(623, 'Current Asset', 'Bank', '999/111', 'Testing Bank', 'MMK', 0, 0, 'smo', '2024-03-25 10:30:39'),
	(624, 'GL_TestSHP', 'GL_Category_SHP', 'GL_Code_SHP', 'GL_Account_Name_SHP', '', 1000, 100000, 'smo', '2024-03-26 09:07:40'),
	(625, 'Bank', 'GL_Category_Bank_SHP', 'GL_Code_Bank_SHP', 'GL Account SHP (Bank)', '', 0, 0, 'smo', '2024-03-26 09:11:30'),
	(626, 'Bank', 'Bank', '111/224', 'NNK(USD)', '', 10, 0, 'smo', '2024-03-26 09:56:06'),
	(627, 'Testing_NNK', 'Bank', '111/225', 'NNK (CNY)', '', 0, 0, 'smo', '2024-03-26 10:02:11'),
	(628, 'Testing_NNK', 'Income', '222/111', 'FAW_Testing_NNK_', '', 0, 0, 'smo', '2024-03-28 11:40:58'),
	(629, 'Bank', 'Bank', '1009', 'SM (Bank)', 'MMK', 10000, 500000, 'smo', '2024-03-29 13:42:52'),
	(630, 'Bank', 'Bank', '1010', 'KS(Bank)', 'MMK', 10000, 20000, 'smo', '2024-04-01 10:26:27'),
	(631, 'Current Asset', 'Bank', '7777', 'Testing Bank App', 'MMK', 0, 0, 'smo', '2024-04-01 15:44:06'),
	(632, 'Bank', 'Bank', '1011', 'Kyaw ', 'MMK', 100000, 500000, 'smo', '2024-04-03 09:04:38'),
	(633, 'Bank', 'Bank', '1012', 'Aye Su', 'SGD', 10000, 50000, 'smo', '2024-04-03 10:45:43'),
	(634, 'Bank', 'Bank', '1013', 'Aung Ko', 'MMK', 20000, 30000, 'smo', '2024-04-03 10:47:48'),
	(635, 'Bank', 'Bank', '1014', 'Yee Moh', 'MMK', 10000, 50000, 'smo', '2024-04-04 09:33:15'),
	(636, 'Bank', 'Bank', '9715', 'Yati', 'MMK', 10000, 50000, 'smo', '2024-04-09 10:48:50'),
	(638, 'Bank', 'Bank', '980', 'Cherry', 'MMK', 10000, 50000, 'smo', '2024-04-12 10:04:02'),
	(639, 'AA', 'Category A', '12345', 'Sample Testing', '', 100, 10000, 'smo', '2024-06-07 14:18:13'),
	(640, 'Ab', 'Category Ab', '123456', 'Category Ab testing', '', 1000, 100000, 'smo', '2024-06-07 14:44:48'),
	(641, 'Bank', 'Category Sample', '987456', 'Thazin ', '', 1000, 10000, 'smo', '2024-06-07 14:48:00'),
	(642, 'Bank', 'Bank', '987987', 'Nay Yie', 'MMK', 10000, 100000, 'smo', '2024-06-07 15:27:48'),
	(643, 'Bank', 'Bank', '963852', 'Ei Wai Tun', 'MMK', 1000, 100000, 'smo', '2024-06-08 17:01:41'),
	(644, 'Bank', 'Bank', '987654', 'Sm', 'MMK', 10000, 100000, 'smo', '2024-06-10 09:36:26'),
	(645, 'Liabilities', 'Current Liabilities', '7001', 'Account Payable', '', 0, 0, 'smo', '2024-06-24 20:43:21'),
	(646, 'testing', 'Testing Category', '10003/123', 'elec bill no category advance', '', 0, 0, 'smo', '2024-06-27 08:14:52'),
	(647, 'Accounts Payable', 'Account Payable- IA ', '123455555', 'elec payable', '', 0, 0, 'smo', '2024-06-27 08:16:27');

-- Dumping structure for table geely_db1.gl_category
DROP TABLE IF EXISTS `gl_category`;
CREATE TABLE IF NOT EXISTS `gl_category` (
  `id` int(11) NOT NULL AUTO_INCREMENT,
  `type` varchar(255) NOT NULL DEFAULT '',
  `category` varchar(255) NOT NULL DEFAULT '',
  PRIMARY KEY (`id`)
) ENGINE=InnoDB AUTO_INCREMENT=45 DEFAULT CHARSET=utf8mb4 COLLATE=utf8mb4_unicode_ci;

-- Dumping data for table geely_db1.gl_category: ~31 rows (approximately)
INSERT INTO `gl_category` (`id`, `type`, `category`) VALUES
	(1, 'Current Asset', 'Bank'),
	(2, 'Current Asset', 'Cash'),
	(3, 'Current Asset', 'Advance'),
	(4, 'Current Asset', 'Supplier'),
	(5, 'Current Asset', 'Customer'),
	(6, 'Current Asset', 'Expense'),
	(7, 'Other Income', 'Income'),
	(9, 'Bank', 'testing bank account'),
	(10, 'Bank', 'Bank'),
	(11, 'testing', 'Testing Category'),
	(12, 'Testing_KMT', 'KMT Testing Category '),
	(13, 'TESTING_HTH', 'TESTING_CAT_HTH'),
	(14, 'Testing_C', 'Category_C'),
	(15, 'Testing_SM', 'Category One'),
	(16, 'Testing_NNK', 'Testing_NNK_Category1'),
	(17, 'Testing_NNK', 'Testing_NNK_Category2'),
	(18, 'Testing_C', 'Category_CM'),
	(19, 'Testing_C', 'Testing_CMT'),
	(20, 'Testing_C', 'Category_CMT'),
	(21, 'Testing_C', 'Category_CMT1'),
	(22, 'Current Asset', 'testing app'),
	(24, 'Accounts Payable', 'Account Payable- IA '),
	(25, 'Current Asset', 'testing app2'),
	(26, 'GL_TestSHP', 'GL_Category_SHP'),
	(27, 'Bank', 'GL_Category_Bank_SHP'),
	(28, 'Testing_NNK', 'Bank'),
	(29, 'Testing_NNK', 'Income'),
	(30, 'Testing_SM', 'Category Two'),
	(35, 'AA', 'Category A'),
	(38, 'Ab', 'Category Ab'),
	(39, 'Bank', 'Category Sample'),
	(40, 'Bank', 'Sample Bank'),
	(41, 'Ab', 'Category Ac'),
	(42, 'Test_A', 'Category A'),
	(43, 'Liabilities', 'Current Liabilities'),
	(44, 'Fixed Asset', 'Advance');

-- Dumping structure for table geely_db1.gl_type
DROP TABLE IF EXISTS `gl_type`;
CREATE TABLE IF NOT EXISTS `gl_type` (
  `id` int(11) NOT NULL AUTO_INCREMENT,
  `type` varchar(255) NOT NULL DEFAULT '',
  PRIMARY KEY (`id`)
) ENGINE=InnoDB AUTO_INCREMENT=47 DEFAULT CHARSET=utf8mb4 COLLATE=utf8mb4_unicode_ci;

-- Dumping data for table geely_db1.gl_type: ~34 rows (approximately)
INSERT INTO `gl_type` (`id`, `type`) VALUES
	(1, 'Accounts Payable'),
	(2, 'Accounts Receivable'),
	(3, 'Bank'),
	(4, 'Bank Revaluations'),
	(5, 'Current Asset'),
	(6, 'Current Liability'),
	(7, 'Direct Costs'),
	(8, 'Equity'),
	(9, 'Expense'),
	(10, 'Fixed Asset'),
	(11, 'Historical Adjustment'),
	(12, 'Inventory'),
	(13, 'Non-Current Asset'),
	(14, 'Other Income'),
	(15, 'Realized Currency Gains'),
	(16, 'Retained Earnings'),
	(17, 'Revenue'),
	(18, 'Rounding'),
	(19, 'Sales Tax'),
	(20, 'Tracking'),
	(21, 'Unpaid Expense Claims'),
	(22, 'Unrealized Currency Gains'),
	(24, 'Depreciation'),
	(25, 'Non-current Liability'),
	(26, 'testing'),
	(27, 'Testing_KMT'),
	(28, 'TESTING_HTH'),
	(29, 'Testing_C'),
	(30, 'Testing_SM'),
	(31, 'Testing_NNK'),
	(34, 'GL_TestSHP'),
	(38, 'AA'),
	(40, 'Ab'),
	(44, 'Test_A'),
	(45, 'Ac'),
	(46, 'Liabilities');

-- Dumping structure for table geely_db1.grade
DROP TABLE IF EXISTS `grade`;
CREATE TABLE IF NOT EXISTS `grade` (
  `id` int(11) NOT NULL AUTO_INCREMENT,
  `model_id` int(11) NOT NULL DEFAULT 0,
  `grade` varchar(255) NOT NULL DEFAULT '',
  `engine_power` varchar(255) NOT NULL DEFAULT '',
  `rtad_tax` int(11) NOT NULL DEFAULT 0,
  PRIMARY KEY (`id`) USING BTREE
) ENGINE=InnoDB AUTO_INCREMENT=32 DEFAULT CHARSET=utf8mb4 COLLATE=utf8mb4_unicode_ci;

-- Dumping data for table geely_db1.grade: ~18 rows (approximately)
INSERT INTO `grade` (`id`, `model_id`, `grade`, `engine_power`, `rtad_tax`) VALUES
	(1, 5, 'GF', '1.5L', 969000),
	(2, 5, 'GF', '1.5 PP', 90000),
	(3, 1, 'GF', '1.5L, TD 7DCT, Petrol', 969000),
	(4, 1, 'GC', '1.5L, TD 7DCT, Petrol', 150000),
	(5, 1, 'GF+', '1.5L, TD 7DCT, Petrol', 90000),
	(6, 1, 'GS', '1.5L', 100000),
	(7, 6, 'GS', '2.0L, TG 8DCT, Petrol', 100000),
	(8, 7, 'GE', '1.3L, Transmission 5, EV', 969000),
	(9, 8, 'Highest', '150 kW', 50000),
	(10, 9, 'Highest', '60 kW', 50000),
	(11, 10, 'Highest', '160kW', 50000),
	(12, 11, 'Highest', '60kW', 969000),
	(13, 13, 'test grade', '1.3L, Transmission 5, EV', 8560000),
	(14, 14, 'GT', '2.0L, TG 8DCT, Petrol', 90000),
	(15, 13, 'GTTTT', '160kW', 969000),
	(16, 18, 'GA', '	1.5L', 50),
	(17, 17, 'G1', '1.5L, TD 7DCT, Petrol', 1),
	(18, 17, 'GC 1', '1.5L, TD 7DCT, Petrol', 8),
	(19, 19, 'Highest', '	1.5 PP', 969000),
	(20, 20, 'Quadricycle', '160kW', 4),
	(21, 21, 'Normal', '1.3L, Transmission 5, EV', 969000),
	(22, 1, '123', '123', 1230),
	(23, 1, 'GA', '1.5L, TD 7DCT, Petrol', 50000),
	(24, 1, '1', '1', 50000),
	(25, 1, '2', '2', 10),
	(26, 1, '5', '5', 15),
	(27, 4, '9', '9', 90),
	(28, 4, '3', '3', 50),
	(29, 11, 'AAAAA', '3', 5000),
	(30, 22, 'MMMM', '2', 50000),
	(31, 23, 'AT', '1.5', 4443300);

-- Dumping structure for table geely_db1.income
DROP TABLE IF EXISTS `income`;
CREATE TABLE IF NOT EXISTS `income` (
  `id` int(11) NOT NULL AUTO_INCREMENT,
  `date` varchar(25) NOT NULL DEFAULT '',
  `ref_id` int(11) NOT NULL DEFAULT 0,
  `gl_code` varchar(50) NOT NULL DEFAULT '',
  `gl_code_bank_or_cash` varchar(50) NOT NULL DEFAULT '',
  `amount` float NOT NULL DEFAULT 0,
  `description` text NOT NULL,
  `upload_receipt` varchar(150) NOT NULL DEFAULT '',
  `entry_by` varchar(100) NOT NULL DEFAULT '',
  `entry_date_time` varchar(25) NOT NULL DEFAULT '',
  PRIMARY KEY (`id`) USING BTREE
) ENGINE=InnoDB AUTO_INCREMENT=48 DEFAULT CHARSET=utf8mb4 COLLATE=utf8mb4_unicode_ci;

-- Dumping data for table geely_db1.income: ~28 rows (approximately)
INSERT INTO `income` (`id`, `date`, `ref_id`, `gl_code`, `gl_code_bank_or_cash`, `amount`, `description`, `upload_receipt`, `entry_by`, `entry_date_time`) VALUES
	(1, '2023-12-28', 0, '5110/000', '1000/001', 50000, 'Testing', '2023-12-28 14-19-53.jpg', 'smo', '2023-12-28 14:19:53'),
	(3, '2023-12-29', 0, '5110/000', '1000/001', 2000, '', '2023-12-29 00-30-01.jpg', 'smo', '2023-12-29 00:30:01'),
	(4, '2023-12-29', 0, '5110/000', '1000/001', 30000, '', '2023-12-29 00-32-27.jpg', 'smo', '2023-12-29 00:32:27'),
	(5, '2023-12-29', 0, '8001/000', '1000/001', 500000, '', '2023-12-29 00-38-23.jpg', 'smo', '2023-12-29 00:38:23'),
	(6, '2023-12-29', 0, '8001/001', '3015/004', 50000, '', '2023-12-29 01-28-43.jpg', 'smo', '2023-12-29 01:28:43'),
	(8, '2023-12-29', 0, '8001/000', '1000/001', 50000, '', '2023-12-29 10-35-29.jpg', 'smo', '2023-12-29 10:35:29'),
	(9, '2024-01-05', 0, '5110/000', '1000/001', 50000, 'test', '2024-01-05 10-02-18.jpg', 'smo', '2024-01-05 10:02:18'),
	(10, '2024-01-08', 0, '5110/000', '3015/004', 50000, 'test', '2024-01-08 23-22-50.jpg', 'smo', '2024-01-08 23:22:50'),
	(11, '2024-03-11', 0, '5110/000', '1000/002', 5000, 'ddd', '2024-03-11 13-32-36.jpg', 'smo', '2024-03-11 13:32:36'),
	(12, '2024-03-11', 0, '4013/001', '3015/004', 0, '', '', 'smo', '2024-03-11 13:42:20'),
	(13, '2024-03-11', 0, '4013/001', '3015/004', 0, '', '', 'smo', '2024-03-11 13:42:28'),
	(14, '2024-03-11', 0, '4013/001', '3015/004', 0, 'd', '', 'smo', '2024-03-11 13:42:32'),
	(15, '2024-03-11', 0, '4013/001', '3015/004', 0, 'd', '', 'smo', '2024-03-11 13:42:47'),
	(16, '2024-03-11', 0, '4013/001', '1000/001', 0, '1', '', 'smo', '2024-03-11 14:41:59'),
	(17, '2024-03-15', 0, '8001/000', '111/11', 5000, 'Interest', '2024-03-15 10-55-28.jpg', 'smo', '2024-03-15 10:55:28'),
	(18, '2024-03-18', 0, '5110/000', '1000/002', 1000, '', '2024-03-18 14-29-01.PNG', 'smo', '2024-03-18 14:29:01'),
	(19, '2024-03-18', 0, '5110/001', '1000/002', 10000, '', '2024-03-18 14-35-00.PNG', 'smo', '2024-03-18 14:35:00'),
	(20, '2024-03-19', 0, '5110/001', '1000/001', 1000, '', '2024-03-19 13-36-12.PNG', 'smo', '2024-03-19 13:36:12'),
	(21, '2024-03-19', 0, '5110/001', '3015/003', 1000, '', '2024-03-19 13-39-53.PNG', 'smo', '2024-03-19 13:39:53'),
	(22, '2024-03-19', 0, '5110/001', '1000/001', 1000, '', '2024-03-19 13-43-48.PNG', 'smo', '2024-03-19 13:43:48'),
	(23, '2024-03-19', 0, '5110/001', '1000/002', 5000, '', '2024-03-19 13-44-37.PNG', 'smo', '2024-03-19 13:44:37'),
	(24, '2024-03-19', 0, '5110/001', '1000/001', 2000, '', '2024-03-19 13-45-24.PNG', 'smo', '2024-03-19 13:45:24'),
	(25, '2024-03-19', 0, '5110/001', '1000/001', 1000, '', '2024-03-19 13-46-26.PNG', 'smo', '2024-03-19 13:46:26'),
	(26, '2024-03-19', 0, '5110/001', '1000/001', 3000, '', '2024-03-19 13-47-11.PNG', 'smo', '2024-03-19 13:47:11'),
	(27, '2024-03-19', 0, '5110/001', '1000/001', 3000, '', '', 'smo', '2024-03-19 13:47:52'),
	(28, '2024-03-19', 0, '5110/001', '1000/001', 3000, '', '2024-03-19 13-48-43.PNG', 'smo', '2024-03-19 13:48:43'),
	(29, '2024-03-19', 0, '5110/001', '1000/001', 2000, '', '2024-03-19 13-50-51.PNG', 'smo', '2024-03-19 13:50:51'),
	(30, '2024-03-19', 0, '5110/001', '1000/001', 4000, '', '2024-03-19 13-56-06.PNG', 'smo', '2024-03-19 13:56:06'),
	(31, '2024-03-19', 0, '5110/001', '1000/001', 4000, '', '', 'smo', '2024-03-19 13:56:35'),
	(32, '2024-03-19', 0, '5110/001', '1000/001', 4000, '', '', 'smo', '2024-03-19 14:06:01'),
	(33, '2024-03-19', 0, '5110/000', '1000/001', 5000000, 'Discription for GL Code 5110/000 (Other Income-Faw)', '2024-03-19 14-18-04.jpg', 'smo', '2024-03-19 14:18:04'),
	(34, '2024-03-20', 0, '8001/001', '333/123', 10000, '', '', 'smo', '2024-03-20 10:30:18'),
	(35, '2024-03-20', 0, '8001/001', '333/123', 10000, '', '', 'smo', '2024-03-20 10:45:46'),
	(36, '2024-03-20', 0, '8001/001', '333/123', 100, '', '', 'smo', '2024-03-20 10:46:14'),
	(37, '2024-03-20', 0, '8001/001', '3015/004', 10000, 'test _ ppa', '', 'smo', '2024-03-20 13:06:22'),
	(38, '2024-03-22', 0, '5110/001', '111/223', 10000, '', '', 'smo', '2024-03-22 09:27:28'),
	(39, '2024-03-23', 0, '5110/000', '1004', 100000, '', '', 'smo', '2024-03-23 21:52:18'),
	(40, '2024-03-25', 0, '5110/001', '1004', 30000, '', '', 'smo', '2024-03-25 09:48:44'),
	(41, '2024-03-28', 0, '222/111', '111/222', 50000, 'Monthly Interest', '', 'smo', '2024-03-28 11:46:31'),
	(42, '2024-03-29', 0, '5110/000', '1009', 50000, '', '2024-03-29 15-32-33.PNG', 'smo', '2024-03-29 15:32:33'),
	(43, '2024-04-01', 0, '5110/000', '1010', 100000, '', '', 'smo', '2024-04-01 10:38:28'),
	(44, '2024-04-03', 0, '5110/000', '1011', 100000, '', '', 'smo', '2024-04-03 15:28:31'),
	(45, '2024-06-07', 0, '222/111', '987987', 50000, '', '2024-06-07 15-33-09.PNG', 'smo', '2024-06-07 15:33:09'),
	(46, '2024-06-08', 0, '8001/001', '963852', 100000, '', '2024-06-08 17-12-12.PNG', 'smo', '2024-06-08 17:12:12'),
	(47, '2024-06-10', 0, '8001/000', '987654', 50000, '', '2024-06-10 09-48-40.PNG', 'smo', '2024-06-10 09:48:40');

-- Dumping structure for table geely_db1.interior_color
DROP TABLE IF EXISTS `interior_color`;
CREATE TABLE IF NOT EXISTS `interior_color` (
  `id` int(11) NOT NULL AUTO_INCREMENT,
  `color` varchar(255) NOT NULL DEFAULT '',
  PRIMARY KEY (`id`)
) ENGINE=InnoDB AUTO_INCREMENT=8 DEFAULT CHARSET=utf8mb4 COLLATE=utf8mb4_unicode_ci;

-- Dumping data for table geely_db1.interior_color: ~7 rows (approximately)
INSERT INTO `interior_color` (`id`, `color`) VALUES
	(1, 'Red + Black'),
	(2, 'Orange + Black'),
	(3, 'Black'),
	(4, 'Blue'),
	(5, 'orange'),
	(6, 'Purple + blue'),
	(7, 'Yellow + Silver');

-- Dumping structure for table geely_db1.journal
DROP TABLE IF EXISTS `journal`;
CREATE TABLE IF NOT EXISTS `journal` (
  `id` int(11) NOT NULL AUTO_INCREMENT,
  `date` varchar(25) NOT NULL DEFAULT '',
  `ref_number` varchar(50) NOT NULL DEFAULT '',
  `gl_code` varchar(50) NOT NULL DEFAULT '',
  `debit` int(11) NOT NULL DEFAULT 0,
  `credit` int(11) NOT NULL DEFAULT 0,
  `description` text NOT NULL,
  `entry_by` varchar(100) NOT NULL DEFAULT '',
  `entry_date_time` varchar(25) NOT NULL DEFAULT '',
  `is_done` tinyint(4) NOT NULL DEFAULT 0,
  PRIMARY KEY (`id`) USING BTREE
) ENGINE=InnoDB AUTO_INCREMENT=21 DEFAULT CHARSET=utf8mb4 COLLATE=utf8mb4_unicode_ci;

-- Dumping data for table geely_db1.journal: ~14 rows (approximately)
INSERT INTO `journal` (`id`, `date`, `ref_number`, `gl_code`, `debit`, `credit`, `description`, `entry_by`, `entry_date_time`, `is_done`) VALUES
	(5, '2024-06-20', '11111111111111111', '12345', 6000, 0, 'sssssssssss', 'smo', '2024-06-20 22:08:11', 0),
	(6, '2024-06-20', '11111111111111111', '333/123', 0, 6000, 'sssssssssss', 'smo', '2024-06-20 22:08:11', 0),
	(7, '2024-06-21', 'JNL-2406-00001', '62031', 5000, 0, 'elebill payable', 'smo', '2024-06-24 20:45:41', 0),
	(8, '2024-06-21', 'JNL-2406-00001', '7001', 0, 5000, 'elebill payable', 'smo', '2024-06-24 20:45:41', 0),
	(11, '2024-06-26', 'JNL-2406-00002', '888/08', 550, 0, '', 'smo', '2024-06-26 14:00:50', 0),
	(12, '2024-06-26', 'JNL-2406-00002', '123456', 0, 550, '', 'smo', '2024-06-26 14:00:50', 0),
	(13, '2024-06-27', 'JNL-2406-00003', '62031', 60000, 0, 'test', 'smo', '2024-06-26 14:00:50', 0),
	(14, '2024-06-27', 'JNL-2406-00003', '7001', 0, 60000, 'test', 'smo', '2024-06-26 14:00:50', 0),
	(15, '2024-06-27', 'JNL-2406-00004', '10003/123', 60000, 0, '', 'smo', '2024-06-26 14:00:50', 0),
	(16, '2024-06-27', 'JNL-2406-00004', '123455555', 0, 60000, '', 'smo', '2024-06-26 14:00:50', 0),
	(17, '2024-06-27', 'JNL-2406-00005', '62031', 50000, 0, '', 'smo', '2024-06-27 10:35:20', 0),
	(18, '2024-06-27', 'JNL-2406-00005', '123455555', 0, 50000, '', 'smo', '2024-06-27 10:35:20', 0),
	(19, '2024-06-27', 'JNL-2406-00006', '62031', 50000, 0, '', 'smo', '2024-06-27 10:36:02', 0),
	(20, '2024-06-27', 'JNL-2406-00006', '123455555', 0, 50000, '', 'smo', '2024-06-27 10:36:02', 0);

-- Dumping structure for table geely_db1.lookup_category
DROP TABLE IF EXISTS `lookup_category`;
CREATE TABLE IF NOT EXISTS `lookup_category` (
  `id` int(11) NOT NULL AUTO_INCREMENT,
  `category` varchar(255) NOT NULL DEFAULT '',
  PRIMARY KEY (`id`) USING BTREE
) ENGINE=InnoDB AUTO_INCREMENT=9 DEFAULT CHARSET=utf8mb4 COLLATE=utf8mb4_unicode_ci;

-- Dumping data for table geely_db1.lookup_category: ~8 rows (approximately)
INSERT INTO `lookup_category` (`id`, `category`) VALUES
	(1, 'Work Preparation'),
	(2, 'Visual Inspection'),
	(3, 'Check the engine compartment'),
	(4, 'Check chassis'),
	(5, 'Driving test'),
	(6, 'Final check & Clean'),
	(7, 'Appearance remark: the damaged part of the car body is marked with red pen in the picture below'),
	(8, 'Nameless');

-- Dumping structure for table geely_db1.lookup_category_cl_name
DROP TABLE IF EXISTS `lookup_category_cl_name`;
CREATE TABLE IF NOT EXISTS `lookup_category_cl_name` (
  `id` int(11) NOT NULL AUTO_INCREMENT,
  `check_list_name` varchar(255) NOT NULL DEFAULT '',
  `category_id` int(11) NOT NULL DEFAULT 0,
  `category` varchar(255) NOT NULL DEFAULT '',
  `order_no` int(11) NOT NULL DEFAULT 0,
  `group_order` int(11) NOT NULL DEFAULT 0,
  PRIMARY KEY (`id`)
) ENGINE=InnoDB AUTO_INCREMENT=9 DEFAULT CHARSET=utf8mb4 COLLATE=utf8mb4_unicode_ci;

-- Dumping data for table geely_db1.lookup_category_cl_name: ~8 rows (approximately)
INSERT INTO `lookup_category_cl_name` (`id`, `check_list_name`, `category_id`, `category`, `order_no`, `group_order`) VALUES
	(1, 'PDI', 1, 'Work Preparation', 1, 1),
	(2, 'PDI', 2, 'Visual Inspection', 2, 1),
	(3, 'PDI', 3, 'Check the engine compartment', 3, 1),
	(4, 'PDI', 4, 'Check chassis', 4, 2),
	(5, 'PDI', 5, 'Driving test', 5, 2),
	(6, 'PDI', 6, 'Final check & Clean', 6, 2),
	(7, 'PDI', 7, 'Appearance remark: the damaged part of the car body is marked with red pen in the picture below', 7, 2),
	(8, 'PDI', 8, 'Nameless', 8, 2);

-- Dumping structure for table geely_db1.lookup_check_list
DROP TABLE IF EXISTS `lookup_check_list`;
CREATE TABLE IF NOT EXISTS `lookup_check_list` (
  `id` int(11) NOT NULL AUTO_INCREMENT,
  `category_id` int(11) NOT NULL DEFAULT 0,
  `category` varchar(255) NOT NULL DEFAULT '',
  `subcategory_id` int(11) NOT NULL DEFAULT 0,
  `subcategory` varchar(255) NOT NULL DEFAULT '',
  `check_list` text NOT NULL,
  `type` varchar(100) NOT NULL DEFAULT '' COMMENT '- Check Box\r\n- Text Box\r\n- Date\r\n- Car Sheet',
  `order_no` int(11) NOT NULL DEFAULT 0,
  PRIMARY KEY (`id`) USING BTREE
) ENGINE=InnoDB AUTO_INCREMENT=87 DEFAULT CHARSET=utf8mb4 COLLATE=utf8mb4_unicode_ci;

-- Dumping data for table geely_db1.lookup_check_list: ~86 rows (approximately)
INSERT INTO `lookup_check_list` (`id`, `category_id`, `category`, `subcategory_id`, `subcategory`, `check_list`, `type`, `order_no`) VALUES
	(1, 1, 'Work Preparation', 0, '', '01. Tyre gauge, Torque wrench, Tire socket, multimeter, Tools', 'Check Box', 1),
	(2, 1, 'Work Preparation', 0, '', '02. Chair cover, Steering wheel cover, foot pad, fender pad, cotton cloth', 'Check Box', 2),
	(3, 1, 'Work Preparation', 0, '', '⚫03. Install accessories', 'Check Box', 3),
	(4, 1, 'Work Preparation', 0, '', '04. Battary detector', 'Check Box', 4),
	(5, 1, 'Work Preparation', 0, '', '05. Check safety compliance sticker, VIN, Engine number, vehicle identification label', 'Check Box', 5),
	(6, 2, 'Visual Inspection', 1, 'Vehicle peripheral inspection', '01. Body paint, glass', 'Check Box', 6),
	(7, 2, 'Visual Inspection', 1, 'Vehicle peripheral inspection', '02. Check wheel rims deformation/scratch', 'Check Box', 7),
	(8, 2, 'Visual Inspection', 1, 'Vehicle peripheral inspection', '03. Grab handle', 'Check Box', 8),
	(9, 2, 'Visual Inspection', 1, 'Vehicle peripheral inspection', '04. Mirror and glass', 'Check Box', 9),
	(10, 2, 'Visual Inspection', 1, 'Vehicle peripheral inspection', '05. Headlight surface, Taillight surface', 'Check Box', 10),
	(11, 2, 'Visual Inspection', 1, 'Vehicle peripheral inspection', '06. Hub trim cover plate(If equipped)', 'Check Box', 11),
	(12, 2, 'Visual Inspection', 1, 'Vehicle peripheral inspection', '07. Door/glass seal rubber strip(No breakage, damage)', 'Check Box', 12),
	(13, 2, 'Visual Inspection', 2, 'Inspection of body electrical, interior, instrument indication', '01. Check the warning light, Horn(Key, Headlight)', 'Check Box', 13),
	(14, 2, 'Visual Inspection', 2, 'Inspection of body electrical, interior, instrument indication', '02. Check the engine performance, Stability, Noise and Vibration', 'Check Box', 14),
	(15, 2, 'Visual Inspection', 2, 'Inspection of body electrical, interior, instrument indication', '03. Working condition of electrical components', 'Check Box', 15),
	(16, 2, 'Visual Inspection', 2, 'Inspection of body electrical, interior, instrument indication', '&nbsp;&nbsp;&nbsp;&nbsp;- Headlights, clearance lights, Daytime running light, console lights', 'Check Box', 16),
	(17, 2, 'Visual Inspection', 2, 'Inspection of body electrical, interior, instrument indication', '&nbsp;&nbsp;&nbsp;&nbsp;- Tail lamp, License plate lamp', 'Check Box', 17),
	(18, 2, 'Visual Inspection', 2, 'Inspection of body electrical, interior, instrument indication', '&nbsp;&nbsp;&nbsp;&nbsp;- Stop lamp, BAckup lamp', 'Check Box', 18),
	(19, 2, 'Visual Inspection', 2, 'Inspection of body electrical, interior, instrument indication', '&nbsp;&nbsp;&nbsp;&nbsp;- Turning light lamp, Alarm lamp', 'Check Box', 19),
	(20, 2, 'Visual Inspection', 2, 'Inspection of body electrical, interior, instrument indication', '&nbsp;&nbsp;&nbsp;&nbsp;- Windshield wiper, Wipper nozzle, Horn', 'Check Box', 20),
	(21, 2, 'Visual Inspection', 2, 'Inspection of body electrical, interior, instrument indication', '&nbsp;&nbsp;&nbsp;&nbsp;- Defogging function, Cigarette lighter', 'Check Box', 21),
	(22, 2, 'Visual Inspection', 2, 'Inspection of body electrical, interior, instrument indication', '&nbsp;&nbsp;&nbsp;&nbsp;- Clock(Set time)', 'Check Box', 22),
	(23, 2, 'Visual Inspection', 2, 'Inspection of body electrical, interior, instrument indication', '&nbsp;&nbsp;&nbsp;&nbsp;- Sun Visor, Makeup light, Makeup mirror', 'Check Box', 23),
	(24, 2, 'Visual Inspection', 2, 'Inspection of body electrical, interior, instrument indication', '&nbsp;&nbsp;&nbsp;&nbsp;- Interior light', 'Check Box', 24),
	(25, 2, 'Visual Inspection', 2, 'Inspection of body electrical, interior, instrument indication', '&nbsp;&nbsp;&nbsp;&nbsp;- Car sunroof operation', 'Check Box', 25),
	(26, 2, 'Visual Inspection', 2, 'Inspection of body electrical, interior, instrument indication', '04. Check the inner mirror, Outer mirror(adjustable)', 'Check Box', 26),
	(27, 2, 'Visual Inspection', 2, 'Inspection of body electrical, interior, instrument indication', '05. Check the steering wheel operation', 'Check Box', 27),
	(28, 2, 'Visual Inspection', 2, 'Inspection of body electrical, interior, instrument indication', '06. Multimedia language Settings, Mobile phone connection, FM functions Instrument language, time, each function indicator light', 'Check Box', 28),
	(29, 2, 'Visual Inspection', 2, 'Inspection of body electrical, interior, instrument indication', '07. Check the storage containers, customer materials and cup holders', 'Check Box', 29),
	(30, 2, 'Visual Inspection', 2, 'Inspection of body electrical, interior, instrument indication', '08. Check the operation and contamiantion of seats and seat belts', 'Check Box', 30),
	(31, 2, 'Visual Inspection', 2, 'Inspection of body electrical, interior, instrument indication', '09. Check if the engine cover, trunk and fuel hole cover can be opened normally', 'Check Box', 31),
	(32, 2, 'Visual Inspection', 2, 'Inspection of body electrical, interior, instrument indication', '10. Check the operation of the wndow glass lifter', 'Check Box', 32),
	(33, 2, 'Visual Inspection', 2, 'Inspection of body electrical, interior, instrument indication', '11. Check the door lock, Keyless entry system', 'Check Box', 33),
	(34, 2, 'Visual Inspection', 2, 'Inspection of body electrical, interior, instrument indication', '12. Check the child safety lock switch', 'Check Box', 34),
	(35, 2, 'Visual Inspection', 2, 'Inspection of body electrical, interior, instrument indication', '13. Check the trunk light', 'Check Box', 35),
	(36, 2, 'Visual Inspection', 2, 'Inspection of body electrical, interior, instrument indication', '14. Inspection of turnk lining and padding', 'Check Box', 36),
	(37, 2, 'Visual Inspection', 2, 'Inspection of body electrical, interior, instrument indication', '15. Check the air pressure and immobilization of ther spare tire', 'Check Box', 37),
	(38, 2, 'Visual Inspection', 2, 'Inspection of body electrical, interior, instrument indication', '16. Check the hydraulitc turck jack, tool package, tripods and traction hooks', 'Check Box', 38),
	(39, 2, 'Visual Inspection', 2, 'Inspection of body electrical, interior, instrument indication', '17. Check ther hood and door clearance', 'Check Box', 39),
	(40, 2, 'Visual Inspection', 2, 'Inspection of body electrical, interior, instrument indication', '18. EPD, AUTO-HOLD', 'Check Box', 40),
	(41, 3, 'Check the engine compartment', 0, '', '01. Check the quantity and quality of oil', 'Check Box', 41),
	(42, 3, 'Check the engine compartment', 0, '', '&nbsp;&nbsp;&nbsp;&nbsp;- Engine oil', 'Check Box', 42),
	(43, 3, 'Check the engine compartment', 0, '', '&nbsp;&nbsp;&nbsp;&nbsp;- Steering pump oil pressure(Non-electronic power steering)', 'Check Box', 43),
	(44, 3, 'Check the engine compartment', 0, '', '&nbsp;&nbsp;&nbsp;&nbsp;- Brake Fluid', 'Check Box', 44),
	(45, 3, 'Check the engine compartment', 0, '', '&nbsp;&nbsp;&nbsp;&nbsp;- Cooling liquid', 'Check Box', 45),
	(46, 3, 'Check the engine compartment', 0, '', '02. Check the tubing connections and leakage.', 'Check Box', 46),
	(47, 3, 'Check the engine compartment', 0, '', '03. Check the installation of battery pile head', 'Check Box', 47),
	(48, 3, 'Check the engine compartment', 0, '', '04. Measure the battery voltage(standard value>=12.5v), and use the battery detector to test and print and save the test results', 'Check Box', 48),
	(49, 3, 'Check the engine compartment', 0, '', '05. Check the Battery level', 'Check Box', 49),
	(50, 3, 'Check the engine compartment', 0, '', '06. Wiring harness and plug(no extrusion, loosening)', 'Check Box', 50),
	(51, 4, 'Check chassis', 0, '', '01. The torque of the tire nut', 'Check Box', 51),
	(52, 4, 'Check chassis', 0, '', '02. Adjust the tire pressure', 'Check Box', 52),
	(53, 4, 'Check chassis', 0, '', '03. Check tire damage', 'Check Box', 53),
	(54, 4, 'Check chassis', 0, '', '04. Install accessories', 'Check Box', 54),
	(55, 4, 'Check chassis', 0, '', '05. Check the brake hose, ABS Sensor connector', 'Check Box', 55),
	(56, 4, 'Check chassis', 0, '', '06. Check the oil leakage', 'Check Box', 56),
	(57, 4, 'Check chassis', 0, '', '07. Check the mounting and fastening of chassis bolts', 'Check Box', 57),
	(58, 4, 'Check chassis', 0, '', '08. Check the chassis damage and rust', 'Check Box', 58),
	(59, 4, 'Check chassis', 0, '', '09. Check the exhaust pipe is fixed', 'Check Box', 59),
	(60, 4, 'Check chassis', 0, '', '10. Check the dust jacket on the drive shaft', 'Check Box', 60),
	(61, 5, 'Driving test', 0, '', '01. Check the pedals are working properly', 'Check Box', 61),
	(62, 5, 'Driving test', 0, '', '02. Check the engine starting and idling', 'Check Box', 62),
	(63, 5, 'Driving test', 0, '', '03. Driving performance(accelerate, constant speed, decelerate, sensitivity, etc.)', 'Check Box', 63),
	(64, 5, 'Driving test', 0, '', '04. Check the working condition of instrument panel and indicator light', 'Check Box', 64),
	(65, 5, 'Driving test', 0, '', '05. Check the clutch and transmission bridge', 'Check Box', 65),
	(66, 5, 'Driving test', 0, '', '06. Check the brake performance, abnormal noise, parking brake', 'Check Box', 66),
	(67, 5, 'Driving test', 0, '', '07. Check the situation of steering', 'Check Box', 67),
	(68, 5, 'Driving test', 0, '', '08. Check the sound insulation, noise, vibration and stability', 'Check Box', 68),
	(69, 5, 'Driving test', 0, '', '09. Check the air conditions and heating unit for proper operation', 'Check Box', 69),
	(70, 5, 'Driving test', 0, '', '10. Check the Parking camera, radar system', 'Check Box', 70),
	(71, 6, 'Final check & Clean', 0, '', '01. Remove the car label and cover', 'Check Box', 71),
	(72, 6, 'Final check & Clean', 0, '', '⚫02. Check the installation and deface of the car interior', 'Check Box', 72),
	(73, 6, 'Final check & Clean', 0, '', '⚫03. Confirm the relevant materials such as driving manual', 'Check Box', 73),
	(74, 6, 'Final check & Clean', 0, '', '04. Car washing(Interior, Exteriors)', 'Check Box', 74),
	(75, 6, 'Final check & Clean', 0, '', '05. Use an exclusive diagnostic device to check out the fault codes', 'Check Box', 75),
	(76, 6, 'Final check & Clean', 0, '', '06. Check the warning lights', 'Check Box', 76),
	(77, 6, 'Final check & Clean', 0, '', '07. Set up maintenance mileage using a special diagnostic instrument', 'Check Box', 77),
	(78, 7, 'Appearance remark: the damaged part of the car body is marked with red pen in the picture below', 0, '', 'https://clusclient.com/geelydemo/img/car-sheet.png', 'Car Sheet', 78),
	(79, 8, 'Nameless', 0, '', 'Job Card', 'Text Box', 79),
	(80, 8, 'Nameless', 0, '', 'Engine Number', 'Text Box', 80),
	(81, 8, 'Nameless', 0, '', 'Inspector', 'Text Box', 81),
	(82, 8, 'Nameless', 0, '', 'Quality Inspector', 'Text Box', 82),
	(83, 8, 'Nameless', 0, '', 'VIN', 'Text Box', 83),
	(84, 8, 'Nameless', 0, '', 'kilo', 'Text Box', 84),
	(85, 8, 'Nameless', 0, '', 'Retailer', 'Text Box', 85),
	(86, 8, 'Nameless', 0, '', 'Date', 'Date', 86);

-- Dumping structure for table geely_db1.lookup_subcategory
DROP TABLE IF EXISTS `lookup_subcategory`;
CREATE TABLE IF NOT EXISTS `lookup_subcategory` (
  `id` int(11) NOT NULL AUTO_INCREMENT,
  `category_id` int(11) NOT NULL DEFAULT 0,
  `category` varchar(255) NOT NULL DEFAULT '',
  `subcategory` varchar(255) NOT NULL DEFAULT '',
  PRIMARY KEY (`id`) USING BTREE
) ENGINE=InnoDB AUTO_INCREMENT=5 DEFAULT CHARSET=utf8mb4 COLLATE=utf8mb4_unicode_ci;

-- Dumping data for table geely_db1.lookup_subcategory: ~3 rows (approximately)
INSERT INTO `lookup_subcategory` (`id`, `category_id`, `category`, `subcategory`) VALUES
	(1, 2, 'Visual Inspection', 'Vehicle peripheral inspection'),
	(2, 2, 'Visual Inspection', 'Inspection of body electrical, interior, instrument indication'),
	(4, 3, 'Check the engine compartment', 'Vehicle peripheral inspection');

-- Dumping structure for table geely_db1.model
DROP TABLE IF EXISTS `model`;
CREATE TABLE IF NOT EXISTS `model` (
  `id` int(11) NOT NULL AUTO_INCREMENT,
  `brand` varchar(255) NOT NULL DEFAULT '',
  `model` varchar(255) NOT NULL DEFAULT '',
  `model_year` varchar(100) NOT NULL DEFAULT '',
  PRIMARY KEY (`id`) USING BTREE
) ENGINE=InnoDB AUTO_INCREMENT=24 DEFAULT CHARSET=utf8mb4 COLLATE=utf8mb4_unicode_ci;

-- Dumping data for table geely_db1.model: ~17 rows (approximately)
INSERT INTO `model` (`id`, `brand`, `model`, `model_year`) VALUES
	(1, 'Geely', 'Coolray', '2020'),
	(2, 'Geely', 'Coolray', '2021'),
	(3, 'Geely', 'Coolray', '2022'),
	(4, 'Geely', 'Coolray', '2023'),
	(5, 'Geely', 'Azkarra', '2020'),
	(6, 'Geely', 'Emgrand GX3', '2021'),
	(7, 'Geely', 'Emgrand7', '2020'),
	(8, 'Geely', 'Geometry C', '2023'),
	(9, 'Geely', 'Geometry E', '2023'),
	(10, 'Geely', 'Geometry D', '2023'),
	(11, 'Geely', 'Geometry F', '2023'),
	(13, 'TTTT', 'mini van', '2020'),
	(14, 'T', 'mini van', '2020'),
	(15, 'TTTT', 'mini van', '2022'),
	(16, 'T', 'Corolla', '2023'),
	(17, 'TTTT', 'Beetle', '2023'),
	(18, 'T', 'Camry', '2023'),
	(19, 'TEST B', 'momo', '2020'),
	(20, 'TEST B', 'JJVV', '2024'),
	(21, 'TEST B', 'SUNM', '2023'),
	(22, 'Geely', 'BBBBB', '2023'),
	(23, 'CC', 'Sport', '2022');

-- Dumping structure for table geely_db1.m_category
DROP TABLE IF EXISTS `m_category`;
CREATE TABLE IF NOT EXISTS `m_category` (
  `id` int(11) NOT NULL AUTO_INCREMENT,
  `category` varchar(100) NOT NULL DEFAULT '',
  PRIMARY KEY (`id`) USING BTREE
) ENGINE=InnoDB AUTO_INCREMENT=10 DEFAULT CHARSET=utf8mb4 COLLATE=utf8mb4_unicode_ci;

-- Dumping data for table geely_db1.m_category: ~3 rows (approximately)
INSERT INTO `m_category` (`id`, `category`) VALUES
	(3, 'Marketing Material'),
	(8, 'Marketing Merchandise'),
	(9, 'Marketing');

-- Dumping structure for table geely_db1.m_item
DROP TABLE IF EXISTS `m_item`;
CREATE TABLE IF NOT EXISTS `m_item` (
  `id` int(11) NOT NULL AUTO_INCREMENT,
  `type` varchar(100) NOT NULL DEFAULT '',
  `category` varchar(100) NOT NULL DEFAULT '',
  `item_name` varchar(250) NOT NULL DEFAULT '',
  `capital_price` int(11) NOT NULL DEFAULT 0,
  `description` text NOT NULL,
  PRIMARY KEY (`id`) USING BTREE
) ENGINE=InnoDB AUTO_INCREMENT=72 DEFAULT CHARSET=utf8mb4 COLLATE=utf8mb4_unicode_ci;

-- Dumping data for table geely_db1.m_item: ~31 rows (approximately)
INSERT INTO `m_item` (`id`, `type`, `category`, `item_name`, `capital_price`, `description`) VALUES
	(4, 'GEELY', 'Marketing Material', 'Chrismas Tree', 550000, ''),
	(5, 'GEELY', 'Marketing Material', 'Roll Up Banner', 36000, 'YGN'),
	(12, 'GEELY', 'Marketing Material', 'Table and Chair', 960000, ''),
	(14, 'GEELY', 'Marketing Material', 'Ribbon', 1300000, 'YGN - 16 Units\nYGN IA - 4 Units'),
	(15, 'GEELY', 'Marketing Material', 'J-Flag', 3200000, 'YGN - 14\nMDY - 4 \nIA YGN - 2'),
	(16, 'GEELY', 'Marketing Material', 'Specification Stand', 1320000, 'YGN - 10 Units\nYGN IA - 2 Units\n'),
	(17, 'GEELY', 'Marketing Material', 'X Stand', 63000, ''),
	(18, 'GEELY', 'Marketing Material', 'Car Key Mock Up', 80000, ''),
	(19, 'GEELY', 'Marketing Material', 'CNY Cherry Bloosome Tree and Accessories', 700000, ''),
	(20, 'GEELY', 'Marketing Material', 'File Holder', 250000, ''),
	(44, 'ZEEKR', 'Marketing Merchandise', 'Cap', 3500, 'Yangon Showroom - Geely & Zeekr'),
	(45, 'ZEEKR', 'Marketing Merchandise', 'Polo Shirt', 17000, 'Yangon Showroom - Geely & Zeekr'),
	(46, 'ZEEKR', 'Marketing Merchandise', 'Digital Flask ', 15000, 'Yangon Showroom - Geely & Zeekr'),
	(47, 'ZEEKR', 'Marketing Merchandise', 'Mug', 3300, 'Yangon Showroom - Geely & Zeekr'),
	(48, 'ZEEKR', 'Marketing Merchandise', 'Umbrella ', 9000, 'Yangon Showroom - Geely & Zeekr'),
	(49, 'ZEEKR', 'Marketing Merchandise', 'Paper Bag', 3000, 'Yangon Showroom - Geely & Zeekr'),
	(50, 'ZEEKR', 'Marketing Merchandise', 'Tshirt', 13000, 'Yangon Showroom - Geely & Zeekr'),
	(51, 'ZEEKR', 'Marketing Material', 'Ribbon', 102000, 'Yangon Showroom - Zeekr'),
	(59, 'GEELY', 'Marketing Material', 'Removeable backdrop', 192000, ''),
	(60, 'GEELY', 'Marketing Material', 'Portable backdrop', 130000, ''),
	(61, 'GEELY', 'Marketing Material', 'Car Ribbon', 900000, ''),
	(62, 'GEELY', 'Marketing Material', 'Protect Mask', 875000, ''),
	(63, 'GEELY', 'Marketing Merchandise', 'Geely Paper Bag ', 400000, ''),
	(64, 'GEELY', 'Marketing Material', 'Epson EB-X06 LCD Projector', 1290700, ''),
	(65, 'FAW', 'Marketing Material', 'Faw X Stand', 125000, ''),
	(66, 'FAW', 'Marketing Merchandise', 'Faw Polo Shirt XL', 245000, ''),
	(67, 'Test', 'Marketing', 'Pencil', 1000, ''),
	(68, 'Test', 'Marketing', 'Pen', 1000, ''),
	(69, 'Test', 'Marketing', 'Eraser', 500, ''),
	(70, 'Test', 'Marketing', 'Ruler', 500, ''),
	(71, 'Test', 'Marketing', 'Drawing Book', 1000, ''),
	(72, 'Test', 'Marketing', 'Spare', 0, ''),
	(73, 'Test', 'Marketing', 'Board', 10000, '');

-- Dumping structure for table geely_db1.m_pages
DROP TABLE IF EXISTS `m_pages`;
CREATE TABLE IF NOT EXISTS `m_pages` (
  `id` int(11) NOT NULL AUTO_INCREMENT,
  `name` varchar(255) CHARACTER SET utf8mb4 COLLATE utf8mb4_unicode_ci NOT NULL DEFAULT '',
  PRIMARY KEY (`id`)
) ENGINE=InnoDB AUTO_INCREMENT=18 DEFAULT CHARSET=latin1 COLLATE=latin1_swedish_ci;

-- Dumping data for table geely_db1.m_pages: ~3 rows (approximately)
INSERT INTO `m_pages` (`id`, `name`) VALUES
	(1, 'Geely'),
	(2, 'FAW'),
	(3, 'ZEEKR'),
	(18, 'Testing');

-- Dumping structure for table geely_db1.m_stock_balance
DROP TABLE IF EXISTS `m_stock_balance`;
CREATE TABLE IF NOT EXISTS `m_stock_balance` (
  `item_id` int(11) DEFAULT NULL,
  `store` varchar(255) DEFAULT NULL,
  `item_name` varchar(255) DEFAULT NULL,
  `total_stock` int(20) NOT NULL DEFAULT 0,
  `use` int(20) NOT NULL DEFAULT 0,
  `lost` int(20) NOT NULL DEFAULT 0,
  `damage` int(20) NOT NULL DEFAULT 0,
  `expire` int(20) NOT NULL DEFAULT 0
) ENGINE=MyISAM DEFAULT CHARSET=utf8mb4 COLLATE=utf8mb4_unicode_ci;

-- Dumping data for table geely_db1.m_stock_balance: 29 rows
/*!40000 ALTER TABLE `m_stock_balance` DISABLE KEYS */;
INSERT INTO `m_stock_balance` (`item_id`, `store`, `item_name`, `total_stock`, `use`, `lost`, `damage`, `expire`) VALUES
	(2, 'Main', 'Writing Book', 10, 0, 0, 0, 0),
	(61, 'Main', 'Car Ribbon', 1, 0, 0, 0, 0),
	(4, 'Main', 'Chrismas Tree', 2, 0, 0, 0, 0),
	(5, 'Main', 'Roll Up Banner', 1, 0, 0, 0, 0),
	(12, 'Main', 'Table and Chair', 4, 0, 0, 0, 0),
	(15, 'Main', 'J-Flag', 20, 0, 0, 0, 0),
	(14, 'Main', 'Ribbon', 20, 0, 0, 0, 0),
	(16, 'Main', 'Specification Stand', 12, 0, 0, 0, 0),
	(17, 'Main', 'X Stand', 3, 0, 0, 0, 0),
	(18, 'Main', 'Car Key Mock Up', 3, 0, 0, 0, 0),
	(19, 'Main', 'CNY Cherry Bloosome Tree and Accessories', 1, 0, 0, 0, 0),
	(20, 'Main', 'File Holder', 190, 0, 0, 0, 0),
	(60, 'Main', 'Portable backdrop', 1, 0, 0, 0, 0),
	(32, 'Main', 'Test C', 5, 0, 0, 0, 0),
	(33, 'Main', 'Test D', 15, 0, 5, 0, 0),
	(35, 'Main', 'Test F', 10, 5, 0, 0, 0),
	(52, 'Main', 'testing app', 1, 0, 0, 0, 0),
	(59, 'Main', 'Removeable backdrop', 1, 0, 0, 0, 0),
	(55, 'Main', 'Test F', 10, 5, 0, 0, 0),
	(57, 'Main', 'Test H', 10, 0, 0, 0, 0),
	(62, 'Main', 'Protect Mask', 29, 0, 0, 0, 0),
	(63, 'Main', 'Geely Paper Bag ', 63, 0, 0, 0, 0),
	(64, 'Main', 'Epson EB-X06 LCD Projector', 1, 0, 0, 0, 0),
	(65, 'Main', 'Faw X Stand', 4, 0, 0, 0, 0),
	(66, 'Main', 'Faw Polo Shirt XL', 3, 0, 0, 0, 0),
	(67, 'Main', 'Pencil', 10, 8, 0, 0, 0),
	(69, 'Main', 'Eraser', 10, 0, 0, 0, 0),
	(70, 'Main', 'Ruler', 5, 0, 1, 0, 0),
	(71, 'Main', 'Drawing Book', 10, 0, 0, 0, 0),
	(72, 'Main', 'Spare', 5, 2, 0, 0, 0),
	(73, 'Main', 'Board', 5, 0, 2, 0, 0);
/*!40000 ALTER TABLE `m_stock_balance` ENABLE KEYS */;

-- Dumping structure for table geely_db1.m_stock_in
DROP TABLE IF EXISTS `m_stock_in`;
CREATE TABLE IF NOT EXISTS `m_stock_in` (
  `id` int(11) NOT NULL AUTO_INCREMENT,
  `stock_in_date` varchar(25) NOT NULL DEFAULT '',
  `store` varchar(150) NOT NULL DEFAULT '',
  `item_id` varchar(50) NOT NULL DEFAULT '',
  `item_name` varchar(250) NOT NULL DEFAULT '',
  `quantity` int(11) NOT NULL DEFAULT 0,
  `capital_price` int(11) NOT NULL DEFAULT 0,
  `stock_in_by` varchar(250) NOT NULL,
  `stock_in_receive_by` varchar(250) NOT NULL,
  `entry_by` varchar(100) NOT NULL DEFAULT '',
  `entry_date_time` varchar(25) NOT NULL DEFAULT '',
  PRIMARY KEY (`id`) USING BTREE
) ENGINE=InnoDB AUTO_INCREMENT=39 DEFAULT CHARSET=utf8mb4 COLLATE=utf8mb4_unicode_ci;

-- Dumping data for table geely_db1.m_stock_in: ~38 rows (approximately)
INSERT INTO `m_stock_in` (`id`, `stock_in_date`, `store`, `item_id`, `item_name`, `quantity`, `capital_price`, `stock_in_by`, `stock_in_receive_by`, `entry_by`, `entry_date_time`) VALUES
	(1, '2024-06-07', 'Main', '1', 'Drawing book', 10, 1000, 'Sm', 'test', '', '2024-06-07 11:31'),
	(2, '2024-06-07', 'Main', '2', 'Writing Book', 10, 1000, 'Sm', 'test', '', '2024-06-07 11:31'),
	(3, '2024-06-13', 'Main', '3', 'Shoe', 10, 5000, 'Sm', 'Sm', '', '2024-06-13 09:39'),
	(4, '2024-06-25', 'Main', '4', 'Chrismas Tree', 1, 550000, 'Kay Thi', 'Kay Thi', '', '2024-06-25 14:12'),
	(5, '2024-06-25', 'Main', '5', 'Roll Up Banner', 1, 36000, 'Kay Thi', 'Kay Thi', '', '2024-06-25 14:18'),
	(6, '2024-07-01', 'Main', '12', 'Table and Chair', 4, 960000, 'Kay Thi', 'Kay Thi', '', '2024-07-01 11:53'),
	(7, '2024-07-01', 'Main', '15', 'J-Flag', 20, 3200000, 'Kay Thi', 'Kay Thi', '', '2024-07-01 14:55'),
	(8, '2024-07-01', 'Main', '14', 'Ribbon', 20, 1300000, 'Kay Thi', 'Kay Thi', '', '2024-07-01 14:57'),
	(9, '2024-07-01', 'Main', '16', 'Specification Stand', 12, 1320000, 'Kay Thi ', 'Kay Thi', '', '2024-07-01 15:17'),
	(10, '2024-07-01', 'Main', '17', 'X Stand', 3, 63000, 'Kay Thi', 'Kay Thi', '', '2024-07-01 15:18'),
	(11, '2024-07-01', 'Main', '18', 'Car Key Mock Up', 2, 76000, 'Kay Thi', 'Kay Thi', '', '2024-07-01 15:23'),
	(12, '2024-07-01', 'Main', '19', 'CNY Cherry Bloosome Tree and Accessories', 1, 700000, 'Kay Thi', 'Kay Thi', '', '2024-07-01 16:41'),
	(13, '2024-07-01', 'Main', '20', 'File Holder', 190, 250000, 'Kay Thi', 'Kay Thi', '', '2024-07-01 16:43'),
	(14, '2024-07-03', 'Main', '27', 'Car A', 5, 10000000, 'Sm', 'Sm', '', '2024-07-03 10:01'),
	(15, '2024-07-03', 'Main', '31', 'Test A', 10, 1000, 'sm', 'Sm', '', '2024-07-03 15:59'),
	(16, '2024-07-04', 'Main', '32', 'Test C', 5, 1000, 'test', 'test', '', '2024-07-04 13:32'),
	(17, '2024-07-04', 'Main', '33', 'Test D', 10, 1500, 'Sm', 'Test SM', '', '2024-07-04 14:55'),
	(18, '2024-07-05', 'Main', '33', 'Test D', 5, 1500, 'Sm', 'Sm', '', '2024-07-05 09:19'),
	(19, '2024-07-05', 'Main', '35', 'Test F', 10, 1000, 'Sm', 'Sm', '', '2024-07-05 09:20'),
	(20, '2024-06-05', 'Main', '37', 'Cap', 1, 3500, '446', 'Hla Nan Soe', '', '2024-07-05 14:23'),
	(21, '2024-07-07', 'Main', '18', 'Car Key Mock Up', 1, 76000, '1', '1', '', '2024-07-07 12:34'),
	(22, '2024-07-07', 'Main', '52', 'testing app', 1, 5000, '1', '1', '', '2024-07-07 12:35'),
	(23, '2024-07-07', 'Main', '53', '1', 1, 10, 'a', 'a', '', '2024-07-07 12:35'),
	(24, '2024-07-07', 'Main', '55', 'Test F', 10, 1000, 'Sm', 'Sm', '', '2024-07-07 20:07'),
	(25, '2024-07-08', 'Main', '57', 'Test H', 10, 1000, 'Sm', 'Sm', '', '2024-07-08 06:22'),
	(26, '2024-07-09', 'Main', '4', 'Chrismas Tree', 1, 550000, 'ss', 'ss', '', '2024-07-09 00:53'),
	(27, '2024-07-09', 'Main', '59', 'Removeable backdrop', 1, 192000, 'Kay Thi', 'Kay Thi', '', '2024-07-09 13:35'),
	(28, '2024-07-09', 'Main', '60', 'Portable backdrop', 1, 130000, 'Kay Thi', 'Kay Thi', '', '2024-07-09 13:37'),
	(29, '2024-07-09', 'Main', '61', 'Car Ribbon', 1, 900000, 'Thet Paing Thu', 'Thet Paing Thu', '', '2024-07-09 13:43'),
	(30, '2024-07-09', 'Main', '62', 'Protect Mask', 29, 875000, 'Thet Paing Thu', 'Thet Paing Thu', '', '2024-07-09 13:45'),
	(31, '2024-07-09', 'Main', '63', 'Geely Paper Bag ', 63, 400000, 'Kay Thi', 'Kay Thi', '', '2024-07-09 13:47'),
	(32, '2024-07-09', 'Main', '64', 'Epson EB-X06 LCD Projector', 1, 1290700, 'Kay Thi', 'Kay Thi', '', '2024-07-09 13:48'),
	(33, '2024-07-09', 'Main', '65', 'Faw X Stand', 4, 125000, 'Kay Thi', 'Kay Thi', '', '2024-07-09 13:49'),
	(34, '2024-07-09', 'Main', '66', 'Faw Polo Shirt XL', 3, 245000, 'Kay Thi', 'Kay Thi', '', '2024-07-09 13:51'),
	(35, '2024-07-09', 'Main', '67', 'Pencil', 10, 1000, 'sm', 'aye', '', '2024-07-09 15:20'),
	(36, '2024-07-09', 'Main', '69', 'Eraser', 10, 500, 'Sm', 'Test_Sm', '', '2024-07-09 21:11'),
	(37, '2024-07-10', 'Main', '70', 'Ruler', 5, 500, 'Sm', 'Test_Sm', '', '2024-07-10 09:05'),
	(38, '2024-07-10', 'Main', '71', 'Drawing Book', 10, 1000, 'Sm', 'Aye Su', '', '2024-07-10 13:27'),
	(39, '2024-07-11', 'Main', '72', 'Spare', 5, 0, 'Sm', 'Sm', '', '2024-07-11 10:05'),
	(40, '2024-07-11', 'Main', '73', 'Board', 5, 10000, 'Sm', 'Aye', '', '2024-07-11 13:24');

-- Dumping structure for table geely_db1.m_stock_out
DROP TABLE IF EXISTS `m_stock_out`;
CREATE TABLE IF NOT EXISTS `m_stock_out` (
  `id` int(20) NOT NULL AUTO_INCREMENT,
  `stock_out_date` varchar(20) DEFAULT NULL,
  `store` varchar(225) DEFAULT NULL,
  `item_id` int(11) DEFAULT NULL,
  `item_name` varchar(250) DEFAULT NULL,
  `quantity` int(20) DEFAULT NULL,
  `use` int(20) NOT NULL DEFAULT 0,
  `lost` int(20) NOT NULL DEFAULT 0,
  `damage` int(20) NOT NULL DEFAULT 0,
  `expire` int(20) NOT NULL DEFAULT 0,
  `stock_out_by` varchar(250) DEFAULT NULL,
  `stock_out_receive_by` varchar(250) DEFAULT NULL,
  `remark` text DEFAULT NULL,
  `entry_by` varchar(250) DEFAULT NULL,
  `entry_date_time` varchar(50) DEFAULT NULL,
  PRIMARY KEY (`id`) USING BTREE
) ENGINE=MyISAM AUTO_INCREMENT=9 DEFAULT CHARSET=utf8mb4 COLLATE=utf8mb4_unicode_ci;

-- Dumping data for table geely_db1.m_stock_out: 8 rows
/*!40000 ALTER TABLE `m_stock_out` DISABLE KEYS */;
INSERT INTO `m_stock_out` (`id`, `stock_out_date`, `store`, `item_id`, `item_name`, `quantity`, `use`, `lost`, `damage`, `expire`, `stock_out_by`, `stock_out_receive_by`, `remark`, `entry_by`, `entry_date_time`) VALUES
	(1, '2024-06-07', 'Main', 1, 'Drawing book', 5, 1, 0, 0, 0, 'Sm', 'test', '', 'tpt', '2024-06-07 11:33'),
	(2, '2024-06-13', 'Main', 3, 'Shoe', 5, 1, 0, 0, 0, 'Sm', 'Sm', '', 'tpt', '2024-06-13 09:40'),
	(3, '2024-07-04', 'Main', 33, 'Test D', 5, 0, 1, 0, 0, 'Sm', 'Aye', '', 'tpt', '2024-07-04 14:56'),
	(4, '2024-07-05', 'Main', 35, 'Test F', 5, 1, 0, 0, 0, 'Sm', 'Sm', '', 'tpt', '2024-07-05 09:21'),
	(5, '2024-07-07', 'Main', 55, 'Test F', 5, 1, 0, 0, 0, 'Sm', 'Sm', '', 'tpt', '2024-07-07 20:08'),
	(6, '2024-07-09', 'Main', 67, 'Pencil', 5, 1, 0, 0, 0, 'sm', 'aye su', 'testing', 'tpt', '2024-07-09 15:21'),
	(7, '2024-07-09', 'Main', 67, 'Pencil', 3, 1, 0, 0, 0, 'Sm', 'Aye', '', 'tpt', '2024-07-09 21:20'),
	(8, '2024-07-10', 'Main', 70, 'Ruler', 1, 0, 1, 0, 0, 'Sm', 'Sm', 'Testing', 'tpt', '2024-07-10 09:07'),
	(9, '2024-07-11', 'Main', 72, 'Spare', 2, 1, 0, 0, 0, 'Sm', 'Sm', '', 'tpt', '2024-07-11 10:42'),
	(10, '2024-07-11', 'Main', 73, 'Board', 2, 0, 1, 0, 0, 'Sm', 'Aye Su', '', 'tpt', '2024-07-11 13:27');
/*!40000 ALTER TABLE `m_stock_out` ENABLE KEYS */;

-- Dumping structure for table geely_db1.m_target_by_month
DROP TABLE IF EXISTS `m_target_by_month`;
CREATE TABLE IF NOT EXISTS `m_target_by_month` (
  `id` int(11) NOT NULL AUTO_INCREMENT,
  `page_id` int(11) NOT NULL DEFAULT 0,
  `name` varchar(50) NOT NULL DEFAULT '0',
  `month_from` varchar(50) NOT NULL DEFAULT '',
  `month_to` varchar(50) NOT NULL DEFAULT '0',
  `target_like` int(25) NOT NULL DEFAULT 0,
  `target_reach` int(25) NOT NULL DEFAULT 0,
  `target_engagement` int(25) NOT NULL DEFAULT 0,
  `target_booking` int(25) NOT NULL DEFAULT 0,
  `target_lead` int(25) NOT NULL DEFAULT 0,
  `entry_by` varchar(250) NOT NULL,
  `entry_date_time` varchar(20) NOT NULL,
  PRIMARY KEY (`id`) USING BTREE
) ENGINE=InnoDB AUTO_INCREMENT=28 DEFAULT CHARSET=utf8mb4 COLLATE=utf8mb4_unicode_ci ROW_FORMAT=COMPACT;

-- Dumping data for table geely_db1.m_target_by_month: ~19 rows (approximately)
INSERT INTO `m_target_by_month` (`id`, `page_id`, `name`, `month_from`, `month_to`, `target_like`, `target_reach`, `target_engagement`, `target_booking`, `target_lead`, `entry_by`, `entry_date_time`) VALUES
	(1, 2, 'pp test ', '2024-01', '2024-06', 70, 80, 70, 80, 100, 'tpt', '2024-05-07 11:15:58'),
	(2, 2, 'Target one', '2024-02', '2024-06', 50, 50, 50, 50, 50, 'tpt', '2024-06-07 11:11:12'),
	(11, 3, 'June Target', '2024-06', '2024-06', 20, 20, 20, 20, 20, 'marketing1', '2024-06-26 10:22:58'),
	(12, 2, 'Test Sm', '2024-03', '2024-07', 100, 100, 100, 100, 100, 'tpt', '2024-07-03 09:59:37'),
	(13, 1, 'Abcdef', '2024-03', '2024-07', 100, 100, 100, 100, 100, 'tpt', '2024-07-04 13:34:16'),
	(14, 1, 'Marketing Event ', '2024-03', '2024-07', 200, 200, 200, 200, 200, 'tpt', '2024-07-04 15:37:12'),
	(15, 2, 'Page A', '2024-03', '2024-07', 300, 300, 300, 300, 300, 'tpt', '2024-07-04 15:44:18'),
	(16, 1, 'Page B', '2024-03', '2024-07', 100, 100, 100, 100, 100, 'tpt', '2024-07-04 15:45:46'),
	(17, 3, 'Testing Page Zeekr', '2024-03', '2024-07', 200, 200, 200, 200, 200, 'tpt', '2024-07-04 15:51:38'),
	(18, 2, 'Test Abcd', '2024-03', '2024-07', 100, 100, 100, 100, 100, 'tpt', '2024-07-05 09:22:05'),
	(19, 3, 'test', '2024-06', '2024-07', 100, 10, 10, 10, 10, 'tpt', '2024-07-08 16:53:43'),
	(20, 2, 'Target A', '2024-03', '2024-07', 100, 100, 100, 100, 100, 'tpt', '2024-07-07 20:09:13'),
	(21, 2, 'Target erty', '2024-03', '2024-07', 300, 300, 300, 300, 300, 'tpt', '2024-07-08 06:34:14'),
	(22, 3, 'aaaaaa', '2024-07', '2024-07', 10, 0, 10, 0, 0, 'tpt', '2024-07-08 17:04:22'),
	(23, 2, 'Target sample', '2024-06', '2024-07', 100, 100, 100, 100, 100, 'tpt', '2024-07-09 15:28:17'),
	(24, 2, 'July Page', '2024-06', '2024-07', 100, 100, 100, 100, 100, 'tpt', '2024-07-09 21:22:16'),
	(25, 1, 'Abcd', '2024-05', '2024-07', 50, 50, 50, 50, 50, 'tpt', '2024-07-09 21:23:14'),
	(26, 2, 'Target Abcde', '2024-06', '2024-07', 100, 100, 100, 100, 100, 'tpt', '2024-07-10 09:11:01'),
	(27, 2, 'Target Abcdefgh', '2024-01', '2024-07', 100, 100, 100, 100, 100, 'tpt', '2024-07-10 13:28:47'),
	(28, 2, 'Target yu', '2024-06', '2024-07', 100, 100, 100, 100, 100, 'tpt', '2024-07-11 10:08:08');

-- Dumping structure for table geely_db1.m_target_pages
DROP TABLE IF EXISTS `m_target_pages`;
CREATE TABLE IF NOT EXISTS `m_target_pages` (
  `id` int(11) NOT NULL AUTO_INCREMENT,
  `page_id` int(11) NOT NULL DEFAULT 0,
  `month` varchar(50) NOT NULL DEFAULT '',
  `p_like` int(25) NOT NULL DEFAULT 0,
  `p_reach` int(25) NOT NULL DEFAULT 0,
  `p_engagement` int(25) NOT NULL DEFAULT 0,
  `p_lead` int(25) NOT NULL DEFAULT 0,
  `p_booking` int(25) NOT NULL DEFAULT 0,
  PRIMARY KEY (`id`) USING BTREE
) ENGINE=InnoDB AUTO_INCREMENT=59 DEFAULT CHARSET=utf8mb4 COLLATE=utf8mb4_unicode_ci ROW_FORMAT=COMPACT;

-- Dumping data for table geely_db1.m_target_pages: ~58 rows (approximately)
INSERT INTO `m_target_pages` (`id`, `page_id`, `month`, `p_like`, `p_reach`, `p_engagement`, `p_lead`, `p_booking`) VALUES
	(1, 1, '2023-01', 0, 0, 0, 0, 0),
	(2, 2, '2023-01', 0, 0, 0, 0, 0),
	(3, 3, '2023-01', 0, 0, 0, 0, 0),
	(4, 1, '2023-02', 0, 0, 0, 0, 0),
	(5, 2, '2023-02', 0, 0, 0, 0, 0),
	(6, 3, '2023-02', 0, 0, 0, 0, 0),
	(7, 1, '2023-03', 0, 0, 0, 0, 0),
	(8, 2, '2023-03', 0, 0, 0, 0, 0),
	(9, 3, '2023-03', 0, 0, 0, 0, 0),
	(10, 1, '2023-04', 0, 0, 0, 0, 0),
	(11, 2, '2023-04', 0, 0, 0, 0, 0),
	(12, 3, '2023-04', 0, 0, 0, 0, 0),
	(13, 1, '2023-05', 0, 0, 0, 0, 0),
	(14, 2, '2023-05', 0, 0, 0, 0, 0),
	(15, 3, '2023-05', 0, 0, 0, 0, 0),
	(16, 1, '2023-06', 0, 0, 0, 0, 0),
	(17, 2, '2023-06', 0, 0, 0, 0, 0),
	(18, 3, '2023-06', 0, 0, 0, 0, 0),
	(19, 1, '2023-07', 0, 0, 0, 0, 0),
	(20, 2, '2023-07', 0, 0, 0, 0, 0),
	(21, 3, '2023-07', 0, 0, 0, 0, 0),
	(22, 1, '2023-08', 0, 0, 0, 0, 0),
	(23, 2, '2023-08', 0, 0, 0, 0, 0),
	(24, 3, '2023-08', 0, 0, 0, 0, 0),
	(25, 1, '2023-09', 0, 0, 0, 0, 0),
	(26, 2, '2023-09', 0, 0, 0, 0, 0),
	(27, 3, '2023-09', 0, 0, 0, 0, 0),
	(28, 1, '2023-10', 0, 0, 0, 0, 0),
	(29, 2, '2023-10', 0, 0, 0, 0, 0),
	(30, 3, '2023-10', 0, 0, 0, 0, 0),
	(31, 1, '2023-11', 0, 0, 0, 0, 0),
	(32, 2, '2023-11', 0, 0, 0, 0, 0),
	(33, 3, '2023-11', 0, 0, 0, 0, 0),
	(34, 1, '2023-12', 0, 0, 0, 0, 0),
	(35, 2, '2023-12', 0, 0, 0, 0, 0),
	(36, 3, '2023-12', 0, 0, 0, 0, 0),
	(37, 1, '2024-01', 115285, 568923, 80550, 80, 24),
	(38, 2, '2024-01', 0, 0, 0, 0, 0),
	(39, 3, '2024-01', 5254, 1337617, 125356, 92, 18),
	(40, 1, '2024-02', 116465, 593728, 81204, 118, 4),
	(41, 2, '2024-02', 0, 0, 0, 0, 0),
	(42, 3, '2024-02', 11705, 3732261, 182855, 96, 26),
	(43, 1, '2024-03', 100, 1415558, 133150, 106, 21),
	(44, 2, '2024-03', 0, 0, 0, 0, 0),
	(45, 3, '2024-03', 12000, 1509197, 33196, 66, 0),
	(46, 1, '2024-04', 100, 522663, 34280, 84, 5),
	(47, 2, '2024-04', 0, 0, 0, 0, 0),
	(48, 3, '2024-04', 12588, 1886226, 23504, 22, 0),
	(49, 1, '2024-05', 100, 827565, 99781, 162, 20),
	(50, 2, '2024-05', 0, 0, 0, 0, 0),
	(51, 3, '2024-05', 10, 0, 0, 0, 0),
	(52, 1, '2024-06', 100, 0, 0, 0, 0),
	(53, 2, '2024-06', 60, 50, 50, 50, 50),
	(54, 3, '2024-06', 100, 10, 10, 10, 10),
	(55, 17, '2024-06', 0, 0, 0, 0, 0),
	(56, 1, '2024-07', 0, 0, 20, 0, 0),
	(57, 2, '2024-07', 100, 100, 200, 0, 0),
	(58, 3, '2024-07', 11, 0, 0, 0, 0),
	(59, 18, '2024-07', 0, 0, 0, 0, 0);

-- Dumping structure for table geely_db1.m_type
DROP TABLE IF EXISTS `m_type`;
CREATE TABLE IF NOT EXISTS `m_type` (
  `id` int(11) NOT NULL AUTO_INCREMENT,
  `type` varchar(100) NOT NULL DEFAULT '',
  PRIMARY KEY (`id`) USING BTREE
) ENGINE=InnoDB AUTO_INCREMENT=13 DEFAULT CHARSET=utf8mb4 COLLATE=utf8mb4_unicode_ci;

-- Dumping data for table geely_db1.m_type: ~4 rows (approximately)
INSERT INTO `m_type` (`id`, `type`) VALUES
	(8, 'GEELY'),
	(9, 'FAW'),
	(10, 'Test'),
	(11, 'ZEEKR');

-- Dumping structure for table geely_db1.nrc_code
DROP TABLE IF EXISTS `nrc_code`;
CREATE TABLE IF NOT EXISTS `nrc_code` (
  `id` int(11) NOT NULL AUTO_INCREMENT,
  `states_divisions_code` int(11) NOT NULL DEFAULT 0,
  `townships_code` varchar(50) NOT NULL DEFAULT '',
  PRIMARY KEY (`id`)
) ENGINE=MyISAM AUTO_INCREMENT=430 DEFAULT CHARSET=utf8mb4 COLLATE=utf8mb4_unicode_ci ROW_FORMAT=DYNAMIC;

-- Dumping data for table geely_db1.nrc_code: 429 rows
/*!40000 ALTER TABLE `nrc_code` DISABLE KEYS */;
INSERT INTO `nrc_code` (`id`, `states_divisions_code`, `townships_code`) VALUES
	(1, 1, 'SaBaTa'),
	(2, 1, 'SaDaNa'),
	(3, 1, 'YaBaYa'),
	(4, 1, 'KaPaTa'),
	(5, 1, 'PaWaNa'),
	(6, 1, 'KaMaTa'),
	(7, 1, 'MaLaNa'),
	(8, 1, 'AhGaYa'),
	(9, 1, 'BaMaNa'),
	(10, 1, 'DaPhaYa'),
	(11, 1, 'HaPaNa'),
	(12, 1, 'KaMaNa'),
	(13, 1, 'KhaBaDa'),
	(14, 1, 'KhaLaPha'),
	(15, 1, 'KhaPhaNa'),
	(16, 1, 'LaGaNa'),
	(17, 1, 'MaKaNa'),
	(18, 1, 'MaKaTa'),
	(19, 1, 'MaKhaBa'),
	(20, 1, 'MaMaNa'),
	(21, 1, 'NaMaNa'),
	(22, 1, 'MaNyaNa'),
	(23, 1, 'MaSaNa'),
	(24, 1, 'PaNaDa'),
	(25, 1, 'PaTaAh'),
	(26, 1, 'SaLaNa'),
	(27, 1, 'SaPaBa'),
	(28, 1, 'TaNaNa'),
	(29, 1, 'WaMaNa'),
	(30, 1, 'YaKaNa'),
	(31, 2, 'BaLaKha'),
	(32, 2, 'DaMaSa'),
	(33, 2, 'LaKaNa'),
	(34, 2, 'MaSaNa'),
	(35, 2, 'PhaSaNa'),
	(36, 2, 'PhaYaSa'),
	(37, 2, 'YaTaNa'),
	(38, 2, 'YaThaNa'),
	(39, 3, 'YaYaTha'),
	(40, 3, 'LaThaNa'),
	(41, 3, 'BaGaLa'),
	(42, 3, 'KaMaMa'),
	(43, 3, 'SaKaLa'),
	(44, 3, 'WaLaMa'),
	(45, 3, 'BaAhNa'),
	(46, 3, 'BaThaSa'),
	(47, 3, 'KaSaKa'),
	(48, 3, 'KaDaNa'),
	(49, 3, 'KaKaYa'),
	(50, 3, 'LaBaNa'),
	(51, 3, 'MaWaTa'),
	(52, 3, 'PaKaNa'),
	(53, 3, 'PhaPaNa'),
	(54, 3, 'ThaTaKa'),
	(55, 3, 'ThaTaNa'),
	(56, 4, 'SaMaNa'),
	(57, 4, 'HaKhaNa'),
	(58, 4, 'HtaTaLa'),
	(59, 4, 'KaKhaNa'),
	(60, 4, 'KaPaLa'),
	(61, 4, 'MaTaNa'),
	(62, 4, 'MaTaPa'),
	(63, 4, 'PaLaWa'),
	(64, 4, 'PhaLaNa'),
	(65, 4, 'TaTaNa'),
	(66, 4, 'TaZaNa'),
	(67, 4, 'YaKhaDa'),
	(68, 4, 'YaZaNa'),
	(69, 5, 'KhaPaNa'),
	(70, 5, 'DaHaNa'),
	(71, 5, 'MaPaLa'),
	(72, 5, 'HtaPaKha'),
	(73, 5, 'SaMaYa'),
	(74, 5, 'AhTaNa'),
	(75, 5, 'AhYaTa'),
	(76, 5, 'BaMaNa'),
	(77, 5, 'BaTaLa'),
	(78, 5, 'DaPaYa'),
	(79, 5, 'HaMaLa'),
	(80, 5, 'HtaKhaNa'),
	(81, 5, 'KaBaLa'),
	(82, 5, 'KaLaHta'),
	(83, 5, 'KaLaNa'),
	(84, 5, 'KaLaTa'),
	(85, 5, 'KaLaWa'),
	(86, 5, 'KaNaNa'),
	(87, 5, 'KaMaNa'),
	(88, 5, 'KhaTaNa'),
	(89, 5, 'KaThaNa'),
	(90, 5, 'KhaOuNa'),
	(91, 5, 'KhaOuTa'),
	(92, 5, 'LaHaNa'),
	(93, 5, 'LaYaNa'),
	(94, 5, 'MaKaNa'),
	(95, 5, 'MaLaNa'),
	(96, 5, 'MaMaTa'),
	(97, 5, 'MaThaNa'),
	(98, 5, 'NaYaNa'),
	(99, 5, 'NgaZaNa'),
	(100, 5, 'PaLaNa'),
	(101, 5, 'PaSaNa'),
	(102, 5, 'SaKaNa'),
	(103, 5, 'SaLaKa'),
	(104, 5, 'TaSaNa'),
	(105, 5, 'WaLaNa'),
	(106, 5, 'YaBaNa'),
	(107, 5, 'YaMaPa'),
	(108, 5, 'MaMaNa'),
	(109, 5, 'MaYaNa'),
	(110, 5, 'PaLaBa'),
	(111, 5, 'PhaPaNa'),
	(112, 5, 'TaMaNa'),
	(113, 5, 'WaThaNa'),
	(114, 5, 'YaOuNa'),
	(115, 6, 'KaLaAh'),
	(116, 6, 'PaLaTa'),
	(117, 6, 'PaKaMa'),
	(118, 6, 'BaPaNa'),
	(119, 6, 'HtaWaNa'),
	(120, 6, 'KaThaNa'),
	(121, 6, 'KaYaYa'),
	(122, 6, 'LaLaNa'),
	(123, 6, 'MaAhNa'),
	(124, 6, 'MaAhYa'),
	(125, 6, 'PaLaNa'),
	(126, 6, 'TaThaYa'),
	(127, 6, 'YaPhaNa'),
	(128, 6, 'MaMaNa'),
	(129, 6, 'KaSaNa'),
	(130, 6, 'KhaMaKa'),
	(131, 6, 'MaTaNa'),
	(132, 6, 'ThaYaKha'),
	(133, 7, 'AhPhaNa'),
	(134, 7, 'DaOuNa'),
	(135, 7, 'HtaTaPa'),
	(136, 7, 'KaPaKa'),
	(137, 7, 'KaTaKha'),
	(138, 7, 'LaPaTa'),
	(139, 7, 'MaLaNa'),
	(140, 7, 'NaTaLa'),
	(141, 7, 'NyaLaPa'),
	(142, 7, 'PaKhaNa'),
	(143, 7, 'PaMaNa'),
	(144, 7, 'PaTaNa'),
	(145, 7, 'PhaMaNa'),
	(146, 7, 'TaNgaNa'),
	(147, 7, 'ThaNaPa'),
	(148, 7, 'ThaWaTa'),
	(149, 7, 'YaKaNa'),
	(150, 7, 'YaTaNa'),
	(151, 7, 'ZaKaNa'),
	(152, 7, 'AhTaNa'),
	(153, 7, 'KaKaNa'),
	(154, 7, 'KaWaNa'),
	(155, 7, 'MaNyaNa'),
	(156, 7, 'PaKhaTa'),
	(157, 7, 'PaTaTa'),
	(158, 7, 'ThaKaNa'),
	(159, 7, 'WaMaNa'),
	(160, 7, 'YaTaYa'),
	(161, 8, 'MaHtaNa'),
	(162, 8, 'AhLaNa'),
	(163, 8, 'HtaLaNa'),
	(164, 8, 'KaHtaNa'),
	(165, 8, 'KhaMaNa'),
	(166, 8, 'MaBaNa'),
	(167, 8, 'MaLaNa'),
	(168, 8, 'MaMaNa'),
	(169, 8, 'MaTaNa'),
	(170, 8, 'NaMaNa'),
	(171, 8, 'NgaPhaNa'),
	(172, 8, 'PaMaNa'),
	(173, 8, 'PaPhaNa'),
	(174, 8, 'SaMaNa'),
	(175, 8, 'SaPaWa'),
	(176, 8, 'SaTaYa'),
	(177, 8, 'TaTaKa'),
	(178, 8, 'YaNaKha'),
	(179, 8, 'YaSaKa'),
	(180, 8, 'GaGaNa'),
	(181, 8, 'KaMaNa'),
	(182, 8, 'MaKaNa'),
	(183, 8, 'MaThaNa'),
	(184, 8, 'PaKhaKa'),
	(185, 8, 'SaLaNa'),
	(186, 8, 'SaPhaNa'),
	(187, 8, 'ThaYaNa'),
	(188, 9, 'NgaZaNa'),
	(189, 9, 'AhMaZa'),
	(190, 9, 'KaPaTa'),
	(191, 9, 'KaSaNa'),
	(192, 9, 'KhaMaSa'),
	(193, 9, 'LaWaNa'),
	(194, 9, 'MaHtaLa'),
	(195, 9, 'MaKaNa'),
	(196, 9, 'MaLaNa'),
	(197, 9, 'MaMaNa'),
	(198, 9, 'MaNaTa'),
	(199, 9, 'MaTaYa'),
	(200, 9, 'MaYaMa'),
	(201, 9, 'MaYaTa'),
	(202, 9, 'NgaThaYa'),
	(203, 9, 'NyaOuNa'),
	(204, 9, 'PaBaNa'),
	(205, 9, 'PaMaNa'),
	(206, 9, 'PaOuLa'),
	(207, 9, 'SaKaNa'),
	(208, 9, 'SaKaTa'),
	(209, 9, 'TaKaTa'),
	(210, 9, 'TaTaOu'),
	(211, 9, 'ThaPaKa'),
	(212, 9, 'ThaSaNa'),
	(213, 9, 'YaMaTha'),
	(214, 9, 'OuTaTha'),
	(215, 9, 'ZaYaTha'),
	(216, 9, 'PaBaTha'),
	(217, 9, 'DaKhaTha'),
	(218, 9, 'ZaBaTha'),
	(219, 9, 'AhMaYa'),
	(220, 9, 'KhaAhZa'),
	(221, 9, 'MaHaMa'),
	(222, 9, 'MaKhaNa'),
	(223, 9, 'MaNaMa'),
	(224, 9, 'MaThaNa'),
	(225, 9, 'NaHtaKa'),
	(226, 9, 'PaKaKha'),
	(227, 9, 'PaThaKa'),
	(228, 9, 'TaKaNa'),
	(229, 9, 'TaThaNa'),
	(230, 9, 'WaTaNa'),
	(231, 10, 'KhaZaNa'),
	(232, 10, 'BaLaNa'),
	(233, 10, 'KaMaYa'),
	(234, 10, 'KhaSaNa'),
	(235, 10, 'LaMaNa'),
	(236, 10, 'MaLaMa'),
	(237, 10, 'PaMaNa'),
	(238, 10, 'ThaPhaYa'),
	(239, 10, 'YaMaNa'),
	(240, 10, 'KaHtaNa'),
	(241, 10, 'MaDaNa'),
	(242, 10, 'ThaHtaNa'),
	(243, 11, 'TaPaWa'),
	(244, 11, 'BaThaTa'),
	(245, 11, 'GaMaNa'),
	(246, 11, 'KaPhaNa'),
	(247, 11, 'KaTaNa'),
	(248, 11, 'MaAhNa'),
	(249, 11, 'MaAhTa'),
	(250, 11, 'MaPaTa'),
	(251, 11, 'MaOuNa'),
	(252, 11, 'MaPaNa'),
	(253, 11, 'MaTaNa'),
	(254, 11, 'PaNaKa'),
	(255, 11, 'PaTaNa'),
	(256, 11, 'SaTaNa'),
	(257, 11, 'TaKaNa'),
	(258, 11, 'ThaTaNa'),
	(259, 11, 'YaBaNa'),
	(260, 11, 'YaThaTa'),
	(261, 11, 'AhMaNa'),
	(262, 11, 'KaTaLa'),
	(263, 12, 'AhLaNa'),
	(264, 12, 'AhSaNa'),
	(265, 12, 'BaHaNa'),
	(266, 12, 'BaTaHta'),
	(267, 12, 'DaGaMa'),
	(268, 12, 'DaGaNa'),
	(269, 12, 'DaGaSa'),
	(270, 12, 'DaGaTa'),
	(271, 12, 'DaGaYa'),
	(272, 12, 'DaLaNa'),
	(273, 12, 'DaPaNa'),
	(274, 12, 'HtaTaPa'),
	(275, 12, 'KaKaKa'),
	(276, 12, 'KaKhaKa'),
	(277, 12, 'KaMaNa'),
	(278, 12, 'KaMaTa'),
	(279, 12, 'KaMaYa'),
	(280, 12, 'KaTaNa'),
	(281, 12, 'KaTaTa'),
	(282, 12, 'KhaYaNa'),
	(283, 12, 'LaKaNa'),
	(284, 12, 'LaMaNa'),
	(285, 12, 'LaMaTa'),
	(286, 12, 'LaThaNa'),
	(287, 12, 'LaThaYa'),
	(288, 12, 'MaBaNa'),
	(289, 12, 'MaGaDa'),
	(290, 12, 'MaGaTa'),
	(291, 12, 'MaYaKa'),
	(292, 12, 'OuKaMa'),
	(293, 12, 'OuKaTa'),
	(294, 12, 'PaBaTa'),
	(295, 12, 'PaZaTa'),
	(296, 12, 'SaKaKha'),
	(297, 12, 'SaKaNa'),
	(298, 12, 'SaKhaNa'),
	(299, 12, 'TaKaNa'),
	(300, 12, 'TaMaNa'),
	(301, 12, 'TaTaNa'),
	(302, 12, 'TaTaTa'),
	(303, 12, 'ThaGaKa'),
	(304, 12, 'ThaKaTa'),
	(305, 12, 'ThaKhaNa'),
	(306, 12, 'ThaLaNa'),
	(307, 12, 'YaKaNa'),
	(308, 12, 'YaPaTha'),
	(309, 13, 'KaTaLa'),
	(310, 13, 'NaTaYa'),
	(311, 13, 'KhaLaNa'),
	(312, 13, 'KaLaDa'),
	(313, 13, 'PaSaNa'),
	(314, 13, 'MaKaHta'),
	(315, 13, 'PaSaTa'),
	(316, 13, 'MaLaTa'),
	(317, 13, 'PaLaHta'),
	(318, 13, 'MaYaNa'),
	(319, 13, 'MaSaNa'),
	(320, 13, 'MaHtaNa'),
	(321, 13, 'AhTaNa'),
	(322, 13, 'HaMaNa'),
	(323, 13, 'HaPaNa'),
	(324, 13, 'HaPaTa'),
	(325, 13, 'KaHaNa'),
	(326, 13, 'KaKaNa'),
	(327, 13, 'KaKhaNa'),
	(328, 13, 'KaLaHta'),
	(329, 13, 'KaLaNa'),
	(330, 13, 'KaLaTa'),
	(331, 13, 'KaMaNa'),
	(332, 13, 'KaTaKa'),
	(333, 13, 'KaTaNa'),
	(334, 13, 'KaTaTa'),
	(335, 13, 'KaThaNa'),
	(336, 13, 'KhaYaHa'),
	(337, 13, 'LaKaNa'),
	(338, 13, 'LaKhaNa'),
	(339, 13, 'LaKhaTa'),
	(340, 13, 'LaLaNa'),
	(341, 13, 'LaYaNa'),
	(342, 13, 'MaBaNa'),
	(343, 13, 'MaHaYa'),
	(344, 13, 'MaKaNa'),
	(345, 13, 'MaKaTa'),
	(346, 13, 'MaKhaNa'),
	(347, 13, 'MaKhaTa'),
	(348, 13, 'MaLaNa'),
	(349, 13, 'MaMaHta'),
	(350, 13, 'MaMaNa'),
	(351, 13, 'MaMaTa'),
	(352, 13, 'MaNaNa'),
	(353, 13, 'MaNaTa'),
	(354, 13, 'MaNgaNa'),
	(355, 13, 'MaPaHta'),
	(356, 13, 'MaPaNa'),
	(357, 13, 'MaPaTa'),
	(358, 13, 'MaPhaNa'),
	(359, 13, 'MaPhaTa'),
	(360, 13, 'MaSaNa'),
	(361, 13, 'MaSaTa'),
	(362, 13, 'MaHtaTa'),
	(363, 13, 'MaTaNa'),
	(364, 13, 'MaTaTa'),
	(365, 13, 'MaYaHta'),
	(366, 13, 'MaYaTa'),
	(367, 13, 'MaYaNa'),
	(368, 13, 'MaYaTa'),
	(369, 13, 'NaKhaNa'),
	(370, 13, 'NaKhaTa'),
	(371, 13, 'NaMaTa'),
	(372, 13, 'NaPhaNa'),
	(373, 13, 'NaSaNa'),
	(374, 13, 'NaSaNa'),
	(375, 13, 'NaTaNa'),
	(376, 13, 'NyaYaNa'),
	(377, 13, 'PhaKhaNa'),
	(378, 13, 'PaLaNa'),
	(379, 13, 'PaLaTa'),
	(380, 13, 'PaPaKa'),
	(381, 13, 'PaTaYa'),
	(382, 13, 'PaWaNa'),
	(383, 13, 'PaYaNa'),
	(384, 13, 'SaSaNa'),
	(385, 13, 'TaKaNa'),
	(386, 13, 'TaKhaLa'),
	(387, 13, 'TaLaNa'),
	(388, 13, 'TaMaNya'),
	(389, 13, 'TaTaNa'),
	(390, 13, 'TaYaNa'),
	(391, 13, 'ThaNaNa'),
	(392, 13, 'ThaPaNa'),
	(393, 13, 'YaNgaNa'),
	(394, 13, 'YaSaNa'),
	(395, 14, 'KaKaHta'),
	(396, 14, 'AhGaPa'),
	(397, 14, 'AhMaNa'),
	(398, 14, 'AhMaTa'),
	(399, 14, 'BaKaLa'),
	(400, 14, 'DaDaYa'),
	(401, 14, 'DaNaPha'),
	(402, 14, 'HaKaKa'),
	(403, 14, 'HaThaTa'),
	(404, 14, 'KaKaTa'),
	(405, 14, 'KaKaNa'),
	(406, 14, 'KaKhaNa'),
	(407, 14, 'KaLaNa'),
	(408, 14, 'KaPaNa'),
	(409, 14, 'LaMaNa'),
	(410, 14, 'LaPaTa'),
	(411, 14, 'MaAhNa'),
	(412, 14, 'MaAhPa'),
	(413, 14, 'MaMaKa'),
	(414, 14, 'MaMaNa'),
	(415, 14, 'NgaPaTa'),
	(416, 14, 'NgaSaNa'),
	(417, 14, 'NgaThaKha'),
	(418, 14, 'NgaYaKa'),
	(419, 14, 'NyaTaNa'),
	(420, 14, 'PaSaLa'),
	(421, 14, 'PaTaNa'),
	(422, 14, 'PaThaNa'),
	(423, 14, 'PaThaYa'),
	(424, 14, 'PhaPaNa'),
	(425, 14, 'ThaPaNa'),
	(426, 14, 'WaKhaMa'),
	(427, 14, 'YaKaNa'),
	(428, 14, 'YaThaYa'),
	(429, 14, 'ZaLaNa');
/*!40000 ALTER TABLE `nrc_code` ENABLE KEYS */;

-- Dumping structure for table geely_db1.order
DROP TABLE IF EXISTS `order`;
CREATE TABLE IF NOT EXISTS `order` (
  `id` int(11) NOT NULL AUTO_INCREMENT,
  `date` varchar(25) NOT NULL DEFAULT '',
  `oc_no` varchar(50) NOT NULL DEFAULT '',
  `customer_id` int(11) NOT NULL DEFAULT 0,
  `broker_id` int(11) NOT NULL DEFAULT 0,
  `broker_name` varchar(150) NOT NULL DEFAULT '',
  `vehicle_status` varchar(20) NOT NULL DEFAULT '',
  `brand` varchar(50) NOT NULL DEFAULT '',
  `model` varchar(100) NOT NULL DEFAULT '',
  `grade` varchar(50) NOT NULL DEFAULT '',
  `model_year` varchar(50) NOT NULL DEFAULT '',
  `vin_no` varchar(50) NOT NULL DEFAULT '',
  `engine_no` varchar(50) NOT NULL DEFAULT '',
  `exterior_color` varchar(100) NOT NULL DEFAULT '',
  `interior_color` varchar(100) NOT NULL DEFAULT '',
  `sales_center` varchar(150) NOT NULL DEFAULT '',
  `sales_type` varchar(150) NOT NULL DEFAULT '',
  `vehicle_price` int(11) NOT NULL DEFAULT 0,
  `commercial_tax` int(11) NOT NULL DEFAULT 0,
  `rtad_tax` int(11) NOT NULL DEFAULT 0,
  `promotion_code` varchar(50) NOT NULL DEFAULT '',
  `promotion_discount` int(11) NOT NULL DEFAULT 0,
  `special_discount` int(11) NOT NULL DEFAULT 0,
  `selling_price` int(11) NOT NULL DEFAULT 0,
  `payment_type` varchar(100) NOT NULL DEFAULT '' COMMENT 'Cash, HP, InHouse',
  `bank` varchar(100) NOT NULL DEFAULT '',
  `payment_percent` int(11) NOT NULL DEFAULT 0,
  `payment_term` int(11) NOT NULL DEFAULT 0,
  `deposit` int(11) NOT NULL DEFAULT 0,
  `same_as_buyer` tinyint(4) NOT NULL DEFAULT 0,
  `rtad_name` varchar(150) NOT NULL DEFAULT '',
  `rtad_nrc_no` varchar(100) NOT NULL DEFAULT '',
  `rtad_mobile_no` varchar(100) NOT NULL DEFAULT '',
  `rtad_township` varchar(255) NOT NULL DEFAULT '',
  `customer_type` varchar(255) NOT NULL DEFAULT '',
  `company_name` varchar(255) NOT NULL DEFAULT '',
  `company_register_no` varchar(255) NOT NULL DEFAULT '',
  `staff_id` int(11) NOT NULL DEFAULT 0,
  `entry_by` varchar(100) NOT NULL DEFAULT '',
  `entry_date_time` varchar(25) NOT NULL DEFAULT '',
  PRIMARY KEY (`id`) USING BTREE
) ENGINE=MyISAM AUTO_INCREMENT=61 DEFAULT CHARSET=utf8mb4 COLLATE=utf8mb4_unicode_ci ROW_FORMAT=DYNAMIC;

-- Dumping data for table geely_db1.order: 58 rows
/*!40000 ALTER TABLE `order` DISABLE KEYS */;
INSERT INTO `order` (`id`, `date`, `oc_no`, `customer_id`, `broker_id`, `broker_name`, `vehicle_status`, `brand`, `model`, `grade`, `model_year`, `vin_no`, `engine_no`, `exterior_color`, `interior_color`, `sales_center`, `sales_type`, `vehicle_price`, `commercial_tax`, `rtad_tax`, `promotion_code`, `promotion_discount`, `special_discount`, `selling_price`, `payment_type`, `bank`, `payment_percent`, `payment_term`, `deposit`, `same_as_buyer`, `rtad_name`, `rtad_nrc_no`, `rtad_mobile_no`, `rtad_township`, `customer_type`, `company_name`, `company_register_no`, `staff_id`, `entry_by`, `entry_date_time`) VALUES
	(1, '2023-07-25', 'PAL-G00001-2023', 22, 32, 'Ko Aung Ko Oo', 'Instock', 'Geely', 'Geometry F', 'Highest', '2023', '10', '10', 'White', 'Black', 'Ygn Main Show Room', 'Fix', 70000000, 3500000, 20, 'C2356', 80000, 0, 73420020, 'Cash', '', 0, 0, 1000000, 0, 'U Aung Thein', '12/DaGaYa(N)898989', '0925326222', 'Sanchaung', 'Individual', '', '', 29, 'hhys', '2023-07-25 14:09:14'),
	(2, '2023-07-26', 'PAL-G00002-2023', 22, 20, 'Ko Phyo Wai Paing', 'Instock', 'Geely', 'Geometry F', 'Highest', '2023', '11', '11', 'White', 'Black', 'Ygn Main Show Room', 'Fix', 70000000, 3500000, 20, '', 0, 0, 73500020, 'Cash', '', 0, 0, 1000000, 1, 'Ma Hla Hla Aung Thein', '12/KaTaNa(N)767676', '098765335', 'Sanchaung', 'Individual', '', '', 29, 'hhys', '2023-07-26 14:15:16'),
	(6, '2023-07-28', 'PAL-G00004-2023', 15, 0, '', 'Instock', 'Geely', 'Geometry F', 'Highest', '2023', '15', '15', 'White', 'Black', 'Mandalay', 'Fix', 70000000, 3500000, 20, '', 0, 0, 73500020, 'InHouse', '', 30, 24, 1000000, 1, 'Shelle', '4/KaPaLa(N)696666', '09444555666', 'East Dagon', 'Individual', '', '', 3, 'WLA', '2023-07-28 21:24:34'),
	(5, '2023-07-28', 'PAL-G00003-2023', 23, 0, '', 'Instock', 'Geely', 'Geometry F', 'Highest', '2023', '14', '14', 'White', 'Black', 'Ygn Main Show Room', 'Fix', 70000000, 3500000, 20, '', 0, 0, 73500020, 'Cash', '', 0, 0, 1000000, 1, 'THAN', '5/KhaOuNa(N)036698', '095632556', 'Pangsang Township', 'Individual', '', '', 29, 'hhys', '2023-07-28 20:48:24'),
	(7, '2023-07-28', 'PAL-T00001-2023', 16, 0, '', 'Production', 'TTTT', 'Beetle', 'G1', '2023', '', '', 'Silver', 'Orange + Black', 'Mandalay', 'Fix', 22000000, 1100000, 1, '', 0, 0, 23100001, 'Cash', '', 0, 0, 1000000, 1, 'Shelle', '12/AhLaNa(N)000888', '09555444999', 'Hlaing', 'Individual', '', '', 3, 'WLA', '2023-07-28 23:42:06'),
	(8, '2023-07-28', 'PAL-T00002-2023', 23, 0, '', 'Production', 'T', 'Camry', 'GA', '2023', '', '', 'Black', 'Black', 'Ygn Main Show Room', 'Fix', 100000000, 5000000, 10, '', 0, 0, 105000010, 'Cash', '', 0, 0, 1000000, 1, 'THAN', '5/KhaOuNa(N)036698', '095632556', 'Pangsang Township', 'Individual', '', '', 29, 'HHYS', '2023-07-28 23:43:00'),
	(9, '2023-08-08', 'PAL-G00005-2023', 24, 0, '', 'Instock', 'Geely', 'Geometry F', 'Highest', '2023', '16', '16', 'White', 'Black', 'Junction Square', 'Fix', 96900000, 4845000, 969000, '', 0, 0, 102714000, 'Cash', '', 0, 0, 1000000, 1, 'tun tun', '7/KaWaNa(N)596326', '06969696969', 'Monyo', 'Individual', '', '', 41, 's', '2023-08-08 09:31:22'),
	(10, '2023-08-08', 'PAL-T00003-2023', 24, 0, '', 'Production', 'TEST B', 'momo', 'Highest', '2020', '', '', 'Silver', 'Orange + Black', 'Junction Square', 'Fix', 96900000, 4845000, 969000, '', 0, 0, 102714000, 'Cash', '', 0, 0, 1000000, 0, 'kyaw kyaw', '4/HtaTaLa(N)856952', '09569823569', 'Hinthada', 'Individual', '', '', 41, 's', '2023-08-08 09:35:23'),
	(11, '2023-08-16', 'PAL-G00006-2023', 21, 16, 'U Win Hlaing', 'Instock', 'Geely', 'Geometry F', 'Highest', '2023', '17', '17', 'White', 'Black', 'Mandalay', 'Fix', 96900000, 4845000, 969000, 'C2356', 90000, 0, 102624000, 'Cash', '', 0, 0, 1000000, 1, 'pp', '2/DaMaSa(N)133454', '097846322112', 'Ngwehsaung', 'Individual', '', '', 3, 'wla', '2023-08-16 09:36:16'),
	(12, '2023-08-24', 'PAL-G00007-2023', 15, 0, '', 'Instock', 'Geely', 'Geometry F', 'Highest', '2023', '18', '18', 'White', 'Black', 'Mandalay', 'Fix', 96900000, 4845000, 969000, '', 0, 0, 102714000, 'Cash', '', 0, 0, 1000000, 1, 'Shelle', '4/KaPaLa(N)696666', '09444555666', 'East Dagon', 'Individual', '', '', 3, 'wla', '2023-08-24 17:03:53'),
	(13, '2023-09-18', 'PAL-G00008-2023', 3, 0, '', 'Instock', 'Geely', 'Geometry F', 'Highest', '2023', '19', '19', 'White', 'Black', 'Mandalay', 'Fix', 96900000, 4845000, 969000, '', 0, 0, 102714000, 'Cash', '', 0, 0, 1000000, 1, 'Aung Aung', '1/AhGaYa(N)123049', '09239482013', 'Amarapura', 'Individual', '', '', 3, 'wla', '2023-09-18 14:32:44'),
	(14, '2023-11-23', 'PAL-G00009-2023', 3, 0, '', 'Instock', 'Geely', 'Azkarra', 'GF', '2020', 'V6589', 'E5423', 'Black', 'Red + Black', 'Mandalay', 'Fix', 50000000, 2500000, 969000, '', 0, 0, 53469000, 'HP', 'AGD', 30, 36, 1000000, 1, 'Aung Aung', '1/AhGaYa(N)123049', '09239482013', 'Amarapura', 'Individual', '', '', 3, 'wla', '2023-11-23 17:21:48'),
	(15, '2023-12-15', 'PAL-G00010-2023', 21, 31, 'Daw Mya Mya', 'Instock', 'Geely', 'Azkarra', 'GF', '2020', 'V561321', '3E3321', 'Black', 'Red + Black', 'Mandalay', 'Fix', 50000000, 2500000, 969000, '', 0, 0, 53469000, 'Cash', '', 0, 0, 1000000, 1, 'pp', '2/DaMaSa(N)133454', '097846322112', 'Ngwehsaung', 'Individual', '', '', 3, 'wla', '2023-12-15 14:07:30'),
	(16, '2023-12-15', 'PAL-G00011-2023', 16, 0, '', 'Instock', 'Geely', 'BBBBB', 'MMMM', '2023', 'cccc', 'cccc', 'Black', 'Black', 'Mandalay', 'Fix', 45000000, 2250000, 50000, '', 0, 0, 47300000, 'Cash', '', 0, 0, 1000000, 1, 'Shelle', '12/AhLaNa(N)000888', '09555444999', 'Hlaing', 'Individual', '', '', 3, 'wla', '2023-12-15 14:07:45'),
	(17, '2023-12-26', 'PAL-T00004-2023', 25, 33, 'HNI', 'Instock', 'T', 'Camry', 'GA', '2023', 'V65625', 'E56155', 'Black', 'Black', 'Mandalay', 'Fix', 100000000, 5000000, 10, '', 0, 0, 105000010, 'Cash', '', 0, 0, 1000000, 1, 'kyaw gyi', '3/KaDaNa(A)124342', '0987654', 'Lemyethna', 'Individual', '', '', 3, 'wla', '2023-12-26 16:49:24'),
	(18, '2023-12-26', 'PAL-G00012-2023', 3, 0, '', 'Instock', 'TEST B', 'momo', 'Highest', '2020', 'V654561', 'E65+', 'Silver', 'Orange + Black', 'Mandalay', 'Fix', 96900000, 4845000, 969000, '', 0, 0, 102714000, 'Cash', '', 0, 0, 0, 1, 'Aung Aung', '1/AhGaYa(N)123049', '09239482013', 'Amarapura', 'Individual', '', '', 3, 'wla', '2023-12-26 16:56:31'),
	(19, '2023-12-29', 'PAL-G00013-2023', 25, 32, 'Ko Aung Ko Oo', 'Instock', 'Geely', 'BBBBB', 'MMMM', '2023', 'vvvv', 'vvvv', 'Black', 'Black', 'Mandalay', 'Fix', 45000000, 2250000, 50000, '', 0, 0, 47300000, 'Cash', '', 0, 0, 3000000, 1, 'kyaw gyi', '3/KaDaNa(A)124342', '0987654', 'Lemyethna', 'Individual', '', '', 3, 'wla', '2023-12-29 00:56:46'),
	(20, '2023-12-29', 'PAL-C00001-2023', 26, 0, '', 'Instock', 'CC', 'Sport', 'AT', '2022', 'VN00011', 'EN00011', 'Blue', 'Black', 'Mandalay', 'Fix', 110000000, 5500000, 1000000, '', 0, 0, 116500000, 'HP', 'AGD', 10, 24, 2000000, 1, 'app testing', '5/DaPaYa(N)124124', '0912451251', 'Lemyethna', 'Individual', '', '', 3, 'wla', '2023-12-29 01:05:28'),
	(21, '2023-12-29', 'PAL-C00002-2023', 16, 0, '', 'Instock', 'CC', 'Sport', 'AT', '2022', 'VN00012', 'EN00012', 'Blue', 'Black', 'Mandalay', 'Fix', 110000000, 5500000, 1000000, '', 0, 0, 116500000, 'HP', 'CB', 30, 24, 1000000, 1, 'Shelle', '12/AhLaNa(N)000888', '09555444999', 'Hlaing', 'Individual', '', '', 3, 'wla', '2023-12-29 10:54:11'),
	(22, '2024-01-03', 'PAL-T00001-2024', 25, 33, 'HNI', 'Instock', 'TTTT', 'Beetle', 'G1', '2023', 'V5649', 'E984556', 'Silver', 'Orange + Black', 'Mandalay', 'Fix', 22000000, 1100000, 1, '', 0, 0, 23100001, 'Cash', '', 0, 0, 1000000, 1, 'kyaw gyi', '3/KaDaNa(A)124342', '0987654', 'Lemyethna', 'Individual', '', '', 3, 'wla', '2024-01-03 11:01:55'),
	(23, '2024-01-04', 'PAL-T00002-2024', 26, 0, '', 'Instock', 'TEST B', 'momo', 'Highest', '2020', 'V15616', 'E1556', 'Silver', 'Orange + Black', 'Mandalay', 'Fix', 96900000, 4845000, 969000, '', 0, 0, 102714000, 'Cash', '', 0, 0, 3000000, 1, 'app testing', '5/DaPaYa(N)124124', '0912451251', 'Lemyethna', 'Individual', '', '', 3, 'wla', '2024-01-04 13:41:39'),
	(24, '2024-01-05', 'PAL-G00001-2024', 26, 0, '', 'Instock', 'Geely', 'BBBBB', 'MMMM', '2023', 'bbbb', 'bbbbb', 'Black', 'Black', 'Mandalay', 'Fix', 45000000, 2250000, 50000, '', 0, 0, 47300000, 'Cash', '', 0, 0, 4000000, 1, 'app testing', '5/DaPaYa(N)124124', '0912451251', 'Lemyethna', 'Individual', '', '', 3, 'wla', '2024-01-05 10:35:50'),
	(25, '2024-01-10', 'PAL-G00002-2024', 15, 0, '', 'Instock', 'Geely', 'BBBBB', 'MMMM', '2023', '12312512', '1234521', 'Silver', 'Orange + Black', 'Mandalay', 'Fix', 50000000, 2500000, 50000, '', 0, 0, 52550000, 'Cash', '', 0, 0, 1000000, 1, 'Shelle', '4/KaPaLa(N)696666', '09444555666', 'East Dagon', 'Individual', '', '', 3, 'wla', '2024-01-10 12:35:26'),
	(26, '2024-03-11', 'PAL-G00003-2024', 37, 0, '', 'Instock', 'Geely', 'BBBBB', 'MMMM', '2023', '6767623', '2737232', 'Silver', 'Orange + Black', 'Mandalay', 'Fix', 50000000, 2500000, 50000, '', 0, 0, 52550000, 'Cash', '', 0, 0, 1000000, 1, 'ddd', '7/KaKaNa(P)124125', '124', 'Myanaung', 'Individual', '', '', 3, 'wla', '2024-03-11 13:43:38'),
	(27, '2024-03-11', 'PAL-G00004-2024', 39, 0, '', 'Preorder', 'Geely', 'Azkarra', 'GF', '2020', 'V566849', 'E98432', 'Black', 'Red + Black', 'Mandalay', 'Fix', 50000000, 2500000, 969000, '', 0, 0, 53469000, 'HP', 'AYA', 60, 36, 1000000, 1, 'promotion custoemrtest', '4/KaPaLa(N)124124', '1231234512345', 'Myanaung', 'Individual', '', '', 3, 'wla', '2024-03-11 14:16:12'),
	(28, '2024-03-15', 'PAL-G00005-2024', 40, 0, '', 'Instock', 'Geely', 'BBBBB', 'MMMM', '2023', '235126', '2362362', 'Silver', 'Orange + Black', 'Mandalay', 'Fix', 50000000, 2500000, 50000, '', 0, 0, 52550000, 'HP', 'AYA', 30, 36, 1000000, 1, 'testing', '2/DaMaSa(P)123124', '11111111111111111111', 'Kyangin', 'Individual', '', '', 3, 'wla', '2024-03-15 10:23:43'),
	(29, '2024-03-15', 'PAL-G00006-2024', 39, 0, '', 'Instock', 'Geely', 'Coolray', 'GC', '2020', 'V6523', 'E8566', 'White', 'Red + Black', 'Mandalay', 'Fix', 70000000, 3500000, 150000, '', 0, 0, 73650000, 'HP', 'AYA', 40, 24, 1000000, 1, 'promotion custoemrtest', '4/KaPaLa(N)124124', '1231234512345', 'Myanaung', 'Individual', '', '', 3, 'wla', '2024-03-15 11:33:14'),
	(30, '2024-03-21', 'PAL-G00007-2024', 40, 0, '', 'Preorder', 'Geely', 'Coolray', 'GF', '2020', 'V2316', 'E651233', 'White', 'Red + Black', 'Mandalay', 'Fix', 50000000, 2500000, 969000, '', 0, 0, 53469000, 'HP', 'AYA', 10, 12, 500000, 1, 'testing', '5/AhTaNa(N)123124', '11111111111111111111', 'Kyangin', 'Individual', '', '', 3, 'wla', '2024-03-21 10:05:59'),
	(31, '2024-03-21', 'PAL-G00008-2024', 41, 0, '', 'Instock', 'Geely', 'Geometry C', 'Highest', '2023', 'V894652', 'E856', 'White', 'Black', 'Mandalay', 'Fix', 127500000, 6375000, 50000, '', 0, 0, 133925000, 'Cash', '', 0, 0, 1000000, 1, 'SM', '9/SaKaTa(N)123456', '09250035033', 'Kyaunggon', 'Individual', '', '', 3, 'wla', '2024-03-21 10:59:24'),
	(32, '2024-03-21', 'PAL-G00009-2024', 41, 0, '', 'Instock', 'Geely', 'Coolray', 'GC', '2020', 'V9635', 'E7452', 'White', 'Red + Black', 'Mandalay', 'Fix', 70000000, 3500000, 150000, '', 0, 0, 73650000, 'Cash', '', 0, 0, 3000000, 1, 'SM', '9/SaKaTa(N)123456', '09250035033', 'Kyaunggon', 'Individual', '', '', 3, 'wla', '2024-03-21 13:16:49'),
	(33, '2024-03-21', 'PAL-G00010-2024', 43, 0, '', 'Instock', 'Geely', 'Geometry D', 'Highest', '2023', 'V5+516', 'E654', 'Black', 'Black', 'Mandalay', 'Fix', 95000000, 4750000, 50000, '', 0, 0, 99800000, 'Cash', '', 0, 0, 2000000, 1, 'Test_Sm', '5/AhYaTa(N)123456', '95977335052', 'Myaungmya', 'Individual', '', '', 3, 'wla', '2024-03-21 13:50:17'),
	(34, '2024-03-21', 'PAL-G00011-2024', 45, 0, '', 'Instock', 'Geely', 'Geometry F', 'Highest', '2023', '20', '20', 'White', 'Black', 'Mandalay', 'Fix', 96900000, 4845000, 969000, '', 0, 0, 102714000, 'Cash', '', 0, 0, 2500000, 1, 'Sm', '4/HaKhaNa(N)12345', '0998745', 'Kyangin', 'Individual', '', '', 3, 'wla', '2024-03-21 14:01:53'),
	(35, '2024-03-21', 'PAL-G00012-2024', 44, 0, '', 'Instock', 'Geely', 'BBBBB', 'MMMM', '2023', '11111', '11111', 'Silver', 'Orange + Black', 'Mandalay', 'Fix', 50000000, 2500000, 50000, '', 0, 0, 52550000, 'Cash', '', 0, 0, 2000000, 1, 'SS', '5/HtaPaKha(N)123456', '09954512', 'Lemyethna', 'Individual', '', '', 3, 'wla', '2024-03-21 14:10:26'),
	(36, '2024-03-21', 'PAL-G00013-2024', 42, 0, '', 'Production', 'Geely', 'Azkarra', 'GF', '2020', '', '', 'Black', 'Red + Black', 'Mandalay', 'Fix', 50000000, 2500000, 969000, '', 0, 0, 53469000, 'HP', 'AYA', 10, 12, 1000000, 1, 'NNK_Testing', '5/AhYaTa(N)123124', '33503350', 'Hlaing', 'Individual', '', '', 3, 'wla', '2024-03-21 15:24:51'),
	(37, '2024-03-22', 'PAL-G00014-2024', 45, 0, '', 'Instock', 'Geely', 'Coolray', 'GC', '2020', 'V56564', 'E162', 'White', 'Red + Black', 'Mandalay', 'Fix', 70000000, 3500000, 150000, '', 0, 0, 73650000, 'Cash', '', 0, 0, 1500000, 1, 'Sm', '4/HaKhaNa(N)12345', '0998745', 'Kyangin', 'Individual', '', '', 3, 'wla', '2024-03-22 11:34:56'),
	(38, '2024-03-24', 'PAL-G00015-2024', 45, 0, '', 'Instock', 'Geely', 'Coolray', 'GF', '2020', 'VN1256', 'EN0254', 'White', 'Red + Black', 'Mandalay', 'Fix', 80000000, 4000000, 969000, '', 0, 0, 84969000, 'Cash', '', 0, 0, 1000000, 1, 'Sm', '4/HaKhaNa(N)12345', '0998745', 'Kyangin', 'Individual', '', '', 3, 'wla', '2024-03-24 23:58:48'),
	(39, '2024-03-25', 'PAL-G00016-2024', 45, 0, '', 'Instock', 'Geely', 'Coolray', 'GF', '2020', 'V4523', 'E5698', 'White', 'Red + Black', 'Mandalay', 'Fix', 80000000, 4000000, 969000, '', 0, 0, 84969000, 'HP', 'AYA', 40, 24, 1000000, 1, 'Sm', '4/HaKhaNa(N)12345', '0998745', 'Kyangin', 'Individual', '', '', 3, 'wla', '2024-03-25 11:55:18'),
	(40, '2024-03-29', 'PAL-G00017-2024', 45, 0, '', 'Instock', 'Geely', 'Coolray', 'GF', '2020', 'V651564', 'E2561', 'White', 'Red + Black', 'Mandalay', 'Fix', 80000000, 4000000, 969000, '', 0, 0, 84969000, 'Cash', '', 0, 0, 1500000, 1, 'Sm', '4/HaKhaNa(N)12345', '0998745', 'Kyangin', 'Individual', '', '', 3, 'wla', '2024-03-29 15:49:04'),
	(41, '2024-04-01', 'PAL-G00018-2024', 45, 0, '', 'Instock', 'Geely', 'Coolray', 'GF', '2020', 'V2313', 'E132', 'White', 'Red + Black', 'Mandalay', 'Fix', 80000000, 4000000, 969000, '', 0, 0, 84969000, 'Cash', '', 0, 0, 1500000, 1, 'Sm', '4/HaKhaNa(N)12345', '0998745', 'Kyangin', 'Individual', '', '', 3, 'wla', '2024-04-01 10:58:51'),
	(42, '2024-04-02', 'PAL-G00019-2024', 45, 0, '', 'Instock', 'Geely', 'Geometry F', 'AAAAA', '2023', '5215123', '1251251', 'Silver', 'Red + Black', 'Mandalay', 'Fix', 60000000, 3000000, 5000, '', 0, 0, 63005000, 'Cash', '', 0, 0, 1000000, 1, 'Sm', '4/HaKhaNa(N)12345', '0998745', 'Kyangin', 'Individual', '', '', 3, 'wla', '2024-04-02 10:23:07'),
	(43, '2024-04-02', 'PAL-G00020-2024', 44, 0, '', 'Instock', 'Geely', 'Geometry F', 'AAAAA', '2023', '3462727', '3473632', 'Silver', 'Red + Black', 'Mandalay', 'Fix', 60000000, 3000000, 5000, '', 0, 0, 63005000, 'Cash', '', 0, 0, 1000000, 1, 'SS', '5/HtaPaKha(N)123456', '09954512', 'Lemyethna', 'Individual', '', '', 3, 'wla', '2024-04-02 10:29:27'),
	(44, '2024-04-02', 'PAL-G00021-2024', 43, 0, '', 'Instock', 'Geely', 'Geometry F', 'AAAAA', '2023', '7543652', '745365', 'Silver', 'Red + Black', 'Mandalay', 'Fix', 60000000, 3000000, 5000, '', 0, 0, 63005000, 'Cash', '', 0, 0, 1000000, 1, 'Test_Sm', '5/AhYaTa(N)123456', '95977335052', 'Myaungmya', 'Individual', '', '', 5, 'smo', '2024-04-02 15:16:46'),
	(45, '2024-04-02', 'PAL-G00022-2024', 44, 0, '', 'Instock', 'Geely', 'Geometry F', 'Highest', '2023', 'V5465', 'E4665', 'White', 'Black', 'Mandalay', 'Fix', 96900000, 4845000, 969000, '', 0, 0, 102714000, 'Cash', '', 0, 0, 1000000, 1, 'SS', '5/HtaPaKha(N)123456', '09954512', 'Lemyethna', 'Individual', '', '', 3, 'wla', '2024-04-02 15:18:30'),
	(46, '2024-04-02', 'PAL-G00023-2024', 41, 0, '', 'Instock', 'Geely', 'Geometry F', 'Highest', '2023', 'V6543', 'E551230', 'White', 'Black', 'Mandalay', 'Fix', 96900000, 4845000, 969000, '', 0, 0, 102714000, 'Cash', '', 0, 0, 1000000, 1, 'SM', '9/SaKaTa(N)123456', '09250035033', 'Kyaunggon', 'Individual', '', '', 3, 'wla', '2024-04-02 15:28:03'),
	(47, '2024-04-03', 'PAL-G00024-2024', 41, 0, '', 'Instock', 'Geely', 'Geometry F', 'Highest', '2023', 'V89456123', 'V8645123', 'White', 'Black', 'Mandalay', 'Fix', 96900000, 4845000, 969000, '', 0, 0, 102714000, 'Cash', '', 0, 0, 1500000, 1, 'SM', '9/SaKaTa(N)123456', '123', 'Kyaunggon', 'Individual', '', '', 3, 'wla', '2024-04-03 09:16:53'),
	(48, '2024-04-03', 'PAL-G00025-2024', 43, 0, '', 'Instock', 'Geely', 'Geometry F', 'Highest', '2023', 'E56123.0', 'V5230', 'White', 'Black', 'Mandalay', 'Fix', 96900000, 4845000, 969000, '', 0, 0, 102714000, 'Cash', '', 0, 0, 1000000, 1, 'Test_Sm', '5/AhYaTa(N)123456', '123', 'Myaungmya', 'Individual', '', '', 3, 'wla', '2024-04-03 11:07:35'),
	(49, '2024-04-03', 'PAL-G00026-2024', 45, 0, '', 'Instock', 'Geely', 'Geometry F', 'Highest', '2023', 'V5632.0', 'E+63.523', 'White', 'Black', 'Mandalay', 'Fix', 96900000, 4845000, 969000, '', 0, 0, 102714000, 'Cash', '', 0, 0, 1000000, 1, 'Sm', '4/HaKhaNa(N)12345', '09999123', 'Kyangin', 'Individual', '', '', 3, 'wla', '2024-04-03 11:39:28'),
	(50, '2024-04-03', 'PAL-G00027-2024', 43, 0, '', 'Instock', 'Geely', 'Geometry F', 'Highest', '2023', 'V230', '0+E6523', 'White', 'Black', 'Mandalay', 'Fix', 96900000, 4845000, 969000, '', 0, 0, 102714000, 'Cash', '', 0, 0, 1000000, 1, 'Test_Sm', '5/AhYaTa(N)123456', '123', 'Myaungmya', 'Individual', '', '', 3, 'wla', '2024-04-03 13:37:01'),
	(51, '2024-04-03', 'PAL-T00003-2024', 44, 0, '', 'Instock', 'T', 'Camry', 'GA', '2023', '30V412', 'E6123', 'Black', 'Black', 'Mandalay', 'Fix', 100000000, 5000000, 50, '', 0, 0, 105000050, 'Cash', '', 0, 0, 1500000, 1, 'SS', '5/HtaPaKha(N)123456', '123', 'Lemyethna', 'Individual', '', '', 3, 'wla', '2024-04-03 13:49:49'),
	(52, '2024-04-04', 'PAL-T00004-2024', 44, 0, '', 'Instock', 'TTTT', 'Beetle', 'G1', '2023', 'V56498', 'E9456165', 'Silver', 'Orange + Black', 'Mandalay', 'Fix', 22000000, 1100000, 1, '', 0, 0, 23100001, 'Cash', '', 0, 0, 1000000, 1, 'SS', '5/HtaPaKha(N)123456', '123', 'Lemyethna', 'Individual', '', '', 3, 'wla', '2024-04-04 10:00:09'),
	(53, '2024-04-04', 'PAL-T00005-2024', 45, 0, '', 'Instock', 'TTTT', 'Beetle', 'G1', '2023', 'V895623', 'E87654', 'Silver', 'Orange + Black', 'Mandalay', 'Fix', 22000000, 1100000, 1, '', 0, 0, 23100001, 'Cash', '', 0, 0, 1000000, 1, 'Sm', '4/HaKhaNa(N)12345', '09999123', 'Kyangin', 'Individual', '', '', 3, 'wla', '2024-04-04 10:00:53'),
	(54, '2024-04-12', 'PAL-G00028-2024', 45, 0, '', 'Preorder', 'Geely', 'BBBBB', 'MMMM', '2023', '123', '123', 'Black', 'Black', 'Mandalay', 'Fix', 45000000, 2250000, 50000, '', 0, 0, 47300000, 'Cash', '', 0, 0, 1000000, 1, 'Sm', '4/HaKhaNa(N)12345', '09999123', 'Kyangin', 'Individual', '', '', 3, 'wla', '2024-04-12 09:18:45'),
	(55, '2024-04-12', 'PAL-G00029-2024', 41, 0, '', 'Production', 'Geely', 'Azkarra', 'GF', '2020', '', '', 'Black', 'Red + Black', 'Mandalay', 'Fix', 50000000, 2500000, 969000, '', 0, 0, 53469000, 'Cash', '', 0, 0, 1000000, 1, 'SM', '9/SaKaTa(N)123456', '1239876543', 'Kyaunggon', 'Individual', '', '', 3, 'wla', '2024-04-12 13:12:53'),
	(56, '2024-05-14', 'PAL-C00001-2024', 45, 0, '', 'Instock', 'CC', 'Sport', 'AT', '2022', '2222222222', '2222222', 'Blue', 'Black', 'Mandalay', 'Fix', 50000000, 1883652, 4443300, 'ttt', 5000000, 1000000, 44000000, 'Cash', '', 0, 0, 1000000, 1, 'Sm', '4/HaKhaNa(N)12345', '09999123', 'Kyangin', 'Individual', '', '', 3, 'wla', '2024-05-14 22:13:09'),
	(57, '2024-05-16', 'PAL-C00002-2024', 44, 0, '', 'Instock', 'CC', 'Sport', 'AT', '2022', 'dasdasd', 'dsadasda', 'Blue', 'Black', 'Mandalay', 'Fix', 50000000, 1883652, 4443300, 'ttt', 5000000, 1000000, 44000000, 'Cash', '', 0, 0, 1000000, 1, 'SS', '5/HtaPaKha(N)123456', '09788888', 'Lemyethna', 'Individual', '', '', 3, 'wla', '2024-05-16 10:49:57'),
	(58, '2024-05-16', 'PAL-C00003-2024', 16, 0, '', 'Instock', 'CC', 'Sport', 'AT', '2022', 'cccccc', 'ccccccc', 'Blue', 'Black', 'Mandalay', 'Fix', 50000000, 2169367, 4443300, '', 0, 0, 50000000, 'Cash', '', 0, 0, 1000000, 1, 'Shelle', '12/AhLaNa(N)000888', '09555444999', 'Hlaing', 'Individual', '', '', 3, 'wla', '2024-05-16 11:26:10'),
	(59, '2024-06-07', 'PAL-C00004-2024', 47, 0, '', 'Instock', 'CC', 'Sport', 'AT', '2022', 'vvvvvv', 'vvvvvvvvvv', 'Blue', 'Black', 'Mandalay', 'Fix', 50000000, 2121748, 4443300, '', 0, 1000000, 49000000, 'Cash', '', 0, 0, 1000000, 1, 'Thazin', '7/KaTaKha(N)123654', '09250035033', 'Hinthada', 'Individual', '', '', 3, 'wla', '2024-06-07 14:28:55'),
	(60, '2024-06-12', 'PAL-G00030-2024', 45, 0, '', 'Preorder', 'Geely', 'Geometry C', 'Highest', '2023', 'V23', 'E6532', 'White', 'Black', 'Mandalay', 'Fix', 127500000, 6069048, 50000, '', 0, 0, 127500000, 'Cash', '', 0, 0, 1000000, 1, 'Sm', '4/HaKhaNa(N)12345', '09999123', 'Kyangin', 'Individual', '', '', 3, 'wla', '2024-06-12 10:13:03');
/*!40000 ALTER TABLE `order` ENABLE KEYS */;

-- Dumping structure for table geely_db1.payment
DROP TABLE IF EXISTS `payment`;
CREATE TABLE IF NOT EXISTS `payment` (
  `id` int(11) NOT NULL AUTO_INCREMENT,
  `oc_no` varchar(50) NOT NULL DEFAULT '',
  `gl_code` varchar(50) NOT NULL DEFAULT '',
  `gl_code_bank_or_cash` varchar(50) NOT NULL DEFAULT '',
  `date` varchar(25) NOT NULL DEFAULT '',
  `paid_by` varchar(100) NOT NULL DEFAULT '',
  `receive_by` varchar(100) NOT NULL DEFAULT '',
  `amount` int(11) NOT NULL DEFAULT 0,
  `description` text NOT NULL,
  `receipt` text NOT NULL,
  `entry_date_time` varchar(50) NOT NULL DEFAULT '',
  PRIMARY KEY (`id`) USING BTREE
) ENGINE=MyISAM AUTO_INCREMENT=105 DEFAULT CHARSET=utf8mb4 COLLATE=utf8mb4_unicode_ci;

-- Dumping data for table geely_db1.payment: 104 rows
/*!40000 ALTER TABLE `payment` DISABLE KEYS */;
INSERT INTO `payment` (`id`, `oc_no`, `gl_code`, `gl_code_bank_or_cash`, `date`, `paid_by`, `receive_by`, `amount`, `description`, `receipt`, `entry_date_time`) VALUES
	(1, 'PAL-G00001-2023', '4013/001', '1000/002', '2023-07-25', '', 'smo', 1000000, 'Deposit (First Payment)', '2023-07-25 15-03-53.png', '2023-07-25 15:03:53'),
	(2, 'PAL-G00001-2023', '4013/001', '1000/002', '2023-07-25', 'Pa Pa', 'smo', 72420020, 'desc test', '2023-07-25 15-04-59.png', '2023-07-25 15:04:59'),
	(3, 'PAL-T00002-2023', '4013/001', 'test code 01', '2023-07-29', '', 'smo', 1000000, 'Deposit (First Payment)', '2023-07-29 19-37-33.png', '2023-07-29 19:37:33'),
	(4, 'PAL-T00001-2023', '4013/002', '3015/003', '2023-07-29', '', 'smo', 1000000, 'Deposit (First Payment)', '2023-07-29 19-43-13.png', '2023-07-29 19:43:13'),
	(5, 'PAL-G00004-2023', '4013/003', 'test code 01', '2023-07-29', '', 'smo', 1000000, 'Deposit (First Payment)', '2023-07-29 19-43-33.png', '2023-07-29 19:43:33'),
	(6, 'PAL-G00003-2023', '4013/002', '3015/004', '2023-07-29', '', 'smo', 1000000, 'Deposit (First Payment)', '2023-07-29 19-43-55.png', '2023-07-29 19:43:55'),
	(7, 'PAL-T00002-2023', '4013/001', '1000/002', '2023-07-29', 'HIHI', 'smo', 85296352, 'TEST', '2023-07-29 19-45-15.png', '2023-07-29 19:45:15'),
	(8, 'PAL-T00002-2023', '4013/002', '1000/002', '2023-07-29', 'ioio', 'smo', 5000000, 'desc', '2023-07-29 20-15-51.png', '2023-07-29 20:15:51'),
	(9, 'PAL-T00001-2023', '4013/002', '1000/002', '2023-07-29', 'cc', 'smo', 11550000, 'dest', '2023-07-29 20-22-36.png', '2023-07-29 20:22:36'),
	(10, 'PAL-G00004-2023', '4013/001', 'test code 01', '2023-07-29', '36,750,010', 'smo', 36750010, 'test', '2023-07-29 20-58-32.png', '2023-07-29 20:58:32'),
	(11, 'PAL-G00003-2023', '4013/003', '3015/003', '2023-07-29', 'cc', 'smo', 24166673, 'desc', '2023-07-29 21-01-38.png', '2023-07-29 21:01:38'),
	(12, 'PAL-G00003-2023', '4013/003', '3015/004', '2023-07-29', 'cc', 'smo', 24166673, 'tst', '2023-07-29 21-02-13.png', '2023-07-29 21:02:13'),
	(13, 'PAL-T00002-2023', '4013/001', '1000/002', '2023-07-29', 'ko', 'smo', 12703658, 'test', '2023-07-29 22-07-17.png', '2023-07-29 22:07:17'),
	(14, 'PAL-T00001-2023', '4013/002', '3015/003', '2023-07-29', 'cc', 'smo', 9550001, 'test', '2023-07-29 22-08-10.png', '2023-07-29 22:08:10'),
	(15, 'PAL-G00004-2023', '4013/003', '1000/004', '2023-07-29', 'vv', 'smo', 34750010, 'test', '2023-07-29 22-09-04.png', '2023-07-29 22:09:04'),
	(16, 'PAL-G00003-2023', '4013/002', 'test code 01', '2023-07-29', 'oop', 'smo', 23166674, 'test', '2023-07-29 22-10-18.png', '2023-07-29 22:10:18'),
	(17, 'PAL-G00003-2023', '4013/002', '1000/004', '2023-07-29', 'koko', 'smo', 1000000, 'etstc', '2023-07-29 22-24-37.png', '2023-07-29 22:24:37'),
	(18, 'PAL-T00002-2023', '4013/003', '1000/004', '2023-07-29', 'smo', 'smo', 1000000, 'test', '2023-07-29 22-26-55.png', '2023-07-29 22:26:55'),
	(19, 'PAL-T00001-2023', '4013/002', '1000/004', '2023-07-29', 'test', 'smo', 1000000, 'test', '2023-07-29 22-27-40.png', '2023-07-29 22:27:40'),
	(20, 'PAL-G00004-2023', '4013/002', '1000/001', '2023-07-29', 'ko hla', 'smo', 1000000, 'test', '2023-07-29 22-29-01.png', '2023-07-29 22:29:01'),
	(21, 'PAL-G00006-2023', '4013/003', 'test code 01', '2023-08-16', '', 'smo', 1000000, 'Deposit (First Payment)', '2023-08-16 10-29-08.jpg', '2023-08-16 10:29:08'),
	(22, 'PAL-G00006-2023', '4013/003', 'test code 01', '2023-08-16', 'pa pa', 'smo', 101624000, 'testing', '2023-08-16 10-29-43.jpg', '2023-08-16 10:29:43'),
	(23, 'PAL-G00007-2023', '4013/001', '1000/001', '2023-08-24', '', 'smo', 1000000, 'Deposit (First Payment)', '2023-08-24 17-05-28.jpg', '2023-08-24 17:05:28'),
	(24, 'PAL-G00008-2023', '4013/001', '1000/001', '2023-09-18', '', 'smo', 1000000, 'Deposit (First Payment)', '2023-09-18 14-43-15.jpg', '2023-09-18 14:43:15'),
	(25, 'PAL-G00007-2023', '4013/003', '1000/002', '2023-10-18', 'c', 'smo', 101614000, '', '2023-10-18 09-27-50.jpg', '2023-10-18 09:27:50'),
	(26, 'PAL-G00009-2023', '4013/001', '1000/001', '2023-12-06', 'aa', 'smo', 1000000, 'qweq', '2023-12-06 09-45-52.jpg', '2023-12-06 09:45:52'),
	(27, 'PAL-G00009-2023', '4013/003', '1000/001', '2023-12-06', 'ggg', 'smo', 52469000, 'ggg', '2023-12-06 09-46-45.jpg', '2023-12-06 09:46:45'),
	(28, 'PAL-G00008-2023', '4013/003', '1000/002', '2023-12-15', 'customer', 'smo', 50000000, '', '2023-12-15 03-59-46.jpg', '2023-12-15 03:59:46'),
	(29, 'PAL-G00011-2023', '4013/001', '1000/002', '2023-12-15', '', 'smo', 1000000, 'Deposit (First Payment)', '2023-12-15 14-43-02.jpg', '2023-12-15 14:43:02'),
	(30, 'PAL-G00011-2023', '4013/003', '1000/002', '2023-12-15', 'customer', 'smo', 6300000, '', '2023-12-15 14-50-25.jpg', '2023-12-15 14:50:25'),
	(31, 'PAL-G00010-2023', '4013/001', '1000/002', '2023-12-20', '', 'smo', 1000000, 'Deposit (First Payment)', '2023-12-20 10-45-51.jpg', '2023-12-20 10:45:51'),
	(32, 'PAL-G00010-2023', '4013/003', '1000/002', '2023-12-20', 'customer', 'smo', 52469000, '', '2023-12-20 10-46-40.jpg', '2023-12-20 10:46:40'),
	(33, 'PAL-G00011-2023', '4013/003', '1000/004', '2023-12-21', 'customer', 'smo', 40000000, 'Payment', '2023-12-21 09-50-02.png', '2023-12-21 09:50:02'),
	(34, 'PAL-G00008-2023', '4013/003', '3015/004', '2023-12-26', 'test', 'smo', 49000, '', '2023-12-26 16-40-00.jpg', '2023-12-26 16:40:00'),
	(35, 'PAL-G00013-2023', '4013/001', '1000/001', '2023-12-29', '', 'smo', 3000000, 'Deposit (First Payment)', '2023-12-29 00-59-44.jpg', '2023-12-29 00:59:44'),
	(36, 'PAL-T00004-2023', '4013/001', '1000/001', '2023-12-29', '', 'smo', 1000000, 'Deposit (First Payment)', '2023-12-29 01-03-53.jpg', '2023-12-29 01:03:53'),
	(37, 'PAL-C00001-2023', '4013/003', '1000/001', '2023-12-29', 'customer', 'smo', 116500000, '', '2023-12-29 01-35-11.jpg', '2023-12-29 01:35:11'),
	(38, 'PAL-G00013-2023', '4013/003', '1000/001', '2023-12-29', 'dd', 'smo', 44300000, '', '2023-12-29 01-38-57.jpg', '2023-12-29 01:38:57'),
	(39, 'PAL-C00002-2023', '4013/003', '1000/001', '2023-12-29', 'customer', 'smo', 116500000, '', '2023-12-29 10-56-00.jpg', '2023-12-29 10:56:00'),
	(40, 'PAL-T00002-2024', '4013/001', '1000/001', '2024-01-04', '', 'smo', 3000000, 'Deposit (First Payment)', '2024-01-04 13-46-48.jpg', '2024-01-04 13:46:48'),
	(41, 'PAL-T00002-2024', '4013/003', '1000/001', '2024-01-05', 'cc', 'smo', 300000, 'payment', '2024-01-05 10-08-53.jpg', '2024-01-05 10:08:53'),
	(42, 'PAL-G00001-2024', '4013/001', '1000/001', '2024-01-05', '', 'smo', 4000000, 'Deposit (First Payment)', '2024-01-05 10-43-29.jpg', '2024-01-05 10:43:29'),
	(43, 'PAL-G00001-2024', '4013/003', '1000/001', '2024-01-05', 'test', 'smo', 43300000, '', '2024-01-05 10-44-31.jpg', '2024-01-05 10:44:31'),
	(44, 'PAL-G00003-2024', '4013/001', '1000/004', '2024-03-11', '', 'smo', 1000000, 'Deposit (First Payment)', '2024-03-11 13-45-46.jpg', '2024-03-11 13:45:46'),
	(45, 'PAL-G00003-2024', '4013/003', '3015/003', '2024-03-11', 'ddd', 'smo', 51500000, '', '2024-03-11 13-47-47.jpg', '2024-03-11 13:47:47'),
	(46, 'PAL-G00012-2023', '4013/001', '1000/001', '2024-03-11', '', 'smo', 0, 'Deposit (First Payment)', '2024-03-11 14-00-14.jpg', '2024-03-11 14:00:14'),
	(47, 'PAL-G00004-2024', '4013/003', '3015/005', '2024-03-11', 'dd', 'smo', 53461000, '123', '2024-03-11 14-44-37.jpg', '2024-03-11 14:44:37'),
	(48, 'PAL-G00005-2024', '4013/003', 'test 2', '2024-03-15', 'sss', 'smo', 52550000, '', '2024-03-15 10-26-20.jpg', '2024-03-15 10:26:20'),
	(49, 'PAL-G00006-2024', '4013/003', '111/11', '2024-03-15', 'customer', 'smo', 73650000, 'Payment', '2024-03-15 11-37-26.jpg', '2024-03-15 11:37:26'),
	(50, 'PAL-G00004-2024', '4013/001', '1000/001', '2024-03-20', 'TestingSm', 'smo', 3000, '', '2024-03-20 11-16-08.PNG', '2024-03-20 11:16:08'),
	(51, 'PAL-G00004-2024', '4013/002', '1000/004', '2024-03-20', 'Test', 'smo', 5000, 'testing', '2024-03-20 11-18-36.jpg', '2024-03-20 11:18:36'),
	(52, 'PAL-G00012-2023', '4013/002', '1000/001', '2024-03-20', 'Testing Sm', 'smo', 2000000, '', '2024-03-20 11-36-49.PNG', '2024-03-20 11:36:49'),
	(53, 'PAL-G00007-2023', '4013/001', '1004', '2024-03-21', 'TestSm', 'smo', 10000, '', '2024-03-21 10-13-40.jpg', '2024-03-21 10:13:40'),
	(54, 'PAL-G00008-2024', '4013/001', '1004', '2024-03-21', '', 'smo', 1000000, 'Deposit (First Payment)', '2024-03-21 11-24-17.PNG', '2024-03-21 11:24:17'),
	(55, 'PAL-G00008-2024', '4013/001', '1004', '2024-03-21', 'TestSm', 'smo', 132925000, 'testing', '2024-03-21 11-32-12.PNG', '2024-03-21 11:32:12'),
	(56, 'PAL-G00009-2024', '4013/001', '1004', '2024-03-21', '', 'smo', 3000000, 'Deposit (First Payment)', '2024-03-21 13-46-10.PNG', '2024-03-21 13:46:10'),
	(57, 'PAL-G00009-2024', '4013/001', '1004', '2024-03-21', 'testingSm', 'smo', 300000, '', '2024-03-21 14-26-07.jpg', '2024-03-21 14:26:07'),
	(58, 'PAL-G00009-2024', '4013/001', '1004', '2024-03-21', 'test', 'smo', 70350000, 'test', '2024-03-21 14-28-06.jpg', '2024-03-21 14:28:06'),
	(59, 'PAL-G00014-2024', '4013/001', '1007', '2024-03-22', '', 'smo', 1500000, 'Deposit (First Payment)', '2024-03-22 13-27-13.PNG', '2024-03-22 13:27:13'),
	(60, 'PAL-G00014-2024', '4013/001', '1007', '2024-03-22', 'Test SM', 'smo', 2000000, '', '2024-03-22 14-09-47.PNG', '2024-03-22 14:09:47'),
	(61, 'PAL-G00014-2024', '4013/001', '1003', '2024-03-22', 'Test SM', 'smo', 50000, '', '2024-03-22 14-15-21.PNG', '2024-03-22 14:15:21'),
	(62, 'PAL-G00014-2024', '4013/001', '1007', '2024-03-22', 'Test Sm', 'smo', 5100000, '', '2024-03-22 14-19-52.PNG', '2024-03-22 14:19:52'),
	(63, 'PAL-G00014-2024', '4013/001', '1007', '2024-03-22', 'Test SM', 'smo', 65000000, '', '2024-03-22 14-20-34.jpg', '2024-03-22 14:20:34'),
	(64, 'PAL-G00013-2024', '4013/003', '1000/001', '2024-03-24', 'test', 'smo', 50000, '', '2024-03-24 23-48-28.jpg', '2024-03-24 23:48:28'),
	(65, 'PAL-G00015-2024', '4013/001', '1000/001', '2024-03-25', '', 'smo', 1000000, 'Deposit (First Payment)', '2024-03-25 00-19-24.jpg', '2024-03-25 00:19:24'),
	(66, 'PAL-G00016-2024', '4013/003', '999/111', '2024-03-25', 'Customer', 'smo', 84969000, 'Payment', '2024-03-25 11-59-19.jpg', '2024-03-25 11:59:19'),
	(67, 'PAL-G00017-2024', '4013/001', '1004', '2024-03-29', '', 'smo', 1500000, 'Deposit (First Payment)', '2024-03-29 16-05-11.PNG', '2024-03-29 16:05:11'),
	(68, 'PAL-G00017-2024', '4013/001', '1009', '2024-03-29', 'Sm', 'smo', 10000000, 'First Payment', '2024-03-29 16-07-13.PNG', '2024-03-29 16:07:13'),
	(69, 'PAL-G00017-2024', '4013/001', '1009', '2024-03-29', 'Sm', 'smo', 20000000, 'Second Payment', '2024-03-29 16-09-09.PNG', '2024-03-29 16:09:09'),
	(70, 'PAL-G00018-2024', '4013/001', '1010', '2024-04-01', '', 'smo', 1500000, 'Deposit (First Payment)', '2024-04-01 11-25-17.PNG', '2024-04-01 11:25:17'),
	(71, 'PAL-G00018-2024', '4013/001', '1010', '2024-04-01', 'Sm', 'smo', 1000000, '', '2024-04-01 11-58-31.PNG', '2024-04-01 11:58:31'),
	(72, 'PAL-G00011-2024', '4013/001', '1000/002', '2024-04-01', '', 'smo', 2500000, 'Deposit (First Payment)', '2024-04-01 15-02-35.jpg', '2024-04-01 15:02:35'),
	(73, 'PAL-G00022-2024', '4013/001', '1010', '2024-04-02', '', 'smo', 1000000, 'Deposit (First Payment)', '2024-04-02 15-51-32.PNG', '2024-04-02 15:51:32'),
	(74, 'PAL-G00025-2024', '4013/001', '1004', '2024-04-03', '', 'smo', 1000000, 'Deposit (First Payment)', '2024-04-03 11-10-00.PNG', '2024-04-03 11:10:00'),
	(75, 'PAL-G00020-2024', '4013/001', '1006', '2024-04-03', '', 'smo', 1000000, 'Deposit (First Payment)', '2024-04-03 11-28-16.PNG', '2024-04-03 11:28:16'),
	(76, 'PAL-G00025-2024', '4013/001', '1006', '2024-04-03', 'Sm', 'smo', 500000, '', '2024-04-03 11-30-23.PNG', '2024-04-03 11:30:23'),
	(77, 'PAL-G00027-2024', '4013/001', '1004', '2024-04-03', '', 'smo', 1000000, 'Deposit (First Payment)', '2024-04-03 13-42-00.PNG', '2024-04-03 13:42:00'),
	(78, 'PAL-G00027-2024', '4013/001', '1004', '2024-04-03', '', 'smo', 1000000, 'Deposit (First Payment)', '2024-04-03 13-43-25.PNG', '2024-04-03 13:43:25'),
	(79, 'PAL-G00027-2024', '4013/001', '1004', '2024-04-03', 'Sm', 'smo', 500000, '', '2024-04-03 13-47-54.PNG', '2024-04-03 13:47:54'),
	(80, 'PAL-T00003-2024', '4013/001', '1006', '2024-04-03', '', 'smo', 1500000, 'Deposit (First Payment)', '2024-04-03 13-59-13.PNG', '2024-04-03 13:59:13'),
	(81, 'PAL-T00003-2024', '4013/002', '1006', '2024-04-03', 'Sm', 'smo', 1000000, 'test', '2024-04-03 14-00-09.PNG', '2024-04-03 14:00:09'),
	(82, 'PAL-T00003-2024', '4013/003', '1006', '2024-04-03', 'Sm', 'smo', 500000, '', '2024-04-03 14-01-58.PNG', '2024-04-03 14:01:58'),
	(83, 'PAL-G00026-2024', '4013/001', '1006', '2024-04-03', '', 'smo', 1000000, 'Deposit (First Payment)', '2024-04-03 14-48-10.PNG', '2024-04-03 14:48:10'),
	(84, 'PAL-G00026-2024', '4013/003', '1006', '2024-04-03', 'Sm', 'smo', 500000, 'test', '2024-04-03 14-49-30.PNG', '2024-04-03 14:49:30'),
	(85, 'PAL-G00026-2024', '4013/002', '1006', '2024-04-03', 'Sm', 'smo', 100000, 'test', '2024-04-03 14-50-53.jpg', '2024-04-03 14:50:53'),
	(86, 'PAL-G00023-2024', '4013/001', '1004', '2024-04-03', '', 'smo', 1000000, 'Deposit (First Payment)', '2024-04-03 15-00-50.PNG', '2024-04-03 15:00:50'),
	(87, 'PAL-G00023-2024', '4013/002', '1004', '2024-04-03', 'Test', 'smo', 10000000, '', '2024-04-03 15-02-01.jpg', '2024-04-03 15:02:01'),
	(88, 'PAL-G00027-2024', '4013/001', '1011', '2024-04-03', 'test', 'smo', 214000, 'test', '2024-04-03 16-19-26.PNG', '2024-04-03 16:19:26'),
	(89, 'PAL-T00004-2024', '4013/001', '1004', '2024-04-04', '', 'smo', 1000000, 'Deposit (First Payment)', '2024-04-04 10-06-46.PNG', '2024-04-04 10:06:46'),
	(90, 'PAL-T00004-2024', '4013/001', '1011', '2024-04-04', 'SM', 'smo', 100000, '', '2024-04-04 10-09-31.PNG', '2024-04-04 10:09:31'),
	(91, 'PAL-G00024-2024', '4013/001', '1003', '2024-04-04', '', 'smo', 1500000, 'Deposit (First Payment)', '2024-04-04 11-02-01.jpg', '2024-04-04 11:02:01'),
	(92, 'PAL-G00019-2024', '4013/001', '1004', '2024-04-04', '', 'smo', 1000000, 'Deposit (First Payment)', '2024-04-04 13-43-16.PNG', '2024-04-04 13:43:16'),
	(93, 'PAL-G00012-2024', '4013/001', '1004', '2024-04-04', 'Sm', 'smo', 100000, '', '2024-04-04 14-47-57.PNG', '2024-04-04 14:47:57'),
	(94, 'PAL-G00012-2024', '4013/001', '1006', '2024-04-04', 'Sm', 'smo', 100000, '', '2024-04-04 14-52-00.PNG', '2024-04-04 14:52:00'),
	(95, 'PAL-T00004-2024', '4013/001', '1009', '2024-04-12', 'test', 'smo', 22000001, '', '2024-04-12 09-52-44.PNG', '2024-04-12 09:52:44'),
	(96, 'PAL-T00003-2024', '4013/001', '1004', '2024-04-12', 'SM', 'smo', 102000050, '', '2024-04-12 09-58-11.PNG', '2024-04-12 09:58:11'),
	(97, 'PAL-C00001-2024', '4013/001', '987987', '2024-06-07', '', 'smo', 1000000, 'Deposit (First Payment)', '2024-06-07 15-56-44.PNG', '2024-06-07 15:56:44'),
	(98, 'PAL-G00024-2024', '4013/001', '1011', '2024-06-07', 'Sm', 'smo', 1000000, '', '2024-06-07 16-00-27.PNG', '2024-06-07 16:00:27'),
	(99, 'PAL-G00017-2024', '4013/002', '1005', '2024-06-07', 'sm', 'smo', 1000000, '', '2024-06-07 16-27-41.PNG', '2024-06-07 16:27:41'),
	(100, 'PAL-C00004-2024', '4013/001', '987654', '2024-06-10', '', 'smo', 1000000, 'Deposit (First Payment)', '2024-06-10 11-54-29.PNG', '2024-06-10 11:54:29'),
	(101, 'PAL-C00004-2024', '4013/002', '9715', '2024-06-10', 'Sm', 'smo', 500000, '', '2024-06-10 16-32-49.jpg', '2024-06-10 16:32:49'),
	(102, 'PAL-C00004-2024', '4013/002', '9715', '2024-06-10', 'Sm', 'smo', 1500000, '', '2024-06-10 16-33-46.PNG', '2024-06-10 16:33:46'),
	(103, 'PAL-T00004-2023', '4013/003', '1010', '2024-06-27', 'pa pa', 'smo', 2000, 'testing', '2024-06-27 19-48-12.png', '2024-06-27 19:48:12'),
	(104, 'PAL-C00001-2024', '4013/002', '1005', '2024-07-04', 'Sm', 'smo', 10000, '', '2024-07-04 13-39-14.jpg', '2024-07-04 13:39:14');
/*!40000 ALTER TABLE `payment` ENABLE KEYS */;

-- Dumping structure for table geely_db1.payment_percent
DROP TABLE IF EXISTS `payment_percent`;
CREATE TABLE IF NOT EXISTS `payment_percent` (
  `id` int(11) NOT NULL AUTO_INCREMENT,
  `payment_percent` int(11) NOT NULL DEFAULT 0,
  PRIMARY KEY (`id`) USING BTREE
) ENGINE=InnoDB AUTO_INCREMENT=10 DEFAULT CHARSET=utf8mb4 COLLATE=utf8mb4_unicode_ci;

-- Dumping data for table geely_db1.payment_percent: ~8 rows (approximately)
INSERT INTO `payment_percent` (`id`, `payment_percent`) VALUES
	(1, 10),
	(2, 20),
	(3, 30),
	(4, 40),
	(5, 50),
	(6, 60),
	(7, 70),
	(8, 80),
	(9, 90);

-- Dumping structure for table geely_db1.payment_term
DROP TABLE IF EXISTS `payment_term`;
CREATE TABLE IF NOT EXISTS `payment_term` (
  `id` int(11) NOT NULL AUTO_INCREMENT,
  `payment_term` varchar(255) NOT NULL DEFAULT '',
  PRIMARY KEY (`id`)
) ENGINE=InnoDB AUTO_INCREMENT=12 DEFAULT CHARSET=utf8mb4 COLLATE=utf8mb4_unicode_ci;

-- Dumping data for table geely_db1.payment_term: ~5 rows (approximately)
INSERT INTO `payment_term` (`id`, `payment_term`) VALUES
	(7, '12'),
	(8, '24'),
	(9, '36'),
	(10, '48'),
	(11, '60');

-- Dumping structure for table geely_db1.pdi_check_list
DROP TABLE IF EXISTS `pdi_check_list`;
CREATE TABLE IF NOT EXISTS `pdi_check_list` (
  `id` int(11) NOT NULL AUTO_INCREMENT,
  `oc_no` varchar(50) NOT NULL DEFAULT '',
  `cl_1` varchar(10) NOT NULL DEFAULT '',
  `cl_2` varchar(10) NOT NULL DEFAULT '',
  `cl_3` varchar(10) NOT NULL DEFAULT '',
  `cl_4` varchar(10) NOT NULL DEFAULT '',
  `cl_5` varchar(10) NOT NULL DEFAULT '',
  `cl_6` varchar(10) NOT NULL DEFAULT '',
  `cl_7` varchar(10) NOT NULL DEFAULT '',
  `cl_8` varchar(10) NOT NULL DEFAULT '',
  `cl_9` varchar(10) NOT NULL DEFAULT '',
  `cl_10` varchar(10) NOT NULL DEFAULT '',
  `cl_11` varchar(10) NOT NULL DEFAULT '',
  `cl_12` varchar(10) NOT NULL DEFAULT '',
  `cl_13` varchar(10) NOT NULL DEFAULT '',
  `cl_14` varchar(10) NOT NULL DEFAULT '',
  `cl_15` varchar(10) NOT NULL DEFAULT '',
  `cl_16` varchar(10) NOT NULL DEFAULT '',
  `cl_17` varchar(10) NOT NULL DEFAULT '',
  `cl_18` varchar(10) NOT NULL DEFAULT '',
  `cl_19` varchar(10) NOT NULL DEFAULT '',
  `cl_20` varchar(10) NOT NULL DEFAULT '',
  `cl_21` varchar(10) NOT NULL DEFAULT '',
  `cl_22` varchar(10) NOT NULL DEFAULT '',
  `cl_23` varchar(10) NOT NULL DEFAULT '',
  `cl_24` varchar(10) NOT NULL DEFAULT '',
  `cl_25` varchar(10) NOT NULL DEFAULT '',
  `cl_26` varchar(10) NOT NULL DEFAULT '',
  `cl_27` varchar(10) NOT NULL DEFAULT '',
  `cl_28` varchar(10) NOT NULL DEFAULT '',
  `cl_29` varchar(10) NOT NULL DEFAULT '',
  `cl_30` varchar(10) NOT NULL DEFAULT '',
  `cl_31` varchar(10) NOT NULL DEFAULT '',
  `cl_32` varchar(10) NOT NULL DEFAULT '',
  `cl_33` varchar(10) NOT NULL DEFAULT '',
  `cl_34` varchar(10) NOT NULL DEFAULT '',
  `cl_35` varchar(10) NOT NULL DEFAULT '',
  `cl_36` varchar(10) NOT NULL DEFAULT '',
  `cl_37` varchar(10) NOT NULL DEFAULT '',
  `cl_38` varchar(10) NOT NULL DEFAULT '',
  `cl_39` varchar(10) NOT NULL DEFAULT '',
  `cl_40` varchar(10) NOT NULL DEFAULT '',
  `cl_41` varchar(10) NOT NULL DEFAULT '',
  `cl_42` varchar(10) NOT NULL DEFAULT '',
  `cl_43` varchar(10) NOT NULL DEFAULT '',
  `cl_44` varchar(10) NOT NULL DEFAULT '',
  `cl_45` varchar(10) NOT NULL DEFAULT '',
  `cl_46` varchar(10) NOT NULL DEFAULT '',
  `cl_47` varchar(10) NOT NULL DEFAULT '',
  `cl_48` varchar(10) NOT NULL DEFAULT '',
  `cl_49` varchar(10) NOT NULL DEFAULT '',
  `cl_50` varchar(10) NOT NULL DEFAULT '',
  `cl_51` varchar(10) NOT NULL DEFAULT '',
  `cl_52` varchar(10) NOT NULL DEFAULT '',
  `cl_53` varchar(10) NOT NULL DEFAULT '',
  `cl_54` varchar(10) NOT NULL DEFAULT '',
  `cl_55` varchar(10) NOT NULL DEFAULT '',
  `cl_56` varchar(10) NOT NULL DEFAULT '',
  `cl_57` varchar(10) NOT NULL DEFAULT '',
  `cl_58` varchar(10) NOT NULL DEFAULT '',
  `cl_59` varchar(10) NOT NULL DEFAULT '',
  `cl_60` varchar(10) NOT NULL DEFAULT '',
  `cl_61` varchar(10) NOT NULL DEFAULT '',
  `cl_62` varchar(10) NOT NULL DEFAULT '',
  `cl_63` varchar(10) NOT NULL DEFAULT '',
  `cl_64` varchar(10) NOT NULL DEFAULT '',
  `cl_65` varchar(10) NOT NULL DEFAULT '',
  `cl_66` varchar(10) NOT NULL DEFAULT '',
  `cl_67` varchar(10) NOT NULL DEFAULT '',
  `cl_68` varchar(10) NOT NULL DEFAULT '',
  `cl_69` varchar(10) NOT NULL DEFAULT '',
  `cl_70` varchar(10) NOT NULL DEFAULT '',
  `cl_71` varchar(10) NOT NULL DEFAULT '',
  `cl_72` varchar(10) NOT NULL DEFAULT '',
  `cl_73` varchar(10) NOT NULL DEFAULT '',
  `cl_74` varchar(10) NOT NULL DEFAULT '',
  `cl_75` varchar(10) NOT NULL DEFAULT '',
  `cl_76` varchar(10) NOT NULL DEFAULT '',
  `cl_77` varchar(10) NOT NULL DEFAULT '',
  `cl_78` varchar(255) NOT NULL DEFAULT '',
  `cl_79` varchar(255) NOT NULL DEFAULT '',
  `cl_80` varchar(255) NOT NULL DEFAULT '',
  `cl_81` varchar(255) NOT NULL DEFAULT '',
  `cl_82` varchar(255) NOT NULL DEFAULT '',
  `cl_83` varchar(255) NOT NULL DEFAULT '',
  `cl_84` varchar(255) NOT NULL DEFAULT '',
  `cl_85` varchar(255) NOT NULL DEFAULT '',
  `cl_86` varchar(255) NOT NULL DEFAULT '',
  `entry_by` varchar(100) NOT NULL DEFAULT '',
  `entry_date_time` varchar(25) NOT NULL DEFAULT '',
  PRIMARY KEY (`id`) USING BTREE
) ENGINE=InnoDB AUTO_INCREMENT=8 DEFAULT CHARSET=utf8mb4 COLLATE=utf8mb4_unicode_ci;

-- Dumping data for table geely_db1.pdi_check_list: ~5 rows (approximately)
INSERT INTO `pdi_check_list` (`id`, `oc_no`, `cl_1`, `cl_2`, `cl_3`, `cl_4`, `cl_5`, `cl_6`, `cl_7`, `cl_8`, `cl_9`, `cl_10`, `cl_11`, `cl_12`, `cl_13`, `cl_14`, `cl_15`, `cl_16`, `cl_17`, `cl_18`, `cl_19`, `cl_20`, `cl_21`, `cl_22`, `cl_23`, `cl_24`, `cl_25`, `cl_26`, `cl_27`, `cl_28`, `cl_29`, `cl_30`, `cl_31`, `cl_32`, `cl_33`, `cl_34`, `cl_35`, `cl_36`, `cl_37`, `cl_38`, `cl_39`, `cl_40`, `cl_41`, `cl_42`, `cl_43`, `cl_44`, `cl_45`, `cl_46`, `cl_47`, `cl_48`, `cl_49`, `cl_50`, `cl_51`, `cl_52`, `cl_53`, `cl_54`, `cl_55`, `cl_56`, `cl_57`, `cl_58`, `cl_59`, `cl_60`, `cl_61`, `cl_62`, `cl_63`, `cl_64`, `cl_65`, `cl_66`, `cl_67`, `cl_68`, `cl_69`, `cl_70`, `cl_71`, `cl_72`, `cl_73`, `cl_74`, `cl_75`, `cl_76`, `cl_77`, `cl_78`, `cl_79`, `cl_80`, `cl_81`, `cl_82`, `cl_83`, `cl_84`, `cl_85`, `cl_86`, `entry_by`, `entry_date_time`) VALUES
	(1, 'PAL-G00001-2023', '1|1', '1|1', '1|1', '0|0', '0|0', '0|0', '0|0', '1|1', '0|0', '0|0', '0|0', '0|0', '0|0', '0|0', '0|0', '0|0', '0|0', '1|1', '0|0', '0|0', '0|0', '0|0', '0|0', '0|0', '0|0', '0|0', '0|0', '0|0', '0|0', '0|0', '0|0', '0|0', '0|0', '0|0', '0|0', '0|0', '0|0', '0|0', '0|0', '0|0', '0|0', '0|0', '0|0', '0|0', '0|0', '0|0', '0|0', '0|0', '0|0', '0|0', '0|0', '0|0', '1|1', '0|0', '0|0', '0|0', '0|0', '0|0', '0|0', '0|0', '0|0', '0|0', '0|0', '0|0', '0|0', '0|0', '0|0', '0|0', '0|0', '0|0', '0|0', '0|0', '0|0', '1|1', '0|0', '0|0', '0|0', './upload/PAL-G00001-2023/car-sheet-78.png', '', '', '', '', '', '', '', '2023-07-25', 'osd', '2023-07-25 15:40:33'),
	(2, 'PAL-T00002-2023', '1|0', '0|1', '0|0', '0|0', '0|0', '0|0', '0|0', '0|0', '1|0', '0|0', '0|1', '0|1', '0|0', '0|0', '1|0', '1|0', '0|1', '0|0', '0|1', '0|0', '0|0', '0|0', '0|0', '0|0', '0|1', '1|0', '0|0', '0|0', '0|0', '0|0', '0|0', '0|0', '1|0', '0|0', '0|0', '0|0', '0|0', '0|1', '0|0', '0|0', '0|0', '0|0', '0|0', '0|0', '1|0', '0|0', '0|0', '0|1', '0|0', '0|0', '1|0', '0|0', '1|0', '0|0', '0|1', '0|1', '0|0', '0|0', '0|1', '0|0', '0|0', '0|0', '0|0', '1|0', '0|0', '0|1', '0|0', '0|0', '0|0', '1|0', '1|1', '0|0', '0|0', '0|1', '0|0', '0|0', '1|0', './upload/PAL-T00002-2023/car-sheet-78.png', 'JC5678', 'EN6543', 'KOKO', 'PP', 'V9634', 'FDSAF9965', 'GEELY', '2023-07-30', 'osd', '2023-07-30 23:47:49'),
	(3, 'PAL-T00001-2023', '1|0', '0|1', '0|0', '1|0', '0|1', '0|0', '0|0', '1|0', '0|0', '0|0', '0|1', '0|0', '0|0', '0|0', '1|0', '0|0', '0|1', '0|0', '1|0', '0|0', '0|0', '0|0', '0|0', '1|0', '0|0', '0|0', '0|1', '0|0', '0|0', '0|0', '0|0', '0|0', '0|0', '0|0', '0|1', '0|0', '0|0', '0|0', '1|0', '0|0', '0|0', '0|0', '0|0', '0|1', '0|0', '0|0', '1|1', '0|0', '0|1', '0|0', '1|0', '0|0', '0|0', '1|0', '0|0', '0|1', '0|0', '0|0', '0|1', '0|0', '0|0', '0|0', '1|1', '0|0', '0|0', '0|0', '0|1', '0|0', '0|0', '0|0', '0|1', '1|0', '0|0', '0|1', '0|0', '0|1', '1|0', './upload/PAL-T00001-2023/car-sheet-78.png', 'JC963', 'TEST', 'TEST', 'TEST', 'TEST', 'TESTsfda', 'TEST', '2023-07-30', 'osd', '2023-07-30 23:48:55'),
	(4, 'PAL-G00004-2023', '1|0', '0|1', '0|0', '1|0', '0|0', '0|0', '0|0', '0|1', '1|0', '0|0', '0|0', '0|1', '0|0', '0|0', '0|0', '0|0', '0|0', '1|0', '0|0', '0|1', '0|0', '0|0', '0|0', '1|0', '0|0', '0|0', '0|0', '0|0', '0|1', '0|0', '0|0', '0|1', '0|0', '0|0', '0|0', '1|0', '0|0', '0|0', '0|1', '0|0', '1|0', '0|0', '0|0', '0|0', '1|0', '0|0', '0|0', '0|0', '0|1', '0|0', '1|0', '0|0', '0|1', '0|0', '1|0', '0|0', '0|0', '0|1', '0|0', '1|0', '1|0', '0|1', '0|0', '0|1', '0|0', '1|0', '0|0', '0|1', '0|0', '1|0', '0|1', '0|0', '1|0', '0|0', '1|1', '0|0', '0|0', './upload/PAL-G00004-2023/car-sheet-78.png', 'TEST', 'TEST', 'TEST', 'TEST', 'TEST', 'TEST', 'TEST', '2023-07-30', 'osd', '2023-07-30 23:50:38'),
	(5, 'PAL-G00003-2023', '1|0', '0|0', '1|0', '0|0', '0|1', '0|0', '0|0', '1|0', '0|0', '0|0', '0|0', '0|1', '0|0', '0|0', '0|1', '0|0', '0|0', '1|0', '0|0', '0|0', '0|1', '0|0', '0|0', '1|0', '0|0', '0|0', '0|1', '0|0', '0|0', '0|0', '0|1', '0|0', '0|0', '0|0', '0|0', '0|0', '1|0', '0|0', '0|0', '0|0', '0|0', '0|0', '0|0', '0|0', '0|1', '0|0', '0|0', '0|1', '0|0', '0|0', '1|0', '0|0', '0|0', '0|1', '0|0', '0|0', '0|1', '0|0', '1|0', '0|0', '1|0', '0|0', '0|0', '0|1', '0|0', '0|0', '0|1', '0|0', '1|0', '0|0', '1|0', '0|0', '1|0', '1|0', '0|1', '0|0', '0|1', '', 'TEST', 'TEST', 'TEST', 'TEST', 'TEST', 'TEST', 'TEST', '2023-07-30', 'osd', '2023-07-30 23:53:18'),
	(6, 'PAL-G00006-2023', '0|0', '0|0', '0|0', '0|0', '0|0', '0|0', '0|0', '0|0', '0|0', '0|0', '0|0', '0|0', '0|0', '0|0', '0|0', '0|0', '0|0', '0|0', '0|0', '0|0', '0|0', '0|0', '0|0', '0|0', '0|0', '0|0', '0|0', '0|0', '0|0', '0|0', '0|0', '0|0', '0|0', '0|0', '0|0', '0|0', '0|0', '0|0', '0|0', '0|0', '0|0', '0|0', '0|0', '0|0', '0|0', '0|0', '0|0', '0|0', '0|0', '0|0', '0|0', '0|0', '0|0', '0|0', '0|0', '0|0', '0|0', '0|0', '0|0', '0|0', '0|0', '0|0', '0|0', '0|0', '0|0', '0|0', '0|0', '0|0', '0|0', '0|0', '0|0', '0|0', '0|0', '0|0', '0|0', '0|0', '0|0', './upload/PAL-G00006-2023/car-sheet-78.png', '', '', '', '', '', '', '', '2023-08-16', 'osd', '2023-08-16 11:04:52'),
	(7, 'PAL-G00007-2023', '0|0', '0|0', '0|0', '0|0', '0|0', '0|0', '0|0', '0|0', '0|0', '0|0', '0|0', '0|0', '0|0', '0|0', '0|0', '0|0', '0|0', '0|0', '0|0', '0|0', '0|0', '0|0', '0|0', '0|0', '0|0', '0|1', '0|1', '0|0', '0|0', '0|1', '0|0', '0|0', '0|0', '0|0', '0|0', '0|0', '0|0', '0|0', '0|0', '0|0', '0|0', '0|0', '0|0', '0|0', '0|0', '0|0', '0|0', '0|0', '0|0', '0|0', '0|0', '0|0', '0|0', '0|0', '0|0', '0|0', '0|0', '0|0', '0|0', '0|0', '0|0', '0|0', '0|0', '0|0', '0|0', '0|0', '0|0', '0|0', '0|0', '0|0', '0|0', '0|0', '0|0', '0|0', '0|0', '0|0', '0|0', '', '', '', '', '', '', '', '', '2023-10-18', 'osd', '2023-10-18 09:30:03');

-- Dumping structure for table geely_db1.position
DROP TABLE IF EXISTS `position`;
CREATE TABLE IF NOT EXISTS `position` (
  `id` int(11) NOT NULL AUTO_INCREMENT,
  `department` varchar(255) NOT NULL DEFAULT '',
  `position` varchar(255) NOT NULL DEFAULT '',
  PRIMARY KEY (`id`) USING BTREE
) ENGINE=InnoDB AUTO_INCREMENT=76 DEFAULT CHARSET=utf8mb4 COLLATE=utf8mb4_unicode_ci;

-- Dumping data for table geely_db1.position: ~64 rows (approximately)
INSERT INTO `position` (`id`, `department`, `position`) VALUES
	(10, 'PAL Management - HO', 'Chairman'),
	(11, 'PAL Management - HO', 'Chief Executive Officer'),
	(12, 'PAL Management - HO', 'GM'),
	(13, 'Brand & Sales Management', 'Sales Manager'),
	(14, 'Brand & Sales Management', 'Sales Admin Supervisor'),
	(15, 'Brand & Sales Management', 'Operation Supervisor'),
	(16, 'Brand & Sales Management', 'Dealer Development and Corporate Mgr'),
	(17, 'Brand & Sales Management', 'Dealer Development AM'),
	(18, 'Brand & Sales Management', 'Dealer Development Executive'),
	(19, 'Brand & Sales Management', 'Corporate Sales Executive'),
	(20, 'Brand & Sales Management', 'Sales Supervisor'),
	(21, 'Brand & Sales Management', 'Sales Executive'),
	(22, 'Brand & Sales Management', 'Sale Admin Executive'),
	(23, 'Brand & Sales Management', 'Sale Support'),
	(24, 'Brand & Sales Management', 'Cleaner'),
	(25, 'Brand & Sales Management', 'RTA Admin(Supply Chain)'),
	(26, 'Brand & Sales Management', 'Sales Admin'),
	(27, 'Brand & Sales Management', 'Cashier'),
	(28, 'Brand & Sales Management', 'Receptionist'),
	(29, 'Brand & Sales Management', 'Security Guard'),
	(30, 'Aftersales Management', 'Service Mgr'),
	(31, 'Aftersales Management', 'Parts Supervisor'),
	(32, 'Aftersales Management', 'Warranty Officer'),
	(33, 'Aftersales Management', 'Technical & Training Specialist'),
	(34, 'Aftersales Management', 'CRM Executive'),
	(35, 'Service', 'Service Manager'),
	(36, 'Service', 'Service Advisor'),
	(37, 'Service', 'Parts Supervisor'),
	(38, 'Service', 'Parts Specialist'),
	(39, 'Service', 'Senior Technician'),
	(40, 'Service', 'Technician'),
	(41, 'Service', 'Jr Texhnician'),
	(42, 'Service', 'Detailing Assistant'),
	(43, 'Service', 'Senior Service Advisor'),
	(44, 'Service', 'Trainee'),
	(45, 'Service', 'Cashier'),
	(46, 'Service', 'Security Guard'),
	(47, 'Marketing', 'Marketing Manager'),
	(48, 'Marketing', 'Asst. Marketing Manager(Digital Marketing)'),
	(49, 'Marketing', 'Graphic Designer'),
	(50, 'Marketing', 'Digirtal Marketing Specialist'),
	(51, 'Marketing', 'Marketing Executive'),
	(52, 'SCM & Import & Logistics', 'SCM Manager'),
	(53, 'SCM & Import & Logistics', 'Logistic Specialist'),
	(54, 'SCM & Import & Logistics', 'Custom Specialist'),
	(55, 'SCM & Import & Logistics', 'Import License Specialist'),
	(56, 'SCM & Import & Logistics', 'YGN RTA Admin'),
	(57, 'SCM & Import & Logistics', 'MDY RTA Admin'),
	(58, 'HR & Admin', 'HR & Admin Manager'),
	(59, 'HR & Admin', 'HR & Admin Specialist'),
	(60, 'HR & Admin', 'IT Supervisor'),
	(61, 'HR & Admin', 'Fleet & Admin Executive'),
	(62, 'HR & Admin', 'M & E Supervisor'),
	(63, 'HR & Admin', 'HR & Admin Supervisor'),
	(64, 'HR & Admin', 'HR & Admin Executive'),
	(65, 'HR & Admin', 'Driver'),
	(66, 'Finance', 'Finance Manager'),
	(67, 'Finance', 'Chief Accountant'),
	(68, 'Finance', 'Faw Finance'),
	(69, 'Finance', 'Geely Finance'),
	(70, 'Finance', 'Faw Cashier'),
	(71, 'Finance', 'Geely Cashier'),
	(72, 'Brand & Sales Management', 'Showroom Manager'),
	(73, 'SCM & Import & Logistics', 'Operation Supervisor'),
	(74, 'Brand & Sales Management', 'Brand Manager'),
	(75, 'Service', 'Junior Technician');

-- Dumping structure for table geely_db1.production_order
DROP TABLE IF EXISTS `production_order`;
CREATE TABLE IF NOT EXISTS `production_order` (
  `id` int(11) NOT NULL AUTO_INCREMENT,
  `car_list_id` int(11) NOT NULL DEFAULT 0,
  `order_date` varchar(50) NOT NULL DEFAULT '',
  `order_no` varchar(50) NOT NULL DEFAULT '',
  `quantity` int(11) NOT NULL DEFAULT 0,
  `vehicle_price` int(11) NOT NULL DEFAULT 0,
  `invoice_amount` int(11) NOT NULL DEFAULT 0,
  `entry_by` varchar(100) NOT NULL DEFAULT '',
  `entry_date_time` varchar(50) NOT NULL DEFAULT '',
  PRIMARY KEY (`id`) USING BTREE
) ENGINE=InnoDB AUTO_INCREMENT=34 DEFAULT CHARSET=utf8mb4 COLLATE=utf8mb4_unicode_ci;

-- Dumping data for table geely_db1.production_order: ~31 rows (approximately)
INSERT INTO `production_order` (`id`, `car_list_id`, `order_date`, `order_no`, `quantity`, `vehicle_price`, `invoice_amount`, `entry_by`, `entry_date_time`) VALUES
	(1, 6, '2023-06-20', 'ON0001', 10, 60000000, 0, 'aas', '2023-06-20 11:45:08'),
	(2, 2, '2023-06-23', 'ON0201', 5, 40000000, 0, 'aas', '2023-06-23 16:46:09'),
	(3, 3, '2023-06-26', 'ON0008', 5, 50000000, 0, 'aas', '2023-06-26 21:26:05'),
	(4, 9, '2023-06-26', 'ON0005', 3, 498042616, 0, 'saa', '2023-06-26 21:33:21'),
	(5, 15, '2023-07-03', '007', 20, 30000000, 0, 'aas', '2023-07-03 10:20:06'),
	(6, 17, '2023-07-03', 'ON0025', 5, 75000000, 0, 'aas', '2023-07-03 14:58:31'),
	(7, 18, '2023-07-03', 'ON0025', 2, 100000000, 0, 'aas', '2023-07-03 14:58:31'),
	(8, 19, '2023-07-03', 'ON0012', 3, 96503156, 0, 'aas', '2023-07-03 15:04:20'),
	(9, 20, '2023-07-03', 'ON0012', 1, 65409465, 0, 'aas', '2023-07-03 15:04:20'),
	(10, 15, '2023-07-03', 'ON0025', 7, 50000000, 0, 'aas', '2023-07-03 15:09:10'),
	(11, 17, '2023-07-07', 'ON4485', 2, 55000000, 0, 'aas', '2023-07-07 14:08:59'),
	(12, 21, '2023-07-07', 'ON4485', 5, 50000000, 0, 'aas', '2023-07-07 14:08:59'),
	(13, 23, '2023-07-07', 'ON3695', 1, 60000000, 0, 'aas', '2023-07-07 14:08:59'),
	(14, 16, '2023-07-28', 'ON4586', 3, 645304, 0, 'aas', '2023-07-28 23:15:38'),
	(15, 21, '2023-07-28', 'ON4589', 2, 50000, 0, 'aas', '2023-07-28 23:17:03'),
	(16, 19, '2023-07-28', 'ON4589', 5, 300000, 0, 'aas', '2023-07-28 23:17:03'),
	(17, 17, '2023-07-28', 'ON', 1, 9690, 0, 'aas', '2023-07-28 23:21:40'),
	(18, 20, '2023-07-28', 'ON4589', 1, 250000, 0, 'aas', '2023-07-28 23:31:01'),
	(19, 12, '2023-07-28', 'ON', 1, 7860, 0, 'aas', '2023-07-28 23:33:55'),
	(20, 16, '2023-10-18', 'c', 5, 70000000, 0, 'sup', '2023-10-18 08:52:38'),
	(21, 27, '2023-10-18', 'f', 3, 50000000, 0, 'sup', '2023-10-18 08:55:15'),
	(22, 28, '2023-10-18', '11', 5, 900000000, 0, 'sup', '2023-10-18 08:55:26'),
	(23, 16, '2023-10-18', 'h', 2, 500, 0, 'sup', '2023-10-18 08:55:37'),
	(24, 29, '2023-10-18', '11111', 3, 40000000, 0, 'sup', '2023-10-18 09:07:57'),
	(25, 30, '2023-12-15', 'OC12345', 5, 500, 0, 'bmtest', '2023-12-15 14:20:45'),
	(26, 29, '2023-12-15', 'OC12345', 2, 20000000, 0, 'bmtest', '2023-12-15 14:20:45'),
	(27, 28, '2024-04-02', '12314124', 4, 10000000, 0, 'bmtest', '2024-04-02 15:00:19'),
	(28, 30, '2024-04-12', 'ONO0001', 1, 40000000, 0, 'bmtest', '2024-04-12 10:40:43'),
	(29, 1, '2024-04-12', 'ONO0001', 1, 40000000, 0, 'bmtest', '2024-04-12 10:40:43'),
	(30, 2, '2024-04-12', 'ONO0001', 1, 30000000, 0, 'bmtest', '2024-04-12 10:40:43'),
	(31, 1, '2024-04-12', 'OC00001', 1, 50000000, 0, 'bmtest', '2024-04-12 11:26:23'),
	(32, 28, '2024-04-12', 'OC00001', 1, 30000000, 0, 'bmtest', '2024-04-12 11:26:23'),
	(33, 30, '2024-05-14', '1111111', 4, 0, 0, 'bmtest', '2024-05-14 20:54:45');

-- Dumping structure for table geely_db1.promotion
DROP TABLE IF EXISTS `promotion`;
CREATE TABLE IF NOT EXISTS `promotion` (
  `id` int(11) NOT NULL AUTO_INCREMENT,
  `code` varchar(50) NOT NULL DEFAULT '',
  `name` varchar(255) NOT NULL DEFAULT '',
  `discount` int(11) NOT NULL DEFAULT 0,
  `date_from` varchar(25) NOT NULL DEFAULT '',
  `date_to` varchar(25) NOT NULL DEFAULT '',
  `terms_n_conditions` text NOT NULL,
  `signature_picture` varchar(255) NOT NULL DEFAULT '',
  `entry_by` varchar(100) NOT NULL DEFAULT '',
  `entry_date_time` varchar(25) NOT NULL DEFAULT '',
  PRIMARY KEY (`id`) USING BTREE
) ENGINE=InnoDB AUTO_INCREMENT=4 DEFAULT CHARSET=utf8mb4 COLLATE=utf8mb4_unicode_ci;

-- Dumping data for table geely_db1.promotion: ~0 rows (approximately)
INSERT INTO `promotion` (`id`, `code`, `name`, `discount`, `date_from`, `date_to`, `terms_n_conditions`, `signature_picture`, `entry_by`, `entry_date_time`) VALUES
	(1, 'C2356', 'August Promo', 90000, '2023-07-18', '2023-09-19', 'He was aware there were numerous wonders of this world including the unexplained creations of humankind that showed the wonder of our ingenuity. There are huge heads on Easter Island. There are the Egyptian pyramids. There’s Stonehenge. But he now stood in front of a newly discovered monument that simply didn\'t make any sense and he wondered how he was ever going to be able to explain it.', './upload/2023-07-17 16-20-35.jpg', 'pskko', '2023-08-14 15:34'),
	(2, 'C2360', 'Sep Promo', 100000, '2023-09-01', '2023-09-30', 'He was aware there were numerous wonders of this world including the unexplained creations of humankind that showed the wonder of our ingenuity. There are huge heads on Easter Island. There are the Egyptian pyramids. There’s Stonehenge. But he now stood in front of a newly discovered monument that simply didn\'t make any sense and he wondered how he was ever going to be able to explain it.', './upload/2023-07-17 16-20-35.jpg', 'pskko', '2023-09-09 15:34'),
	(3, 'ttt', 'ttt', 5000000, '2024-05-09', '2024-05-31', '', './upload/2024-05-14 20-48-39.jpg', 'bmtest', '2024-05-14 20:48');

-- Dumping structure for table geely_db1.purchase_permit
DROP TABLE IF EXISTS `purchase_permit`;
CREATE TABLE IF NOT EXISTS `purchase_permit` (
  `id` int(11) NOT NULL AUTO_INCREMENT,
  `entry_date` varchar(25) NOT NULL DEFAULT '',
  `permit_submission_date` varchar(25) NOT NULL DEFAULT '',
  `permit_received_date` varchar(25) NOT NULL DEFAULT '',
  `oc_no` varchar(50) NOT NULL DEFAULT '',
  `name` varchar(50) NOT NULL DEFAULT '',
  `nrc` varchar(100) NOT NULL DEFAULT '',
  `mobile_no` varchar(50) NOT NULL DEFAULT '',
  `email` varchar(50) NOT NULL DEFAULT '',
  `address` text NOT NULL,
  `sales_center` varchar(200) NOT NULL DEFAULT '',
  `bank` varchar(100) NOT NULL DEFAULT '',
  `ac_no` varchar(50) NOT NULL DEFAULT '',
  `foreign_currency_balance` varchar(50) NOT NULL DEFAULT '',
  `balance_date` varchar(150) NOT NULL DEFAULT '',
  `vehicle_type` varchar(150) NOT NULL DEFAULT '',
  `brand` varchar(100) NOT NULL DEFAULT '',
  `model_year` varchar(50) NOT NULL DEFAULT '',
  `engine_power` varchar(50) NOT NULL DEFAULT '',
  `value` varchar(100) NOT NULL DEFAULT '',
  `country_of_origin` varchar(50) NOT NULL DEFAULT '',
  `commission` varchar(50) NOT NULL DEFAULT '',
  `according_to` text NOT NULL,
  `other_name` varchar(100) NOT NULL DEFAULT '',
  `other_nrc` varchar(100) NOT NULL DEFAULT '',
  `other_address` text NOT NULL,
  `signature_picture` varchar(255) NOT NULL DEFAULT '',
  PRIMARY KEY (`id`) USING BTREE
) ENGINE=MyISAM AUTO_INCREMENT=25 DEFAULT CHARSET=utf8mb4 COLLATE=utf8mb4_unicode_ci ROW_FORMAT=DYNAMIC;

-- Dumping data for table geely_db1.purchase_permit: 24 rows
/*!40000 ALTER TABLE `purchase_permit` DISABLE KEYS */;
INSERT INTO `purchase_permit` (`id`, `entry_date`, `permit_submission_date`, `permit_received_date`, `oc_no`, `name`, `nrc`, `mobile_no`, `email`, `address`, `sales_center`, `bank`, `ac_no`, `foreign_currency_balance`, `balance_date`, `vehicle_type`, `brand`, `model_year`, `engine_power`, `value`, `country_of_origin`, `commission`, `according_to`, `other_name`, `other_nrc`, `other_address`, `signature_picture`) VALUES
	(1, '2023-07-25 15:25:44', '2023-06-21', '2023-06-21', 'PAL-G00001-2023', 'Aung Aung', '1/AhGaYa(N)123049', '09239482013', '', '', '', '', '', '', '2023-06-21', '', 'Geely', '2020', 'EN0001', '120,000,000', '', '', '', '', '', '', ''),
	(2, '2023-06-26 11:48:29', '2023-06-26', '2023-06-26', 'PAL-G00002-2023', 'Aung Aung', '1/AhGaYa(N)123049', '09239482013', '', '', 'Mandalay', '', '', '', '2023-06-26', '', 'Geely', '2020', 'EN0002', '120,000,000', '', '', '', '', '', '', ''),
	(3, '2023-07-05 12:49:38', '2023-07-05', '2023-07-05', 'PAL-G00014-2023', 'Ko Aung Myo Htun', '12/TaMaNa(N)335566', '095041825', '', '', 'Ygn Main Show Room', 'AYA', '', '', '2023-07-05', '', 'Geely', '2023', '1', '70,000,000', '', '', '', '', '', '', ''),
	(4, '2023-07-07 13:21:27', '2023-07-07', '2023-07-07', 'PAL-G00009-2023', 'Daw Khin', '12/AhSaNa(N)111222', '09111111', 'khin@gmail.com', ' Botataung', 'Ever Thrive', '', '', '', '2023-07-07', '', 'Geely', '2023', '', '80,000,000', '', '', '', '', '12/AhSaNa(N)123123', '', ''),
	(5, '2023-07-11 14:32:21', '2023-07-11', '2023-07-11', 'PAL-G00021-2023', 'Shelle', '12/AhLaNa(N)000888', '09555444999', '', '', 'Mandalay', '', '', '', '2023-07-11', '', 'Geely', '2023', '', '120,000,000', '', '', '', '', '', '', ''),
	(6, '2023-07-17 19:38:01', '2023-07-17', '2023-07-17', 'PAL-T00007-2023', 'uuid uuid jkp', '2/PhaSaNa(N)556666', '0956286359', 'fdsafasde.com', 'Lorem Ipsum es simplemente el texto de relleno de las imprentas y archivos de texto. Lorem Ipsum ha sido el texto de relleno estándar de las industrias desde el año 1500, cuando un impresor (N. del T. persona que se dedica a la imprenta) desconocido usó u', 'Junction Square', '', '', '', '2023-07-17', '', 'T', '2023', '', '100,000,000', '', '', '', '', '', '', ''),
	(7, '2023-07-17 19:41:06', '2023-07-17', '2023-07-17', 'PAL-T00003-2023', 'yoon yoon', '14/DaDaYa(A)000000', '09635239658642365', '', '', 'Ygn Main Show Room', 'AGD', '', '', '2023-07-17', '', 'TEST B', '2020', 'EN2365', '26,000,000', '', '', '', '', '', '', ''),
	(8, '2023-07-17 19:43:26', '2023-07-17', '2023-07-17', 'PAL-T00004-2023', 'july', '2/BaLaKha(N)065261', '0934243232', '', '', 'Junction Square', '', '', '', '2023-07-17', '', 'T', '2023', '', '100,000,000', '', '', '', '', '', '', ''),
	(9, '2023-07-17 19:48:36', '2023-07-17', '2023-07-17', 'PAL-T00005-2023', 'july', '2/BaLaKha(N)065261', '0934243232', '', '', 'Junction Square', '', '', '', '2023-07-17', '', 'Geely', '2020', '', '50,000,000', '', '', '', '', '', '', ''),
	(10, '2023-07-17 20:30:18', '2023-07-17', '2023-07-17', 'PAL-T00006-2023', 'Su', '4/HtaTaLa(N)652366', '0985632', '', '', 'Junction Square', '', '', '', '2023-07-17', '', 'TTTT', '2023', '', '22,000,000', '', '', '', '', '', '', ''),
	(11, '2023-07-17 20:34:27', '2023-07-17', '2023-07-17', 'PAL-G00024-2023', 'it', '5/DaHaNa(N)258966', '0965238756', '', '', 'Junction Square', '', '', '', '2023-07-17', '', 'Geely', '2023', '4', '70,000,000', '', '', '', '', '', '', ''),
	(12, '2023-07-17 20:35:16', '2023-07-17', '2023-07-17', 'PAL-G00023-2023', 'Su', '4/HtaTaLa(N)652366', '0985632', '', '', 'Junction Square', '', '', '', '2023-07-17', '', 'Geely', '2020', '', '50,000,000', '', '', '', '', '', '', ''),
	(13, '2023-07-17 20:38:52', '2023-07-17', '2023-07-17', 'PAL-G00018-2023', 'htoo htoo', '3/BaGaLa(N)562358', '09365482659', '', '', 'Ygn Main Show Room', 'AYA', '', '', '2023-07-17', '', 'Geely', '2020', '', '50,000,000', '', '', '', '', '', '', ''),
	(14, '2023-07-29 21:13:10', '2023-07-29', '2023-07-29', 'PAL-G00004-2023', 'Aung Aung', '1/AhGaYa(N)123049', '09239482013', 'aunkl;asdsadf', 'fdasfdfdsadfd', 'mandaaly', 'mandalya', 'ac653259', 'loremlasdf896523', '2023-07-17', 'tewst', 'Geely', '2020', 'EN2563', '50,000,000', 'test', 'test963.', 'test', 'teses', '12/KhaYaNa(N)534242', 'test address', ''),
	(15, '2023-07-17 20:40:13', '2023-07-17', '2023-07-17', 'PAL-G00015-2023', 'it', '5/DaHaNa(N)258966', '0965238756', '', '', 'Junction Square', 'MCB', '', '', '2023-07-17', '', 'Geely', '2023', '2', '70,000,000', '', '', '', '', '', '', ''),
	(16, '2023-07-17 21:40:58', '2023-07-17', '2023-07-17', 'PAL-G00017-2023', 'uuid uuid jkp', '2/PhaSaNa(N)556666', '0956286359', 'fdsafasde.com', 'Lorem Ipsum es simplemente el texto de relleno de las imprentas y archivos de texto. Lorem Ipsum ha sido el texto de relleno estándar de las industrias desde el año 1500, cuando un impresor (N. del T. persona que se dedica a la imprenta) desconocido usó u', 'Junction Square', 'AYA', '', '', '2023-07-17', '', 'Geely', '2020', '', '50,000,000', '', '', '', '', '', '', ''),
	(17, '2023-07-17 21:43:50', '2023-07-17', '2023-07-17', 'PAL-G00012-2023', 'Swe Zin', '12/AhSaNa(N)347892', '09239488584', '', '', 'Mandalay', '', '', '', '2023-07-17', '', 'Geely', '2020', 'EN0254', '50,000,000', '', '', '', '', '', '', ''),
	(18, '2023-07-17 21:44:33', '2023-07-17', '2023-07-17', 'PAL-G00005-2023', 'Aung Aung', '1/AhGaYa(N)123049', '09239482013', '', '', 'Mandalay', '', '', '', '2023-07-17', '', 'Geely', '2020', 'EN0003', '50,000,000', '', '', '', '', '', '', ''),
	(19, '2023-07-29 21:06:44', '2023-07-29', '2023-07-29', 'PAL-T00002-2023', 'THAN', '5/KhaOuNa(N)036698', '095632556', 'than@capitalconnect.com.mm', 'hello', 'Ygn Main Show Room', 'test', 'ac65366', 'test', '2023-07-29', 'babaetq', 'T', '2023', 'E566', '100,000,000', 'china', '80', 'mm', 'mgmg', '8/NgaPhaNa(N)236955', 'test', ''),
	(20, '2023-07-29 21:10:44', '2023-07-29', '2023-07-29', 'PAL-T00001-2023', 'Shelle', '12/AhLaNa(N)000888', '09555444999', 'shelle@capitalconnect.com.mm', 'asde', 'Mandalay', 'bastes', '96352463', '96599da', '2023-07-29', 'vadfe', 'TTTT', '2023', 'E14516', '22,000,000', 'fadfdas', 'fdsafds963', 'fdafasdf', 'uui', '9/MaHtaLa(N)236999', 'test test', ''),
	(21, '2023-07-29 21:22:49', '2023-07-29', '2023-07-29', 'PAL-G00003-2023', 'THAN', '5/KhaOuNa(N)036698', '095632556', 'hello', 'hello', 'Ygn Main Show Room', 'hello', 'hello', 'hello', '2023-07-29', 'hello', 'Geely', '2023', '14', '70,000,000', 'hello', 'hello', 'hello', 'hello', '11/TaKaNa(N)hello', 'hello', ''),
	(22, '2023-08-16 10:41:58', '2023-08-16', '2023-08-16', 'PAL-G00006-2023', 'pp', '2/DaMaSa(N)133454', '097846322112', '', '', 'Mandalay', '', '', '', '2023-08-16', '', 'Geely', '2023', '17', '96,900,000', '', '', '', '', '', '', ''),
	(23, '2023-10-18 09:28:16', '2023-10-18', '2023-10-18', 'PAL-G00007-2023', 'Shelle', '4/KaPaLa(N)696666', '09444555666', '', '', 'Mandalay', '', '', '', '2023-10-18', '', 'Geely', '2023', '18', '96,900,000', '', '', '', '', '', '', ''),
	(24, '2024-03-11 13:52:14', '2024-03-11', '2024-03-11', 'PAL-G00003-2024', 'ddd', '7/KaKaNa(P)124125', '124', '', '', 'Mandalay', '', '', '', '2024-03-11', '', 'Geely', '2023', '2737232', '50,000,000', '', '', '', '', '', '', '');
/*!40000 ALTER TABLE `purchase_permit` ENABLE KEYS */;

-- Dumping structure for table geely_db1.ready_to_deliver
DROP TABLE IF EXISTS `ready_to_deliver`;
CREATE TABLE IF NOT EXISTS `ready_to_deliver` (
  `id` int(11) NOT NULL AUTO_INCREMENT,
  `oc_no` varchar(50) NOT NULL DEFAULT '',
  `ai_sidestep` tinyint(4) DEFAULT 0,
  `ai_floor_mat` tinyint(4) DEFAULT 0,
  `ai_power_tail_gate` tinyint(4) DEFAULT 0,
  `ai_other` varchar(255) DEFAULT '',
  `wfi_60` tinyint(4) DEFAULT 0,
  `wfi_80` tinyint(4) DEFAULT 0,
  `wfi_other` varchar(255) DEFAULT '',
  `detailing_complete` tinyint(4) DEFAULT 0,
  `detailing_general` tinyint(4) DEFAULT 0,
  `gift` text DEFAULT NULL,
  PRIMARY KEY (`id`) USING BTREE
) ENGINE=InnoDB AUTO_INCREMENT=7 DEFAULT CHARSET=utf8mb4 COLLATE=utf8mb4_unicode_ci;

-- Dumping data for table geely_db1.ready_to_deliver: ~5 rows (approximately)
INSERT INTO `ready_to_deliver` (`id`, `oc_no`, `ai_sidestep`, `ai_floor_mat`, `ai_power_tail_gate`, `ai_other`, `wfi_60`, `wfi_80`, `wfi_other`, `detailing_complete`, `detailing_general`, `gift`) VALUES
	(1, 'PAL-G00001-2023', 1, 1, 0, '', 0, 0, '', 0, 0, ''),
	(2, 'PAL-T00002-2023', 1, 1, 1, 'test', 1, 0, 'test', 0, 1, 'test'),
	(3, 'PAL-T00001-2023', 1, 1, 1, 'test', 0, 1, 'test', 1, 1, 'test'),
	(4, 'PAL-G00004-2023', 1, 1, 1, 'test', 0, 1, 'test', 1, 1, 'test'),
	(5, 'PAL-G00003-2023', 1, 0, 1, 'test', 1, 1, 'test', 1, 1, 'test'),
	(6, 'PAL-G00007-2023', 1, 0, 0, '', 1, 0, '', 0, 1, '');

-- Dumping structure for table geely_db1.reject
DROP TABLE IF EXISTS `reject`;
CREATE TABLE IF NOT EXISTS `reject` (
  `id` int(11) NOT NULL AUTO_INCREMENT,
  `role` varchar(100) NOT NULL DEFAULT '',
  `staff_id` int(11) NOT NULL DEFAULT 0,
  `main_id` varchar(50) NOT NULL DEFAULT '',
  `order_no` int(11) NOT NULL DEFAULT 0,
  `process` varchar(150) NOT NULL DEFAULT '',
  `reject_date_time` varchar(50) NOT NULL DEFAULT '',
  `remark` text NOT NULL,
  `fixed` tinyint(1) NOT NULL DEFAULT 0,
  PRIMARY KEY (`id`) USING BTREE
) ENGINE=InnoDB AUTO_INCREMENT=35 DEFAULT CHARSET=utf8mb4 COLLATE=utf8mb4_unicode_ci;

-- Dumping data for table geely_db1.reject: ~24 rows (approximately)
INSERT INTO `reject` (`id`, `role`, `staff_id`, `main_id`, `order_no`, `process`, `reject_date_time`, `remark`, `fixed`) VALUES
	(1, 'Finance Manager', 5, 'PAL-G00019-2023', 3, 'Confirm Order', '2023-07-11 14:59:31', 'Lorem Ipsum is simply dummy text of the printing and typesetting industry. Lorem Ipsum has been the industry\'s standard dummy text ever since the 1500s, when an unknown printer took a galley of type and scrambled it to make a type specimen book. It has survived not only five centuries, but also the leap into electronic typesetting, remaining essentially unchanged. It was popularised in the 1960s with the release of Letraset sheets containing Lorem Ipsum passages, and more recently with desktop publishing software like Aldus PageMaker including versions of Lorem Ipsum.\n\n', 1),
	(2, 'Sales Admin', 4, 'PAL-G00018-2023', 1, 'Confirm Order', '2023-07-11 15:44:25', 'test', 1),
	(3, 'Sales Manager', 2, 'PAL-G00018-2023', 2, 'Confirm Order', '2023-07-11 16:11:01', 'rejected by sale manager\n', 1),
	(4, 'Sales Manager', 2, 'PAL-G00015-2023', 2, 'Confirm Order', '2023-07-11 16:34:25', '', 1),
	(5, 'Sales Admin', 4, 'PAL-G00018-2023', 1, 'Confirm Order', '2023-07-12 16:08:06', 'rejected', 1),
	(6, 'Sales Admin', 4, 'PAL-G00018-2023', 1, 'Confirm Order', '2023-07-12 16:08:51', 're', 1),
	(7, 'Sales Admin', 4, 'PAL-G00018-2023', 1, 'Confirm Order', '2023-07-12 16:09:07', '', 1),
	(8, 'Sales Admin', 4, 'PAL-G00018-2023', 1, 'Confirm Order', '2023-07-12 16:09:15', '', 1),
	(9, 'Sales Admin', 4, 'PAL-G00018-2023', 1, 'Confirm Order', '2023-07-12 16:09:23', '', 1),
	(10, 'Sales Manager', 2, 'PAL-G00018-2023', 2, 'Confirm Order', '2023-07-12 16:39:06', 'ttt', 1),
	(11, 'Sales Admin', 4, 'PAL-T00005-2023', 1, 'Confirm Order', '2023-07-13 16:09:05', 're', 1),
	(12, 'Sales Admin', 4, 'PAL-T00008-2023', 1, 'Confirm Order', '2023-07-20 11:15:37', 'Testing PP', 1),
	(13, 'Sales Manager', 2, 'PAL-G00026-2023', 2, 'Confirm Order', '2023-07-20 11:26:21', 'test', 1),
	(14, 'Sales Manager', 2, 'PAL-G00027-2023', 2, 'Confirm Order', '2023-07-20 11:32:28', 'test', 1),
	(15, 'Sales Manager', 2, 'PAL-G00027-2023', 2, 'Confirm Order', '2023-07-20 11:48:14', '', 1),
	(16, 'Sales Manager', 2, 'PAL-G00012-2023', 2, 'Confirm Order', '2023-12-26 16:56:58', 'dd', 1),
	(17, 'Sales Manager', 2, 'PAL-T00001-2024', 2, 'Confirm Order', '2024-01-03 11:02:50', 'dd', 0),
	(21, 'Sales Admin', 21, 'AER240202001', 1, 'Advance and Expense Request', '2024-02-02 08:18:51', 'ပြည့်စုံအောင် တင်ပေးပါရန်။', 1),
	(22, 'Sales Admin', 4, 'AER240202002', 2, 'Advance and Expense Request', '2024-02-02 09:24:50', 'reject', 1),
	(23, 'Finance Manager', 5, 'AER240202002', 1, 'Advance and Expense Request', '2024-02-02 09:30:26', 'dd', 1),
	(25, 'Sales Admin', 4, 'AER240202002', 2, 'Advance and Expense Request', '2024-02-02 09:36:34', 'mmmmmm', 1),
	(26, 'Finance Manager', 5, 'AER240202002', 1, 'Advance and Expense Request', '2024-02-02 09:41:41', 'zxczxc', 1),
	(27, 'Finance Manager', 5, 'AER240202002', 1, 'Advance and Expense Request', '2024-02-02 09:51:27', 'nnnnnnnnnnnnnn', 1),
	(28, 'Finance Manager', 5, 'AER240202003', 1, 'Advance and Expense Request', '2024-02-02 09:52:27', '', 1),
	(29, 'Sales Admin', 4, 'AER240202001', 2, 'Advance and Expense Request', '2024-02-02 10:01:37', '', 1),
	(30, 'Sales Admin', 21, 'AER240202004', 1, 'Advance and Expense Request', '2024-02-02 10:37:19', 'ပြန်ပြင်ပေးပါရန်။', 1),
	(31, 'Finance Manager', 5, 'RF2400003', 1, 'Advance and Expense Request', '2024-02-13 01:22:53', 'test', 1),
	(32, 'Finance Manager', 5, 'RF2400013', 1, 'Advance and Expense Request', '2024-03-28 13:44:42', 'test_NNK', 1),
	(33, 'Finance Manager', 5, 'PAL-C00001-2024', 3, 'Confirm Order', '2024-05-14 22:31:49', 'test', 1),
	(34, 'Sales Manager', 2, 'PAL-C00001-2024', 2, 'Confirm Order', '2024-05-14 22:33:10', 'asda', 1);

-- Dumping structure for table geely_db1.route
DROP TABLE IF EXISTS `route`;
CREATE TABLE IF NOT EXISTS `route` (
  `id` int(11) NOT NULL AUTO_INCREMENT,
  `dashboard` varchar(100) NOT NULL DEFAULT '',
  `module` varchar(100) NOT NULL DEFAULT '',
  `route` varchar(150) NOT NULL DEFAULT '',
  `process` varchar(100) NOT NULL DEFAULT '',
  `title` varchar(100) NOT NULL DEFAULT '',
  `create` tinyint(4) NOT NULL DEFAULT 0,
  `read` tinyint(4) NOT NULL DEFAULT 0,
  `update` tinyint(4) NOT NULL DEFAULT 0,
  `delete` tinyint(4) NOT NULL DEFAULT 0,
  `export` tinyint(4) NOT NULL DEFAULT 0,
  `print` tinyint(4) NOT NULL DEFAULT 0,
  PRIMARY KEY (`id`)
) ENGINE=InnoDB AUTO_INCREMENT=199 DEFAULT CHARSET=utf8mb4 COLLATE=utf8mb4_unicode_ci;

-- Dumping data for table geely_db1.route: ~163 rows (approximately)
INSERT INTO `route` (`id`, `dashboard`, `module`, `route`, `process`, `title`, `create`, `read`, `update`, `delete`, `export`, `print`) VALUES
	(1, 'admin', 'Admin', 'admin/userrole.php', 'Userrole', 'Userrole Entry', 1, 0, 0, 0, 0, 0),
	(2, 'admin', 'Admin', 'admin/userrole.php?act=edit&dashboard=&name=', 'Userrole', 'Userrole Edit', 0, 0, 1, 0, 0, 0),
	(3, 'admin', 'Admin', 'admin/userrolelist.php', 'Userrole', 'Userrole List', 0, 1, 0, 1, 0, 0),
	(4, 'admin', 'Admin', 'admin/createaccount.php', 'User Define', 'Create New User', 1, 0, 0, 0, 0, 0),
	(5, 'admin', 'Admin', 'admin/userlist.php', 'User Define', 'User List', 0, 1, 0, 1, 0, 0),
	(6, 'admin', 'Admin', 'admin/createaccount.php?act=edit&id=', 'User Define', 'User Edit', 0, 0, 1, 0, 0, 0),
	(9, 'hr', 'HR', 'hr/staff.php', 'Staff', 'Staff Entry', 1, 0, 0, 0, 0, 0),
	(16, 'sales', 'Logistic', 'supply_chain/production_order.php', 'Production Order', 'Production Order Entry', 1, 0, 0, 0, 0, 0),
	(17, 'sales', 'Logistic', 'supply_chain/car_stock.php', 'Car Stock', 'Car Stock Entry', 1, 0, 0, 0, 0, 0),
	(18, 'supply_chain', 'Logistic', 'supply_chain/supply_chain.php', 'Supply Chain Transfer', 'Supply Chain Entry', 1, 0, 0, 0, 0, 0),
	(19, 'supply_chain', 'Logistic', 'supply_chain/car_stock_transfer.php', 'Car Stock Transfer', 'Car Stock Transfer Entry', 1, 0, 0, 0, 0, 0),
	(20, 'finance', 'Finance', 'finance/define_price_production_car.php', 'Define Purchase Price', 'Purchase Price Entry', 1, 0, 0, 0, 0, 0),
	(21, 'finance', 'Finance', 'finance/car_price.php', 'Car Price', 'Car Price Entry', 1, 1, 1, 0, 0, 0),
	(22, 'sales', 'Logistic', 'supply_chain/grade.php', 'New Model', 'Grade Entry', 1, 1, 0, 0, 0, 0),
	(23, 'sales', 'Logistic', 'supply_chain/car_list.php', 'Car List', 'Car List Entry', 1, 1, 1, 0, 0, 0),
	(24, 'sales', 'Logistic', 'supply_chain/test_drive_car.php', 'Test Drive Car', 'Test Drive Car Entry', 1, 1, 0, 1, 0, 0),
	(25, 'sales', 'Logistic', 'supply_chain/brand.php', 'Brand', 'Brand Entry', 1, 1, 0, 0, 0, 0),
	(26, 'sales', 'Logistic', 'supply_chain/model.php', 'Model', 'Model Entry', 1, 1, 0, 0, 0, 0),
	(28, 'sales', 'Sales', 'upload/upload_interior_color.php?for=interior&id=', 'Upload Interior Photo', 'Upload Interior Photo', 1, 1, 0, 1, 0, 0),
	(29, 'sales', 'Sales', 'upload/upload_exterior_color.php?for=exterior&id=', 'Upload Exterior Photo', 'Upload Exterior Photo', 1, 1, 0, 1, 0, 0),
	(30, 'finance', 'Finance', 'finance/rtad_tax_change.php', 'RTAD Tax', 'RTAD Tax Update', 1, 0, 0, 0, 0, 0),
	(32, 'hr', 'Sales', 'sales/showroom_assign.php', 'Showroom Assign', 'Showroom Assign', 1, 1, 0, 1, 0, 0),
	(33, 'sales', 'Sales', 'sales/showroom_assign.php', 'Showroom Assign', 'Showroom Assign', 1, 1, 0, 1, 0, 0),
	(34, 'sales', 'Sales', 'sales/customer_list.php', 'Customer Detail', 'Customer Detail List', 0, 1, 0, 0, 0, 0),
	(35, 'sales', 'Sales', 'sales/customer.php', 'Customer Detail', 'Customer Detail Entry', 1, 0, 0, 0, 0, 0),
	(36, 'sales', 'Sales', 'sales/customer.php?act=detail&rid=', 'Customer Detail', 'Customer Detail View', 0, 1, 0, 0, 0, 0),
	(37, 'sales', 'Sales', 'sales/customer.php?act=edit&cid=', 'Customer Detail', 'Customer Detail Edit', 0, 0, 1, 0, 0, 0),
	(38, 'sales', 'Sales', 'sales/order.php?act=entry&cid=', 'Order Detail', 'Order Detail Entry', 1, 0, 0, 0, 0, 0),
	(39, 'sales', 'Sales', 'sales/broker.php', 'Broker', 'Broker Entry', 1, 0, 0, 0, 0, 0),
	(40, 'sales', 'Sales', 'admin/broker.php?act=edit&bid=', 'Broker', 'Broker Edit', 0, 0, 1, 0, 0, 0),
	(41, 'sales', 'Payment Config', 'payment_config/promotion.php', 'Promotion', 'Promotion Entry', 1, 0, 0, 0, 0, 0),
	(42, 'sales', 'Sales', 'sales/se_assign.php', 'SE Assign', 'SE Assign', 1, 1, 0, 1, 0, 0),
	(43, 'sales', 'Sales', 'sales/order_processing_list.php', 'Order Detail', 'Order Detail List', 0, 1, 1, 0, 0, 0),
	(44, 'sales', 'Sales', 'sales/order_edit.php?act=edit&oc_no=', 'Order Detail', 'Order Detail Edit', 0, 1, 1, 0, 0, 0),
	(45, 'finance', 'Sales', 'sales/order_processing_list.php', 'Order Detail', 'Order Detail List', 0, 1, 1, 0, 0, 0),
	(46, 'finance', 'Sales', 'sales/order_edit.php?act=edit&oc_no=', 'Order Detail', 'Order Detail Edit', 0, 1, 1, 0, 0, 0),
	(47, 'sales', 'Sales', 'sales/sales_list.php', '1. Sales List', 'Sales List', 0, 1, 0, 0, 0, 0),
	(48, 'supply_chain', 'Sales', 'sales/sales_list.php', '1. Sales List', 'Sales List', 0, 1, 0, 0, 0, 0),
	(49, 'finance', 'Sales', 'sales/deposit_collect.php?act=edit&oc_no=', '2. Deposit Collect', 'Deposit Collect', 1, 1, 0, 0, 0, 0),
	(50, 'finance', 'Sales', 'sales/payment.php?act=edit&oc_no=', '3. Payment', 'Payment', 1, 1, 0, 0, 0, 0),
	(51, 'supply_chain', 'Sales', 'sales/supply_chain.php?act=edit&oc_no=', '4. Purchase Permit | RTA Appointment | Plate No.', 'Purchase Permit | RTA Appointment | Plate No.', 1, 1, 1, 1, 1, 0),
	(52, 'sales', 'Sales', 'sales/owner.php?act=edit&oc_no=', '5. Owner Info | Income Tax', 'Owner Info | Income Tax', 1, 1, 1, 1, 1, 0),
	(53, 'service', 'Sales', 'sales/fill_fuel.php?act=edit&oc_no=', '6. Fill the Fuel', 'Fill the Fuel', 1, 1, 0, 0, 0, 0),
	(54, 'service', 'Sales', 'sales/pdi_check_list.php?act=edit&oc_no=', '7. PDI Check List', 'PDI Check List', 1, 1, 0, 0, 0, 0),
	(55, 'service', 'Sales', 'sales/ready_to_deliver.php?act=edit&oc_no=', '8. Ready to Deliver', 'Ready to Deliver', 1, 1, 0, 0, 0, 0),
	(56, 'sales', 'Sales', 'sales/sales.php?act=edit&oc_no=', '9. Car Handover | Owner Book Handover', 'Car Handover | Owner Book Handover', 1, 1, 0, 0, 0, 0),
	(58, 'sales', 'Sales', 'sales/order_confirmation.php?act=entry&oc_no=', 'Order Confirmation', 'Order Confirmation Entry', 1, 0, 0, 0, 0, 0),
	(60, 'hr', 'HR', 'hr/approval_assign.php', 'Approval Assign', 'Approval Assign', 1, 1, 0, 1, 0, 0),
	(62, 'admin', 'Admin', 'admin/due_date_setting.php', 'Due Date Setting', 'Due Date Setting', 0, 1, 1, 0, 0, 0),
	(64, 'hr', 'HR', 'reports/staff.php', 'Staff Report', 'Staff Report', 0, 1, 1, 0, 1, 0),
	(65, 'service', 'Sales', 'sales/sales_list.php', '1. Sales List', 'Sales List', 0, 1, 0, 0, 0, 0),
	(66, 'finance', 'Sales', 'sales/sales_list.php', '1. Sales List', 'Sales List', 0, 1, 0, 0, 0, 0),
	(67, 'service', 'Service', 'service/promotion.php', 'Service Promotion', 'Service Promotion Entry', 1, 0, 0, 0, 0, 0),
	(68, 'service', 'Service', 'service/service_package.php', 'Service Package', 'Service Package Entry', 1, 0, 0, 0, 0, 0),
	(69, 'service', 'Service', 'service/service_item.php', 'Service Item', 'Service Item Entry', 1, 1, 1, 0, 0, 0),
	(70, 'service', 'Service', 'service/service_item_task.php', 'Service Item Task', 'Service Item Task Entry', 1, 1, 1, 0, 0, 0),
	(71, 'service', 'Service', 'service/service_center_bay.php', 'Service Center Bay', 'Service Center Bay Entry', 1, 1, 0, 0, 0, 0),
	(72, 'service', 'Service', 'service/service_bay_services.php', 'Service Bay Services', 'Service Bay Services Entry', 1, 1, 1, 0, 0, 0),
	(73, 'service', 'Service', 'service/service_center_store.php', 'Service Center Store', 'Service Center Store Entry', 1, 1, 0, 0, 0, 0),
	(74, 'finance', 'Finance', 'finance/exchange_rate.php', 'Exchange Rate', 'Exchange Rate Entry', 1, 1, 0, 0, 0, 0),
	(75, 'finance', 'Finance', 'finance/bank_account.php', 'Bank Account', 'Bank Account Entry', 1, 1, 0, 0, 0, 0),
	(76, 'finance', 'Finance', 'finance/bank_account_transfer.php', 'Bank Account Transfer', 'Bank Account Transfer', 1, 1, 0, 0, 0, 0),
	(77, 'finance', 'Finance', 'reports/account_transaction.php', 'Account Transaction', 'Account Transaction Report', 0, 1, 0, 0, 0, 0),
	(78, 'finance', 'Finance', 'finance/bank_account_transfer.php?act=entry&accno=', 'Bank Account Transfer', 'Bank Account Transfer', 1, 1, 0, 0, 0, 0),
	(79, 'finance', 'Finance', 'finance/gl_account.php', 'G/L Account', 'G/L Account', 1, 1, 0, 0, 0, 0),
	(80, 'finance', 'Finance', 'finance/advance_staff.php', 'Advance - Staff Entry', 'Advance - Staff Entry', 1, 0, 0, 0, 0, 0),
	(81, 'finance', 'Finance', 'finance/account_transfer.php', 'Account Transfer', 'Account Transfer', 1, 0, 0, 0, 0, 0),
	(82, 'finance', 'Finance', 'finance/account_transaction.php?act=detail&glcode=', 'Account Transaction', 'Account Transaction', 0, 1, 0, 0, 0, 0),
	(83, 'finance', 'Finance', 'finance/invoices.php', 'Invoices', 'Invoices', 0, 1, 0, 0, 0, 0),
	(84, 'finance', 'Finance', 'finance/invoice_detail.php?act=detail&ivn=', 'Invoices', 'Invoices', 0, 1, 0, 0, 0, 0),
	(85, 'finance', 'Sales', 'reports/sales_finance.php', 'Sales Report', 'Sales Report', 0, 1, 0, 0, 0, 0),
	(86, 'finance', 'Finance', 'finance/deposit_refund.php?act=entry&oc_no=', 'Deposit Refund', 'Deposit Refund', 1, 0, 0, 0, 0, 0),
	(87, 'finance', 'Finance', 'finance/advance_claim.php', 'Advance Claim', 'Advance Claim', 1, 0, 0, 0, 0, 0),
	(88, 'finance', 'Finance', 'sales/sales_detail.php?act=detail&oc_no=', 'Sales Detail', 'Sales Detail', 0, 1, 0, 0, 0, 0),
	(89, 'service', 'Sparepart', 'sparepart/store.php', 'Store', 'Store Entry', 1, 1, 0, 0, 0, 0),
	(90, 'service', 'Sparepart', 'sparepart/sub_store.php', 'Sub Store', 'Sub Store Entry', 1, 1, 0, 0, 0, 0),
	(91, 'service', 'Sparepart', 'sparepart/store_stock_level.php', 'Store Stock Level', 'Store Stock Level Entry', 1, 1, 0, 0, 0, 0),
	(92, 'service', 'Sparepart', 'sparepart/group.php', 'Group', 'Group Entry', 1, 1, 0, 0, 0, 0),
	(93, 'service', 'Sparepart', 'sparepart/sub_group.php', 'Sub Group', 'Sub Group Entry', 1, 1, 0, 0, 0, 0),
	(94, 'service', 'Sparepart', 'sparepart/sparepart.php', 'Sparepart', 'Sparepart Entry', 1, 0, 0, 0, 0, 0),
	(96, 'service', 'Sparepart', 'upload/upload_sparepart.php?for=sparepart&code=', 'Upload Sparepart Photo', 'Upload Sparepart Photo', 1, 1, 0, 0, 0, 0),
	(97, 'service', 'Sparepart', 'sparepart/sparepart.php?act=edit&code=', 'Sparepart', 'Sparepart Edit', 0, 0, 1, 0, 0, 0),
	(98, 'service', 'Sparepart', 'reports/sparepart.php', 'Sparepart', 'Sparepart Report', 0, 1, 0, 0, 0, 0),
	(99, 'service', 'Service', 'service/promotion.php?act=edit&id=', 'Service Promotion', 'Service Promotion Edit', 0, 0, 1, 0, 0, 0),
	(100, 'service', 'Service', 'reports/service_promotion.php', 'Service Promotion', 'Service Promotion Report', 0, 1, 0, 0, 0, 0),
	(101, 'service', 'Service', 'service/survey.php', 'Survey', 'Survey Entry', 1, 0, 0, 0, 0, 0),
	(102, 'service', 'Service', 'reports/service_customer.php', 'Service Customer', 'Service Customer Report', 0, 1, 0, 0, 0, 0),
	(103, 'service', 'Service', 'service/service_customer_car.php?act=entry&id=', 'Service Customer Car', 'Service Customer Car Entry', 1, 0, 0, 0, 0, 0),
	(104, 'service', 'Service', 'service/service_car.php?act=entry&cid=', 'Service Car', 'Service Car Entry', 1, 0, 0, 0, 0, 0),
	(105, 'service', 'Service', 'service/service_car.php', 'Service Car', 'Service Car Entry', 1, 0, 0, 0, 0, 0),
	(106, 'service', 'Service', 'reports/service_car.php', 'Service Car', 'Service Car Report', 0, 1, 0, 0, 0, 0),
	(107, 'service', 'Service', 'service/service_appointment_list.php', 'Service Appointment', 'Service Appointment List', 0, 1, 0, 0, 0, 0),
	(108, 'service', 'Service', 'service/service_appointment.php', 'Service Appointment', 'Service Appointment Entry', 1, 0, 0, 0, 0, 0),
	(109, 'service', 'Service', 'service/inspection.php?act=entry&id=', 'Inspection', 'Inspection Entry', 1, 0, 0, 0, 0, 0),
	(110, 'service', 'Service', 'service/inspection.php?act=edit&id=', 'Inspection', 'Inspection Edit', 0, 0, 1, 0, 0, 0),
	(111, 'service', 'Service', 'service/servicing_list.php', 'Servicing List', 'Servicing List', 0, 1, 0, 0, 0, 0),
	(112, 'service', 'Service', 'service/service.php?act=entry&id=', 'Service', 'Service Entry', 1, 0, 0, 0, 0, 0),
	(113, 'service', 'Service', 'service/service.php?act=edit&id=', 'Service', 'Service Edit', 0, 0, 1, 0, 0, 0),
	(114, 'service', 'Service', 'service/service_customer.php?act=entry&s=', 'Service Customer', 'Service Customer Entry', 1, 0, 0, 0, 0, 0),
	(115, 'service', 'Service', 'service/job_card.php?act=entry&id=', 'Job Card', 'Job Card', 1, 0, 0, 0, 0, 0),
	(116, 'service', 'Service', 'service/final_inspection.php?act=entry&id=', 'Final Inspection', 'Final Inspection Entry', 1, 0, 0, 0, 0, 0),
	(117, 'service', 'Sparepart', 'service/issue_note.php?act=entry&id=', 'Issue Note', 'Issue Note', 0, 1, 0, 0, 0, 0),
	(118, 'service', 'Sparepart', 'sparepart/sparepart_issue_note.php', 'Issue Note', 'Issue Note Entry', 1, 0, 0, 0, 0, 0),
	(119, 'service', 'Sparepart', 'sparepart/sparepart_waiting_list.php', 'Waiting List', 'Waiting List', 0, 1, 0, 0, 0, 0),
	(120, 'service', 'Service', 'reports/warranty_car.php', 'Warranty Car', 'Warranty Car Report', 0, 1, 0, 0, 0, 0),
	(121, 'service', 'Service', 'reports/service.php', 'Service', 'Service Report', 0, 1, 0, 0, 0, 0),
	(122, 'service', 'Sparepart', 'sparepart/sp_waiting_list.php', 'Waiting List', 'Waiting List', 0, 1, 0, 0, 0, 0),
	(123, 'service', 'Sparepart', 'sparepart/sparepart_pre_order.php?act=entry&id=', 'Pre Order', 'Pre Order Entry', 1, 0, 0, 0, 0, 0),
	(124, 'service', 'Sparepart', 'sparepart/sparepart_waiting_list.php', 'Waiting List', 'Waiting List', 1, 0, 0, 0, 0, 0),
	(125, 'service', 'Sparepart', 'sparepart/sparepart_waiting_list.php?act=edit&id=', 'Waiting List', 'Waiting List', 0, 0, 1, 0, 0, 0),
	(126, 'service', 'Sparepart', 'sparepart/sparepart_order.php', 'Order', 'Order Entry', 1, 0, 0, 0, 0, 0),
	(127, 'service', 'Sparepart', 'sparepart/sparepart_pre_order.php?act=detail&id=', 'Pre Order', 'Pre Order Detail', 0, 1, 0, 0, 0, 0),
	(128, 'service', 'Sparepart', 'sparepart/sparepart_receiving.php', 'Receiving', 'Receiving Entry', 1, 0, 0, 0, 0, 0),
	(129, 'service', 'Sparepart', 'sparepart/sparepart_stock_out.php', 'Stock Out', 'Stock Out Entry', 1, 1, 0, 1, 0, 0),
	(130, 'service', 'Sparepart', 'sparepart/sparepart_stock_transfer.php', 'Stock Transfer', 'Stock Transfer Entry', 1, 0, 0, 0, 0, 0),
	(131, 'service', 'Sparepart', 'sparepart/sparepart_stock_receive.php', 'Stock Receive', 'Stock Receive Entry', 1, 0, 0, 0, 0, 0),
	(132, 'service', 'Sparepart', 'sparepart/sparepart_stock_return.php', 'Stock Return', 'Stock Return Entry', 1, 0, 0, 0, 0, 0),
	(133, 'sales', 'Sales', 'print/order_confirmation_print.php?act=print&oc_no=', 'Order Confirmation', 'Order Confirmation Print', 0, 0, 0, 0, 0, 1),
	(134, 'service', 'Service', 'service/service_center_assign.php', 'Service Center Assign', 'Service Center Assign Entry', 1, 1, 1, 0, 0, 0),
	(135, 'finance', 'Sparepart', 'finance/sparepart_pre_order_list.php', 'Pre Order List', 'Pre Order List', 0, 1, 0, 0, 0, 0),
	(136, 'finance', 'Sparepart', 'finance/sparepart_pre_order_payment.php?act=entry&id=', 'Pre Order Payment', 'Pre Order Payment Entry', 1, 1, 0, 0, 0, 0),
	(137, 'finance', 'Service', 'finance/servicing_list.php', 'Servicing List', 'Servicing List', 0, 1, 0, 0, 0, 0),
	(138, 'finance', 'Service', 'finance/servicing_detail.php?act=detail&id=', 'Servicing List', 'Servicing List', 0, 1, 0, 0, 0, 0),
	(139, 'finance', 'Finance', 'finance/invoice_detail_service.php?act=detail&id=', 'Invoices', 'Invoices', 0, 1, 0, 0, 0, 0),
	(140, 'finance', 'Finance', 'service/exist_form.php?act=entry&id=', 'Exist Form', 'Exist Form', 0, 1, 0, 0, 0, 0),
	(141, 'sales', 'Sales', 'reports/sales_s.php', 'Sales Report', 'Sales Report', 0, 1, 0, 0, 1, 0),
	(142, 'sales', 'Sales', 'reports/order_s.php', 'Order Report', 'Order Report', 0, 1, 0, 0, 1, 0),
	(143, 'sales', 'Sales', 'reports/customer_s.php', 'Customer Report', 'Customer Report', 0, 1, 0, 0, 1, 0),
	(144, 'sales', 'Sales', 'sales/sales_detail.php?act=detail&oc_no=', 'Sales Detail', 'Sales Detail', 0, 1, 0, 0, 0, 0),
	(145, 'sales', 'Sales', 'sales/order_detail.php?act=detail&oc_no=', 'Order Detail', 'Order Detail', 0, 1, 0, 0, 0, 0),
	(146, 'sales', 'Test Drive', 'test_drive/test_drive_booking.php?act=entry&cid=', 'Test Drive Booking', 'Test Drive Booking Entry', 1, 0, 1, 0, 0, 0),
	(147, 'sales', 'Test Drive', 'test_drive/terms_conditions.php?act=entry&id=', 'Test Drive Terms Conditions', 'Test Drive Terms Conditions Entry', 1, 0, 0, 0, 0, 0),
	(148, 'sales', 'Test Drive', 'test_drive/test_drive_log.php?act=entry&id=', 'Test Drive Log', 'Test Drive Log Entry', 1, 1, 0, 0, 0, 0),
	(149, 'sales', 'Test Drive', 'test_drive/test_drive_result_list.php', 'Test Drive Result List', 'Test Drive Result List', 0, 1, 1, 0, 0, 0),
	(150, 'sales', 'Test Drive', 'test_drive/test_drive_booking_list.php', 'Test Drive Booking List', 'Test Drive Booking List', 0, 1, 1, 0, 0, 0),
	(151, 'sales', 'Test Drive', 'test_drive/test_drive_booking.php?act=edit&id=', 'Test Drive Booking', 'Test Drive Booking Edit', 0, 0, 0, 0, 0, 0),
	(152, 'sales', 'Logistic', 'reports/car_stock.php', 'Car Stock Report', 'Car Stock Report', 0, 1, 0, 0, 1, 0),
	(153, 'finance', 'Finance', 'finance/gl_type.php', 'G/L Type', 'G/L Type', 1, 1, 0, 0, 0, 0),
	(154, 'finance', 'Finance', 'finance/gl_category.php', 'G/L Category', 'G/L Category', 1, 1, 0, 0, 0, 0),
	(155, 'finance', 'Finance', 'finance/advance_supplier.php', 'Advance - Supplier Entry', 'Advance - Supplier Entry', 1, 0, 0, 0, 0, 0),
	(157, 'finance', 'Finance', 'finance/expense.php', 'Expense', 'Expense Entry', 1, 0, 0, 0, 0, 0),
	(158, 'finance', 'Finance', 'finance/income.php', 'Income', 'Income Entry', 1, 0, 0, 0, 0, 0),
	(159, 'finance', 'Finance', 'finance/advance_receipt.php', 'Advance Receipt', 'Advance Receipt', 1, 0, 0, 0, 0, 0),
	(160, 'finance', 'Finance', 'finance/deposit_settlement_list.php', 'Deposit Settlement List', 'Deposit Settlement List', 0, 1, 0, 0, 0, 0),
	(161, 'finance', 'Finance', 'finance/account_balance.php', 'Account Balance', 'Account Balance', 0, 1, 0, 0, 0, 0),
	(162, 'sales', 'Sales', 'sales/expense_request_form.php', 'Expense Request Form', 'Expense Request Form Entry', 1, 0, 0, 0, 0, 0),
	(163, 'finance', 'Finance', 'finance/purchase_price.php', 'Purchase Price', 'Purchase Price Entry', 1, 0, 0, 0, 0, 0),
	(164, 'finance', 'Finance', 'finance/requisition_list.php', 'Requisition List', 'Requisition List', 0, 1, 0, 0, 0, 0),
	(165, 'finance', 'Finance', 'reports/car_stock.php', 'Car Stock Report', 'Car Stock Report', 0, 1, 0, 0, 0, 0),
	(166, 'finance', 'Sales', 'sales/expense_request_edit.php?act=edit&r_no=', 'Expense Request Detail', 'Expense Request Detail', 0, 1, 1, 0, 0, 0),
	(167, 'sales', 'Sales', 'finance/requisition_list.php', 'Requisition List', 'Requisition List', 0, 1, 0, 0, 0, 0),
	(168, 'finance', 'Finance', 'finance/advance_payment.php?act=edit&r_no=', 'Advance Payment', 'Advance Payment Entry', 1, 0, 0, 0, 0, 0),
	(169, 'finance', 'Finance', 'reports/advance_payment.php', 'Advance Payment Report', 'Advance Payment Report', 0, 1, 0, 0, 0, 0),
	(170, 'sales', 'Sales', 'sales/expense_request_edit.php?act=edit&r_no=', 'Expense Request Detail', 'Expense Request Detail', 0, 1, 1, 0, 0, 0),
	(171, 'finance', 'Finance', 'reports/expense.php', 'Expense Report', 'Expense Report', 0, 1, 0, 0, 0, 0),
	(172, 'marketing', 'Marketing', 'marketing/m_events.php', 'M Events', 'M Events Entry', 1, 0, 0, 0, 0, 0),
	(173, 'marketing', 'Marketing', 'reports/m_events.php', 'M Events Report', 'M Events Report', 0, 1, 0, 0, 0, 0),
	(174, 'marketing', 'Marketing', 'marketing/m_events.php?act=edit&id=', 'M Events Edit', 'M Events Edit', 0, 0, 1, 0, 0, 0),
	(175, 'marketing', 'Marketing', 'marketing/m_items.php', 'M Items', 'M Items Entry', 1, 0, 0, 0, 0, 0),
	(176, 'marketing', 'Marketing', 'marketing/m_stock_in.php', 'M Stock In', 'M Stock In Entry', 1, 0, 0, 0, 0, 0),
	(177, 'marketing', 'Marketing', 'marketing/m_stock_out.php', 'M Stock Out', 'M Stock Out Entry', 1, 0, 0, 0, 0, 0),
	(178, 'marketing', 'Marketing', 'reports/m_stock_balance.php', 'M Stock Balance Report', 'M Stock Balance Report', 0, 1, 0, 0, 0, 0),
	(179, 'marketing', 'Marketing', 'reports/m_stock_in.php', 'M Stock In Report', 'M Stock In Report', 0, 1, 0, 0, 0, 0),
	(180, 'marketing', 'Marketing', 'reports/m_stock_out.php', 'M Stock Out Report', 'M Stock Out Report', 0, 1, 0, 0, 0, 0),
	(181, 'finance', 'Finance', 'reports/gl_account_transaction_report.php', 'GL Account Transaction Report', 'GL Account Transaction Report', 0, 1, 0, 0, 0, 0),
	(182, 'marketing', 'Marketing', 'marketing/m_pages.php', 'M Pages', 'M Pages Entry', 1, 0, 0, 0, 0, 0),
	(183, 'marketing', 'Marketing', 'marketing/m_target_pages.php', 'M Target Pages', 'M Target Pages', 1, 0, 0, 0, 0, 0),
	(184, 'marketing', 'Marketing', 'reports/m_pages.php', 'M Pages Report', 'M Pages Report', 0, 1, 0, 0, 0, 0),
	(185, 'marketing', 'Marketing', 'reports/m_target.php', 'M Target Report', 'M Target Report', 0, 1, 0, 0, 0, 0),
	(186, 'marketing', 'Marketing', 'marketing/m_target.php', 'M Target', 'M Target Entry', 1, 0, 0, 0, 0, 0),
	(187, 'finance', 'Finance', 'reports/trial_balance.php', 'Trial Balance Report', 'Trial Balance Report', 0, 1, 0, 0, 0, 0),
	(188, 'finance', 'Finance', 'reports/profit_and_loss.php', 'Profit and Loss Report', 'Profit and Loss Report', 0, 1, 0, 0, 0, 0),
	(189, 'finance', 'Finance', 'reports/general_ledger.php', 'General Ledger Report', 'General Ledger Report', 0, 1, 0, 0, 0, 0),
	(190, 'finance', 'Finance', 'reports/balance_sheet.php', 'Balance Sheet Report', 'Balance Sheet Report', 0, 1, 0, 0, 0, 0),
	(191, 'finance', 'Finance', 'reports/balance_sheet_detail.php?act=detail&df=', 'Balance Sheet Detail', 'Balance Sheet Detail', 0, 1, 0, 0, 0, 0),
	(192, 'finance', 'Finance', 'upload/upload_advance.php?for=advance&id=', 'Upload Advance', 'Upload Advance', 1, 0, 0, 0, 0, 0),
	(193, 'hr', 'HR', 'sales/expense_request_form.php', 'Expense Request Form', 'Expense Request Form Entry', 1, 0, 0, 0, 0, 0),
	(194, 'hr', 'HR', 'sales/expense_request_edit.php?act=edit&r_no=', 'Expense Request Detail', 'Expense Request Detail', 0, 1, 1, 0, 0, 0),
	(195, 'hr', 'HR', 'finance/requisition_list.php', 'Requisition List', 'Requisition List', 0, 1, 0, 0, 0, 0),
	(196, 'finance', 'Finance', 'finance/journal.php', 'Journal', 'Journal Entry', 1, 0, 0, 0, 0, 0),
	(197, 'marketing', 'Marketing', 'marketing/m_stock_in.php?act=edit&item_id=', 'M Instant Stock In ', 'M Instant Stock In ', 1, 0, 0, 0, 0, 0),
	(198, 'hr', 'HR', 'hr/staff.php?act=edit&id=', 'Staff Edit', 'Staff Edit', 0, 1, 1, 0, 0, 0);

-- Dumping structure for table geely_db1.route_hhys
DROP TABLE IF EXISTS `route_hhys`;
CREATE TABLE IF NOT EXISTS `route_hhys` (
  `id` int(11) NOT NULL AUTO_INCREMENT,
  `upd_hhys` tinyint(4) NOT NULL DEFAULT 0,
  `dashboard` varchar(100) NOT NULL DEFAULT '',
  `module` varchar(100) NOT NULL DEFAULT '',
  `route` varchar(150) NOT NULL DEFAULT '',
  `process` varchar(100) NOT NULL DEFAULT '',
  `title` varchar(100) NOT NULL DEFAULT '',
  `create` tinyint(4) NOT NULL DEFAULT 0,
  `read` tinyint(4) NOT NULL DEFAULT 0,
  `update` tinyint(4) NOT NULL DEFAULT 0,
  `delete` tinyint(4) NOT NULL DEFAULT 0,
  `export` tinyint(4) NOT NULL DEFAULT 0,
  `print` tinyint(4) NOT NULL DEFAULT 0,
  PRIMARY KEY (`id`) USING BTREE
) ENGINE=InnoDB AUTO_INCREMENT=133 DEFAULT CHARSET=utf8mb4 COLLATE=utf8mb4_unicode_ci ROW_FORMAT=DYNAMIC;

-- Dumping data for table geely_db1.route_hhys: ~95 rows (approximately)
INSERT INTO `route_hhys` (`id`, `upd_hhys`, `dashboard`, `module`, `route`, `process`, `title`, `create`, `read`, `update`, `delete`, `export`, `print`) VALUES
	(1, 1, 'admin', 'Admin', 'admin/userrole.php', 'Userrole', 'Userrole Entry', 1, 0, 0, 0, 0, 0),
	(2, 1, 'admin', 'Admin', 'admin/userrole.php?act=edit&dashboard=&name=', 'Userrole', 'Userrole Edit', 0, 0, 1, 0, 0, 0),
	(4, 1, 'admin', 'Admin', 'admin/userrolelist.php', 'Userrole', 'Userrole List', 0, 1, 0, 1, 0, 0),
	(30, 1, 'admin', 'Admin', 'admin/createaccount.php', 'User Define', 'Create New User', 1, 0, 0, 0, 0, 0),
	(31, 1, 'admin', 'Admin', 'admin/userlist.php', 'User Define', 'User List', 0, 1, 0, 1, 0, 0),
	(32, 1, 'admin', 'Admin', 'admin/createaccount.php?act=edit&id=', 'User Define', 'User Edit', 0, 0, 1, 0, 0, 0),
	(33, 1, '', 'Logistic', 'entry/grade.php', 'New Model', 'Grade Entry', 1, 1, 0, 1, 0, 0),
	(34, 1, '', 'Logistic', 'entry/car_list.php', 'Car List', 'Car List Entry', 1, 1, 1, 1, 0, 0),
	(35, 1, '', 'Logistic', 'logistic/production_order.php', 'Production Order', 'Production Order Entry', 1, 0, 0, 0, 0, 0),
	(36, 1, '', 'Logistic', 'sales/car_price.php', 'Car Price', 'Car Price Entry', 1, 1, 1, 0, 0, 0),
	(37, 0, 'sales', 'Logistic', 'sales/rtad_tax_change.php', 'RTAD Tax', 'RTAD Tax Update', 1, 0, 0, 0, 0, 0),
	(38, 0, 'marketing', 'Order', 'marketing/customer.php', 'Customer Detail', 'Customer Detail Entry', 1, 0, 0, 0, 0, 0),
	(39, 0, 'sales', 'Order', 'marketing/customer_list.php', 'Customer Detail', 'Customer Detail List', 0, 1, 0, 0, 0, 0),
	(40, 1, 'sales', 'Logistic', 'logistic/car_stock.php', 'Car Stock', 'Car Stock Entry', 1, 0, 0, 0, 0, 0),
	(41, 0, 'supply_chain', 'Logistic', 'logistic/supply_chain.php', 'Supply Chain Transfer', 'Supply Chain Entry', 1, 0, 0, 0, 0, 0),
	(42, 1, 'sales', 'Logistic', 'logistic/car_stock_transfer.php', 'Car Stock Transfer', 'Car Stock Transfer Entry', 1, 0, 0, 0, 0, 0),
	(43, 0, '', 'Admin', 'admin/broker.php', 'Broker', 'Broker Entry', 1, 0, 0, 0, 0, 0),
	(44, 0, '', 'Admin', 'admin/broker.php?act=edit&bid=', 'Broker', 'Broker Edit', 0, 0, 1, 0, 0, 0),
	(45, 0, 'sales', 'Order', 'marketing/customer.php?act=edit&cid=', 'Customer Detail', 'Customer Detail Edit', 0, 0, 1, 0, 0, 0),
	(46, 0, 'sales', 'Order', 'order/order.php?act=entry&cid=', 'Order Detail', 'Order Detail Edit', 1, 0, 0, 0, 0, 0),
	(47, 0, 'sales', 'Order', 'marketing/customer.php?act=detail&rid=', 'Customer Detail', 'Customer Detail View', 0, 1, 0, 0, 0, 0),
	(51, 0, 'sales', 'Order', 'order/order_edit.php?act=edit&oc_no=', 'Order Detail', 'Order Detail Edit', 0, 1, 1, 0, 0, 0),
	(52, 0, 'sales', 'Order', 'order/order_confirmation.php?act=entry&oc_no=', 'Order Confirmation', 'Order Confirmation Entry', 1, 0, 0, 0, 0, 0),
	(53, 0, 'sales', 'Order', 'order/order_confirmation_print.php?act=print&oc_no=', 'Order Confirmation', 'Order Confirmation Print', 0, 0, 0, 0, 0, 1),
	(54, 0, 'sales', 'Order', 'order/order_processing_list.php', 'Order Detail', 'Order Detail List', 0, 1, 1, 0, 0, 0),
	(59, 0, 'sales', 'Sales', 'sales/sales_list.php', '1. Sales List', 'Sales List', 0, 1, 0, 0, 0, 0),
	(60, 0, 'sales', 'Sales', 'sales/deposit_collect.php?act=edit&oc_no=', '2. Deposit Collect', 'Deposit Collect', 1, 1, 0, 0, 0, 0),
	(61, 0, 'sales', 'Sales', 'sales/payment.php?act=edit&oc_no=', '3. Payment', 'Payment', 1, 1, 1, 1, 0, 0),
	(62, 0, 'supply_chain', 'Sales', 'sales/supply_chain.php?act=edit&oc_no=', '4. Purchase Permit | RTA Appointment | Plate No.', 'Purchase Permit | RTA Appointment | Plate No.', 1, 1, 1, 1, 1, 0),
	(63, 0, 'sales', 'Sales', 'sales/owner.php?act=edit&oc_no=', '5. Owner Info | Income Tax', 'Owner Info | Income Tax', 1, 1, 1, 1, 1, 0),
	(64, 0, 'sales', 'Sales', 'sales/fill_fuel.php?act=edit&oc_no=', '6. Fill the Fuel', 'Fill the Fuel', 1, 1, 0, 0, 0, 0),
	(65, 0, 'sales', 'Sales', 'sales/pdi_check_list.php?act=edit&oc_no=', '7. PDI Check List', 'PDI Check List', 1, 1, 0, 0, 0, 0),
	(66, 0, 'sales', 'Sales', 'sales/ready_to_deliver.php?act=edit&oc_no=', '8. Ready to Deliver', 'Ready to Deliver', 1, 1, 0, 0, 0, 0),
	(67, 0, 'sales', 'Sales', 'sales/sales.php?act=edit&oc_no=', '9. Car Handover | Owner Book Handover', 'Car Handover | Owner Book Handover', 1, 1, 0, 0, 0, 0),
	(68, 0, '', 'Payment Config', 'payment_config/promotion.php', 'Promotion ', 'Promotion Entry', 1, 0, 0, 0, 0, 0),
	(69, 0, 'finance', 'Finance', 'finance/bank_account.php', 'Bank Account', 'Bank Account Entry', 1, 1, 1, 0, 0, 0),
	(70, 0, 'finance', 'Finance', 'finance/currency_exchange.php', 'Currency Exchange', 'Currency Exchange Entry', 1, 1, 1, 0, 0, 0),
	(71, 0, 'finance', 'Finance', 'finance/request_form.php', 'Request Form ', 'Request Form Entry', 1, 1, 1, 0, 0, 0),
	(72, 0, 'sales', 'Test_Drive', 'test_drive/test_drive_booking.php?act=entry&cid=', 'Test Drive Booking', 'Test Drive Booking Entry', 1, 1, 0, 0, 0, 0),
	(73, 1, '', 'Admin', 'admin/brand.php', 'Brand', 'Brand Entry', 1, 1, 1, 0, 0, 0),
	(74, 1, '', 'Admin', 'admin/model.php', 'Model', 'Model Entry', 1, 1, 1, 0, 0, 0),
	(75, 0, '', 'Test_Drive', 'test_drive/terms_conditions.php?act=entry&id=', 'Test Drive Terms And Condition', 'Test Drive Terms And Condition', 1, 0, 0, 0, 0, 0),
	(76, 0, '', 'Test_Drive', 'test_drive/test_drive_log.php?act=entry&id=', 'Test Drive Log', 'Test Drive Log', 1, 1, 0, 0, 0, 0),
	(77, 0, '', 'Test_Drive', 'test_drive/test_drive_booking_list.php', 'Test Drive Booking List', 'Test Drive Booking List', 0, 1, 1, 0, 0, 0),
	(78, 0, '', 'Test_Drive', 'test_drive/test_drive_result_list.php', 'Test Drive Result List', 'Test Drive Result List', 0, 1, 1, 0, 0, 0),
	(79, 0, '', 'Test_Drive', 'test_drive/test_drive_booking.php?act=edit&id=', 'Test Drive Booking', 'Test Drive Booking ', 0, 1, 1, 0, 0, 0),
	(80, 0, '', 'Finance', 'finance/bank_account_transaction.php', 'Bank Account Transaction', 'Bank Account Transaction Entry', 1, 1, 1, 0, 0, 0),
	(81, 1, 'hr', 'HR', 'hr/department.php', 'Department', 'Department Entry', 1, 0, 0, 1, 0, 0),
	(82, 1, 'hr', 'HR', 'hr/position.php', 'Position', 'Position Entry', 1, 0, 0, 1, 0, 0),
	(83, 1, 'hr', 'HR', 'hr/employee.php', 'Employee', 'Employee Entry', 1, 0, 0, 0, 0, 0),
	(84, 0, '', 'HR', 'reports/employee.php', 'Employee Report', 'Employee Report', 1, 1, 1, 1, 1, 1),
	(85, 0, 'finance', 'Finance', 'finance/price_change_approval.php', 'Price Change Approval', 'Price Change Approval', 0, 1, 1, 0, 0, 0),
	(86, 0, '', 'Spareparts', 'spareparts/group.php', 'Group', 'Type Entry', 1, 0, 0, 0, 0, 0),
	(87, 0, '', 'Spareparts', 'spareparts/spareparts.php', 'Spareparts', 'Spareparts Entry', 1, 1, 1, 0, 1, 0),
	(88, 0, '', 'Spareparts', 'spareparts/sub_group.php', 'Sub Group', 'Category Entry', 1, 0, 0, 0, 0, 0),
	(89, 0, '', 'Spareparts', 'spareparts/store.php', 'Store', 'Store Entry', 1, 0, 0, 0, 0, 0),
	(90, 0, '', 'Spareparts', 'spareparts/sub_store.php', 'Sub Store', 'Sub Store Entry', 1, 0, 0, 0, 0, 0),
	(91, 0, '', 'Services', 'services/service_customer.php', 'Service Customer', 'Service Customer Entry', 1, 0, 0, 0, 0, 0),
	(92, 0, '', 'Services', 'services/service_item.php', 'Service Item', 'Service Item Entry', 1, 0, 0, 0, 0, 0),
	(93, 0, '', 'Services', 'services/service_item_task.php', 'Service Item Task', 'Service Item Task Entry', 1, 0, 0, 0, 0, 0),
	(94, 0, '', 'Services', 'services/service_package.php', 'Service Package', 'Service Package Entry', 1, 0, 0, 0, 0, 0),
	(95, 0, '', 'Services', 'services/service_promotion.php', 'Service Promotion', 'Service Promotion Entry', 1, 0, 0, 0, 0, 0),
	(96, 0, '', 'Services', 'reports/service_customer.php', 'Service Customer Report', 'Service Customer Report', 0, 1, 0, 0, 1, 0),
	(97, 0, '', 'Services', 'services/service_customer_car.php?act=entry&id=', 'Service Customer Car', 'Service Customer Car Entry', 1, 0, 0, 0, 0, 0),
	(98, 0, '', 'Services', 'services/service_center_bay.php', 'Service Center Bay', 'Service Center Bay Entry', 1, 0, 0, 0, 0, 0),
	(99, 0, '', 'Services', 'services/service_bay_services.php', 'Service Bay Services', 'Service Bay Services Entry', 1, 0, 0, 0, 0, 0),
	(100, 0, '', 'Services', 'services/service_appointment_list.php', 'Service Appointment List', 'Service Appointment List', 0, 1, 1, 0, 0, 0),
	(101, 0, '', 'Services', 'services/service.php?act=entry&id=', 'Service', 'Service Entry', 1, 0, 0, 0, 0, 0),
	(102, 0, '', 'Spareparts', 'reports/spareparts.php', 'Spareparts Report', 'Spareparts Report', 0, 1, 0, 0, 1, 0),
	(104, 0, '', 'Services', 'services/service_appointment.php', 'Service Appointment', 'Service Appointment Entry', 1, 0, 0, 0, 0, 0),
	(105, 0, '', 'Spareparts', 'spareparts/spareparts.php?act=edit&id=', 'Spareparts', 'Spareparts Edit', 0, 0, 1, 0, 0, 0),
	(106, 0, '', 'Spareparts', 'upload/upload_spareparts.php?for=spareparts&id=', 'Spareparts Photo', 'Spareparts Photo Upload', 1, 1, 1, 1, 0, 0),
	(107, 0, '', 'Services', 'services/servicing_list.php', 'Servicing List', 'Servicing List', 0, 1, 1, 0, 0, 0),
	(108, 0, '', 'Services', 'services/inspection.php?act=entry&id=', 'Inspection', 'Inspection Entry', 1, 0, 0, 0, 0, 0),
	(109, 0, '', 'Services', 'services/inspection.php?act=edit&id=', 'Inspection', 'Inspection Edit', 0, 1, 1, 0, 0, 0),
	(110, 0, '', 'Services', 'services/service.php?act=edit&id=', 'Service', 'Service Edit', 0, 1, 1, 0, 0, 0),
	(111, 0, '', 'Services', 'services/job_card.php?act=entry&id=', 'Job Card', 'Job Card Entry', 1, 0, 0, 0, 0, 0),
	(112, 0, '', 'Services', 'services/final_inspection.php?act=entry&id=', 'Final Inspection', 'Final Inspection Entry', 1, 0, 0, 0, 0, 0),
	(113, 1, '', 'Logistic', 'logistic/define_price_production_car.php', 'Change Vehicle Order Price', 'Change Vehicle Order Price Entry', 1, 0, 0, 0, 0, 0),
	(116, 0, '', 'Spareparts', 'spareparts/spareparts_store_stock_level.php', 'Store Stock Level', 'Store Stock Level Entry', 1, 0, 0, 0, 0, 0),
	(117, 1, '', 'Admin', 'admin/changepassword.php', 'Change Password', 'Change Password Entry', 1, 0, 0, 0, 0, 0),
	(118, 0, '', 'Spareparts', 'spareparts/service_center_store.php', 'Service Center Store', 'Service Center Store Entry', 1, 0, 0, 0, 0, 0),
	(119, 0, '', 'Spareparts', 'spareparts/spareparts_waiting_list.php', 'Spareparts Waiting List', 'Spareparts Waiting List Entry', 1, 0, 0, 0, 0, 0),
	(120, 0, '', 'Spareparts', 'spareparts/spareparts_pre_order.php?act=entry&id=', 'Spareparts Pre Order', 'Spareparts Pre Order Entry', 1, 0, 0, 0, 0, 0),
	(121, 0, '', 'Spareparts', 'spareparts/sp_waiting_lists.php', 'Spareparts Waiting Lists', 'Spareparts Waiting Lists', 0, 1, 1, 0, 0, 0),
	(122, 0, '', 'Spareparts', 'spareparts/spareparts_order.php', 'Spareparts Order', 'Spareparts Order Entry', 1, 0, 0, 0, 0, 0),
	(123, 0, '', 'Spareparts', 'spareparts/spareparts_receiving.php', 'Spareparts Receiving', 'Spareparts Receiving Entry', 1, 0, 0, 0, 0, 0),
	(124, 0, '', 'Spareparts', 'spareparts/spareparts_issue_note.php', 'Spareparts Issue Note', 'Spareparts Issue Note Entry', 1, 0, 0, 0, 0, 0),
	(125, 0, '', 'Services', 'reports/service_promotion.php', 'Service Promotion Report', 'Service Promotion Report', 0, 1, 0, 0, 0, 0),
	(126, 0, '', 'Services', 'services/service_promotion.php?act=edit&id=', 'Service Promotion Edit', 'Service Promotion Edit', 0, 0, 1, 0, 0, 0),
	(127, 0, '', 'Services', 'spareparts/spareparts_stock_out.php', 'Spareparts Stock Out', 'Spareparts Stock Out Entry', 1, 0, 0, 0, 0, 0),
	(128, 0, '', 'Services', 'spareparts/spareparts_stock_transfer.php', 'Spareparts Stock Transfer', 'Spareparts Stock Transfer Entry', 1, 0, 0, 0, 0, 0),
	(129, 0, '', 'Services', 'spareparts/spareparts_stock_receive.php', 'Spareparts Stock Receive', 'Spareparts Stock Receive Entry', 1, 0, 0, 0, 0, 0),
	(130, 0, '', 'Services', 'services/issue_note.php?act=entry&id=', 'Issue Note', 'Issue Note', 0, 1, 0, 0, 0, 0),
	(132, 0, 'sales', 'Order', 'marketing/customer.php', 'Customer Detail', 'Customer Detail Entry', 1, 0, 0, 0, 0, 0);

-- Dumping structure for table geely_db1.rtad_tax_change_log
DROP TABLE IF EXISTS `rtad_tax_change_log`;
CREATE TABLE IF NOT EXISTS `rtad_tax_change_log` (
  `id` int(11) NOT NULL AUTO_INCREMENT,
  `grade_id` int(11) NOT NULL DEFAULT 0,
  `change_date` varchar(50) NOT NULL DEFAULT '',
  `tax` int(11) NOT NULL DEFAULT 0,
  `entry_by` varchar(50) NOT NULL DEFAULT '',
  `entry_date_time` varchar(50) NOT NULL DEFAULT '',
  PRIMARY KEY (`id`) USING BTREE
) ENGINE=InnoDB AUTO_INCREMENT=28 DEFAULT CHARSET=utf8mb4 COLLATE=utf8mb4_unicode_ci;

-- Dumping data for table geely_db1.rtad_tax_change_log: ~21 rows (approximately)
INSERT INTO `rtad_tax_change_log` (`id`, `grade_id`, `change_date`, `tax`, `entry_by`, `entry_date_time`) VALUES
	(1, 4, '2023-06-21', 120000, 'smo', '2023-06-21 10:40:04'),
	(2, 4, '2023-06-27', 150000, 'oms', '2023-06-27 09:31:43'),
	(3, 15, '2023-07-03', 8560000, 'smo', '2023-07-03 22:12:34'),
	(4, 13, '2023-07-03', 8560000, 'smo', '2023-07-03 22:12:34'),
	(5, 12, '2023-07-11', 20, 'smo', '2023-07-11 11:15:29'),
	(6, 9, '2023-07-11', 50000, 'smo', '2023-07-11 11:17:45'),
	(7, 11, '2023-07-11', 50000, 'smo', '2023-07-11 11:17:45'),
	(8, 10, '2023-07-11', 50000, 'smo', '2023-07-11 11:17:45'),
	(9, 1, '2023-07-29', 969000, 'smo', '2023-07-29 19:24:27'),
	(10, 3, '2023-07-29', 969000, 'smo', '2023-07-29 19:24:27'),
	(11, 8, '2023-07-29', 969000, 'smo', '2023-07-29 19:24:27'),
	(12, 12, '2023-07-29', 969000, 'smo', '2023-07-29 19:24:27'),
	(13, 19, '2023-07-29', 969000, 'smo', '2023-07-29 19:24:27'),
	(14, 21, '2023-07-29', 969000, 'smo', '2023-07-29 19:24:27'),
	(15, 15, '2023-07-29', 969000, 'smo', '2023-07-29 19:24:27'),
	(16, 24, '2023-08-24', 50000, 'smo', '2023-08-24 14:36:49'),
	(17, 30, '2023-10-18', 50000, 'smo', '2023-10-18 09:04:40'),
	(18, 23, '2024-03-15', 50000, 'smo', '2024-03-15 11:14:10'),
	(19, 26, '2024-03-20', 10, 'smo', '2024-03-20 15:20:38'),
	(20, 26, '2024-03-20', 15, 'smo', '2024-03-20 15:20:58'),
	(21, 25, '2024-03-20', 10, 'smo', '2024-03-20 15:21:14'),
	(22, 28, '2024-03-21', 50, 'smo', '2024-03-21 09:09:12'),
	(23, 16, '2024-03-21', 50, 'smo', '2024-03-21 09:10:52'),
	(24, 31, '2024-03-25', 50000, 'smo', '2024-03-25 11:32:41'),
	(25, 31, '2024-04-03', 100000, 'smo', '2024-04-03 16:21:15'),
	(26, 31, '2024-05-13', 1000000, 'smo', '2024-05-13 12:13:57'),
	(27, 31, '2024-05-13', 4443300, 'smo', '2024-05-13 12:21:01');

-- Dumping structure for table geely_db1.sales
DROP TABLE IF EXISTS `sales`;
CREATE TABLE IF NOT EXISTS `sales` (
  `id` int(11) NOT NULL AUTO_INCREMENT,
  `date` varchar(25) NOT NULL DEFAULT '',
  `oc_no` varchar(50) NOT NULL DEFAULT '',
  `customer_id` int(11) NOT NULL DEFAULT 0,
  `broker_id` int(11) NOT NULL DEFAULT 0,
  `broker_name` varchar(150) NOT NULL DEFAULT '',
  `vehicle_status` varchar(50) NOT NULL DEFAULT '',
  `brand` varchar(50) NOT NULL DEFAULT '',
  `model` varchar(100) NOT NULL DEFAULT '',
  `grade` varchar(50) NOT NULL DEFAULT '',
  `model_year` varchar(50) NOT NULL DEFAULT '',
  `vin_no` varchar(50) NOT NULL DEFAULT '',
  `engine_no` varchar(50) NOT NULL DEFAULT '',
  `exterior_color` varchar(100) NOT NULL DEFAULT '',
  `interior_color` varchar(100) NOT NULL DEFAULT '',
  `sales_center` varchar(150) NOT NULL DEFAULT '',
  `sales_type` varchar(150) NOT NULL DEFAULT '',
  `vehicle_price` int(11) NOT NULL DEFAULT 0,
  `commercial_tax` int(11) NOT NULL DEFAULT 0,
  `rtad_tax` int(11) NOT NULL DEFAULT 0,
  `promotion_code` varchar(50) NOT NULL DEFAULT '',
  `promotion_discount` int(11) NOT NULL DEFAULT 0,
  `special_discount` int(11) NOT NULL DEFAULT 0,
  `selling_price` int(11) NOT NULL DEFAULT 0,
  `payment_type` varchar(100) NOT NULL DEFAULT '' COMMENT 'Cash, HP, InHouse',
  `bank` varchar(100) NOT NULL DEFAULT '',
  `payment_percent` int(11) NOT NULL DEFAULT 0,
  `payment_term` int(11) NOT NULL DEFAULT 0,
  `deposit` int(11) NOT NULL DEFAULT 0,
  `same_as_buyer` tinyint(4) NOT NULL DEFAULT 0,
  `rtad_name` varchar(150) NOT NULL DEFAULT '',
  `rtad_nrc_no` varchar(100) NOT NULL DEFAULT '',
  `rtad_mobile_no` varchar(100) NOT NULL DEFAULT '',
  `rtad_township` varchar(255) NOT NULL DEFAULT '',
  `customer_type` varchar(255) NOT NULL DEFAULT '',
  `company_name` varchar(255) NOT NULL DEFAULT '',
  `company_register_no` varchar(255) NOT NULL DEFAULT '',
  `staff_id` int(11) NOT NULL DEFAULT 0,
  `dc_due_date_time` varchar(25) NOT NULL DEFAULT '',
  `payment_due_date_time` varchar(25) NOT NULL DEFAULT '',
  `additional_discount` int(11) NOT NULL DEFAULT 0,
  `dc_nrc` varchar(255) NOT NULL DEFAULT '',
  `dc_census` varchar(255) NOT NULL DEFAULT '',
  `dc_id` varchar(255) NOT NULL DEFAULT '',
  `dc_bl` varchar(255) NOT NULL DEFAULT '',
  `dc_custom_statement` varchar(255) NOT NULL DEFAULT '',
  `dc_purchase_permit` varchar(255) NOT NULL DEFAULT '',
  `dc_income_tax` varchar(255) NOT NULL DEFAULT '',
  `dc_license` varchar(255) NOT NULL DEFAULT '',
  `dc_rta_fees_slip` varchar(255) NOT NULL DEFAULT '',
  `dc_sale_invoice` varchar(255) NOT NULL DEFAULT '',
  `dc_sale_contract` varchar(255) NOT NULL DEFAULT '',
  `dc_delivery_note` varchar(255) NOT NULL DEFAULT '',
  `dc_owner_book` varchar(255) NOT NULL DEFAULT '',
  `dc_others` text NOT NULL,
  `pp_done` tinyint(4) NOT NULL DEFAULT 0,
  `it_done` tinyint(4) NOT NULL DEFAULT 0,
  `appt_done` tinyint(4) NOT NULL DEFAULT 0,
  `pn_done` tinyint(4) NOT NULL DEFAULT 0,
  `ff_done` tinyint(4) NOT NULL DEFAULT 0,
  `pdi_done` tinyint(4) NOT NULL DEFAULT 0,
  `rtd_done` tinyint(4) NOT NULL DEFAULT 0,
  `income_tax` varchar(50) NOT NULL DEFAULT '' COMMENT 'Claim or Payment',
  `income_tax_amount` int(11) NOT NULL DEFAULT 0,
  `it_submission_date` varchar(50) NOT NULL DEFAULT '',
  `it_received_date` varchar(50) NOT NULL DEFAULT '',
  `appointment_date` varchar(25) NOT NULL DEFAULT '',
  `appointment_time` varchar(25) NOT NULL DEFAULT '',
  `rta_office_location` text NOT NULL,
  `plate_no` varchar(25) NOT NULL DEFAULT '',
  `special_plate` tinyint(4) NOT NULL DEFAULT 0,
  `plate_no_img` varchar(255) NOT NULL DEFAULT '',
  `fuel_amount` int(11) NOT NULL DEFAULT 0,
  `handover_date` varchar(50) NOT NULL DEFAULT '',
  `handover_vehicle_img` varchar(255) NOT NULL DEFAULT '',
  `owner_book_img` varchar(255) NOT NULL DEFAULT '',
  `status` varchar(100) NOT NULL DEFAULT '',
  `processing` varchar(100) NOT NULL DEFAULT '' COMMENT 'Deposit Collect,\r\nPayment,\r\nPurchase Permit,\r\nIncome Tax,\r\nRTA Appointment,\r\nPlate Number,\r\nFill the Fuel,\r\nPDI Check List,\r\nReady to Deliver,\r\nCar Handover,\r\nOwner Book Handover,\r\n''''',
  PRIMARY KEY (`id`) USING BTREE
) ENGINE=MyISAM AUTO_INCREMENT=49 DEFAULT CHARSET=utf8mb4 COLLATE=utf8mb4_unicode_ci ROW_FORMAT=DYNAMIC;

-- Dumping data for table geely_db1.sales: 48 rows
/*!40000 ALTER TABLE `sales` DISABLE KEYS */;
INSERT INTO `sales` (`id`, `date`, `oc_no`, `customer_id`, `broker_id`, `broker_name`, `vehicle_status`, `brand`, `model`, `grade`, `model_year`, `vin_no`, `engine_no`, `exterior_color`, `interior_color`, `sales_center`, `sales_type`, `vehicle_price`, `commercial_tax`, `rtad_tax`, `promotion_code`, `promotion_discount`, `special_discount`, `selling_price`, `payment_type`, `bank`, `payment_percent`, `payment_term`, `deposit`, `same_as_buyer`, `rtad_name`, `rtad_nrc_no`, `rtad_mobile_no`, `rtad_township`, `customer_type`, `company_name`, `company_register_no`, `staff_id`, `dc_due_date_time`, `payment_due_date_time`, `additional_discount`, `dc_nrc`, `dc_census`, `dc_id`, `dc_bl`, `dc_custom_statement`, `dc_purchase_permit`, `dc_income_tax`, `dc_license`, `dc_rta_fees_slip`, `dc_sale_invoice`, `dc_sale_contract`, `dc_delivery_note`, `dc_owner_book`, `dc_others`, `pp_done`, `it_done`, `appt_done`, `pn_done`, `ff_done`, `pdi_done`, `rtd_done`, `income_tax`, `income_tax_amount`, `it_submission_date`, `it_received_date`, `appointment_date`, `appointment_time`, `rta_office_location`, `plate_no`, `special_plate`, `plate_no_img`, `fuel_amount`, `handover_date`, `handover_vehicle_img`, `owner_book_img`, `status`, `processing`) VALUES
	(1, '2023-07-25', 'PAL-G00001-2023', 22, 32, 'Ko Aung Ko Oo', 'Instock', 'Geely', 'Geometry F', 'Highest', '2023', '10', '10', 'White', 'Black', 'Ygn Main Show Room', 'Fix', 70000000, 3500000, 20, 'C2356', 80000, 0, 73420020, 'Cash', '', 0, 0, 1000000, 0, 'U Aung Thein', '12/DaGaYa(N)898989', '0925326222', 'Sanchaung', 'Individual', '', '', 29, '2023-07-28 14:52:58', '2023-08-24 15:03:53', 0, '', '', '', '', '', '20230725-PAL-G00001-2023-Purchasepermit.pdf', '20230725-PAL-G00001-2023-Purchasepermit.pdf', '', '', '', '', '', '', '', 1, 1, 1, 1, 1, 1, 1, 'Claim', 5, '2023-07-25', '2023-07-25', '2023-07-25', '06:00', 'Yangon', 'YGN 23 rr-3252', 1, 'plate-no.png', 30000, '2023-07-25', 'handover-vehicle.png', 'owner-book.png', 'Owner Book Handover', ''),
	(2, '2023-07-28', 'PAL-G00004-2023', 15, 0, '', 'Instock', 'Geely', 'Geometry F', 'Highest', '2023', '15', '15', 'White', 'Black', 'Mandalay', 'Fix', 70000000, 3500000, 20, '', 0, 0, 73500020, 'InHouse', '', 30, 24, 1000000, 1, 'Shelle', '4/KaPaLa(N)696666', '09444555666', 'East Dagon', 'Individual', '', '', 3, '2023-07-30 00:01:00', '2023-08-28 22:43:33', 0, '20230731-PAL-G00004-2023-Inspection-in.pdf', '20230731-PAL-G00004-2023-OrderConfirm.pdf', '20230729-PAL-G00004-2023-Inspection-in.pdf', '20230729-PAL-G00004-2023-Inspection-out.pdf', '20230729-PAL-G00004-2023-Inspection-in.pdf', '20230729-PAL-G00004-2023-OrderConfirm-signed.pdf', '20230731-PAL-G00004-2023-Inspection-out.pdf', '20230729-PAL-G00004-2023-Inspection-in.pdf', '20230729-PAL-G00004-2023-Inspection-in.pdf', '', '', '', '', '', 1, 1, 1, 1, 1, 1, 1, 'Claim', 935045, '2023-07-31', '2023-07-31', '2023-07-31', '06:00', 'tesst', 'SGG 43 52-4532', 1, 'plate-no.jpg', 786, '2023-07-31', 'handover-vehicle.jpg', 'owner-book.jpg', 'Owner Book Handover', ''),
	(3, '2023-07-28', 'PAL-G00003-2023', 23, 0, '', 'Instock', 'Geely', 'Geometry F', 'Highest', '2023', '14', '14', 'White', 'Black', 'Ygn Main Show Room', 'Fix', 70000000, 3500000, 20, '', 0, 0, 73500020, 'Cash', '', 0, 0, 1000000, 1, 'THAN', '5/KhaOuNa(N)036698', '095632556', 'Pangsang Township', 'Individual', '', '', 29, '2023-07-30 00:10:50', '2023-08-28 22:43:55', 0, '20230729-PAL-G00003-2023-Contents.pdf', '20230729-PAL-G00003-2023-Contents.pdf', '20230729-PAL-G00003-2023-Inspection-out.pdf', '20230729-PAL-G00003-2023-PrintingGeelyA.pdf', '20230729-PAL-G00003-2023-Inspection-in.pdf', '20230729-PAL-G00003-2023-PrintingGeely.pdf', '20230729-PAL-G00003-2023-Contents.pdf', '20230729-PAL-G00003-2023-OrderConfirm-signed.pdf', '20230729-PAL-G00003-2023-Inspection-in.pdf', '20230731-PAL-G00003-2023-Inspection-out.pdf', '20230731-PAL-G00003-2023-OrderConfirm.pdf', '20230731-PAL-G00003-2023-OrderConfirm.pdf', '20230731-PAL-G00003-2023-Inspection-in.pdf', '', 1, 1, 1, 1, 1, 1, 1, 'Claim', 7450236, '2023-07-29', '2023-07-29', '2023-07-31', '06:00', 'testtest', 'SGG 23 54-5432', 1, 'plate-no.jpg', 999, '2023-07-31', 'handover-vehicle.png', 'owner-book.png', 'Owner Book Handover', ''),
	(4, '2023-07-28', 'PAL-T00002-2023', 23, 0, '', 'Production', 'T', 'Camry', 'GA', '2023', 'V564564', 'E566', 'Black', 'Black', 'Ygn Main Show Room', 'Fix', 100000000, 5000000, 10, '', 0, 0, 105000010, 'Cash', '', 0, 0, 1000000, 1, 'THAN', '5/KhaOuNa(N)036698', '095632556', 'Pangsang Township', 'Individual', '', '', 29, '2023-07-30 01:45:47', '2023-08-28 22:37:33', 0, '20230729-PAL-T00002-2023-Contents.pdf', '20230729-PAL-T00002-2023-Contents.pdf', '20230729-PAL-T00002-2023-Inspection-in.pdf', '20230729-PAL-T00002-2023-Inspection-out.pdf', '20230729-PAL-T00002-2023-OrderConfirm.pdf', '20230729-PAL-T00002-2023-Inspection-in.pdf', '20230729-PAL-T00002-2023-Contents.pdf', '20230729-PAL-T00002-2023-Inspection-out.pdf', '20230729-PAL-T00002-2023-Inspection-in.pdf', '20230731-PAL-T00002-2023-Inspection-out.pdf', '20230731-PAL-T00002-2023-OrderConfirm.pdf', '20230731-PAL-T00002-2023-Inspection-in.pdf', '20230731-PAL-T00002-2023-Inspection-in.pdf', '', 1, 1, 1, 1, 1, 1, 1, 'Claim', 96305, '2023-07-29', '2023-07-29', '2023-07-31', '06:00', 'test', 'AYY 65 ds-8556', 1, 'plate-no.jpg', 960, '2023-07-31', 'handover-vehicle.jpg', 'owner-book.jpg', 'Owner Book Handover', ''),
	(5, '2023-07-28', 'PAL-T00001-2023', 16, 0, '', 'Production', 'TTTT', 'Beetle', 'G1', '2023', 'V6549', 'E14516', 'Silver', 'Orange + Black', 'Mandalay', 'Fix', 22000000, 1100000, 1, '', 0, 0, 23100001, 'Cash', '', 0, 0, 1000000, 1, 'Shelle', '12/AhLaNa(N)000888', '09555444999', 'Hlaing', 'Individual', '', '', 3, '2023-07-30 01:44:59', '2023-08-28 22:43:13', 0, '20230729-PAL-T00001-2023-Contents.pdf', '20230729-PAL-T00001-2023-Contents.pdf', '20230729-PAL-T00001-2023-Inspection-in.pdf', '20230729-PAL-T00001-2023-Inspection-in.pdf', '20230729-PAL-T00001-2023-Inspection-in.pdf', '20230729-PAL-T00001-2023-Inspection-in.pdf', '20230729-PAL-T00001-2023-Contents.pdf', '20230729-PAL-T00001-2023-Inspection-in.pdf', '20230729-PAL-T00001-2023-Inspection-in.pdf', '', '', '', '', '', 1, 1, 1, 1, 1, 1, 1, 'Payment', 3260, '2023-07-29', '2023-07-29', '2023-07-31', '06:00', 'test', 'AYY 45 56-2542', 0, 'plate-no.jpg', 9690, '2023-07-31', 'handover-vehicle.jpg', 'owner-book.jpg', 'Owner Book Handover', ''),
	(6, '2023-08-16', 'PAL-G00006-2023', 21, 16, 'U Win Hlaing', 'Instock', 'Geely', 'Geometry F', 'Highest', '2023', '17', '17', 'White', 'Black', 'Mandalay', 'Fix', 96900000, 4845000, 969000, 'C2356', 90000, 0, 102624000, 'Cash', '', 0, 0, 1000000, 1, 'pp', '2/DaMaSa(N)133454', '097846322112', 'Ngwehsaung', 'Individual', '', '', 3, '2023-08-17 11:38:55', '2023-09-15 13:29:08', 0, '', '', '', '', '', '', '', '', '', '', '', '', '', '', 1, 1, 1, 1, 1, 0, 0, 'Claim', 500, '2023-08-16', '2023-08-16', '2023-08-16', '06:00', 'rrrr', 'SHN 25 34-4234', 1, 'plate-no.jpg', 4000, '', '', '', 'Fill the Fuel', 'PDI Check List'),
	(7, '2023-08-24', 'PAL-G00007-2023', 15, 0, '', 'Instock', 'Geely', 'Geometry F', 'Highest', '2023', '18', '18', 'White', 'Black', 'Mandalay', 'Fix', 96900000, 4845000, 969000, '', 0, 0, 102714000, 'Cash', '', 0, 0, 1000000, 1, 'Shelle', '4/KaPaLa(N)696666', '09444555666', 'East Dagon', 'Individual', '', '', 3, '2023-08-25 19:04:56', '2023-09-23 20:05:28', 0, '', '', '', '', '', '', '', '', '', '', '', '', '', '', 1, 1, 1, 1, 1, 1, 1, 'Claim', 40000, '2023-10-18', '2023-10-18', '2023-10-18', '06:00', '', 'SHN 12 51-1521', 1, 'plate-no.jpg', 5000, '', '', '', 'Ready to Deliver', 'Handover'),
	(8, '2023-09-18', 'PAL-G00008-2023', 3, 0, '', 'Instock', 'Geely', 'Geometry F', 'Highest', '2023', '19', '19', 'White', 'Black', 'Mandalay', 'Fix', 96900000, 4845000, 969000, '', 0, 0, 102714000, 'Cash', '', 0, 0, 1000000, 1, 'Aung Aung', '1/AhGaYa(N)123049', '09239482013', 'Amarapura', 'Individual', '', '', 3, '2023-09-19 16:39:27', '2023-10-18 17:43:15', 0, '', '', '', '', '', '', '', '', '', '', '', '', '', '', 0, 0, 0, 0, 0, 0, 0, '', 0, '', '', '', '', '', '', 0, '', 0, '', '', '', 'Deposit Collect', 'Payment'),
	(9, '2023-08-08', 'PAL-T00003-2023', 24, 0, '', 'Production', 'TEST B', 'momo', 'Highest', '2020', '', '', 'Silver', 'Orange + Black', 'Junction Square', 'Fix', 96900000, 4845000, 969000, '', 0, 0, 102714000, 'Cash', '', 0, 0, 1000000, 0, 'kyaw kyaw', '4/HtaTaLa(N)856952', '09569823569', 'Hinthada', 'Individual', '', '', 41, '', '', 0, '', '', '', '', '', '', '', '', '', '', '', '', '', '', 0, 0, 0, 0, 0, 0, 0, '', 0, '', '', '', '', '', '', 0, '', 0, '', '', '', 'Confirm Order', 'Deposit Collect'),
	(10, '2023-08-08', 'PAL-G00005-2023', 24, 0, '', 'Instock', 'Geely', 'Geometry F', 'Highest', '2023', '16', '16', 'White', 'Black', 'Junction Square', 'Fix', 96900000, 4845000, 969000, '', 0, 0, 102714000, 'Cash', '', 0, 0, 1000000, 1, 'tun tun', '7/KaWaNa(N)596326', '06969696969', 'Monyo', 'Individual', '', '', 41, '', '', 0, '', '', '', '', '', '', '', '', '', '', '', '', '', '', 0, 0, 0, 0, 0, 0, 0, '', 0, '', '', '', '', '', '', 0, '', 0, '', '', '', 'Confirm Order', 'Deposit Collect'),
	(11, '2023-11-23', 'PAL-G00009-2023', 3, 0, '', 'Instock', 'Geely', 'Azkarra', 'GF', '2020', 'V6589', 'E5423', 'Black', 'Red + Black', 'Mandalay', 'Fix', 50000000, 2500000, 969000, '', 0, 0, 53469000, 'HP', 'AGD', 30, 36, 1000000, 1, 'Aung Aung', '1/AhGaYa(N)123049', '09239482013', 'Amarapura', 'Individual', '', '', 3, '2023-11-24 19:24:30', '2023-12-23 20:25:03', 0, '', '', '', '', '', '', '', '', '', '', '', '', '', '', 0, 0, 0, 0, 0, 0, 0, '', 0, '', '', '', '', '', '', 0, '', 0, '', '', '', 'Payment', 'Purchase Permit'),
	(12, '2023-12-15', 'PAL-G00010-2023', 21, 31, 'Daw Mya Mya', 'Instock', 'Geely', 'Azkarra', 'GF', '2020', 'V561321', '3E3321', 'Black', 'Red + Black', 'Mandalay', 'Fix', 50000000, 2500000, 969000, '', 0, 0, 53469000, 'Cash', '', 0, 0, 1000000, 1, 'pp', '2/DaMaSa(N)133454', '097846322112', 'Ngwehsaung', 'Individual', '', '', 3, '2023-12-16 16:12:20', '2024-01-19 13:45:51', 0, '', '', '', '', '', '', '', '', '', '', '', '', '', '', 0, 0, 0, 0, 0, 0, 0, '', 0, '', '', '', '', '', '', 0, '', 0, '', '', '', 'Payment', 'Purchase Permit'),
	(13, '2023-12-15', 'PAL-G00011-2023', 16, 0, '', 'Instock', 'Geely', 'BBBBB', 'MMMM', '2023', 'cccc', 'cccc', 'Black', 'Black', 'Mandalay', 'Fix', 45000000, 2250000, 50000, '', 0, 0, 47300000, 'Cash', '', 0, 0, 1000000, 1, 'Shelle', '12/AhLaNa(N)000888', '09555444999', 'Hlaing', 'Individual', '', '', 3, '2023-12-16 16:12:57', '2024-01-14 17:43:02', 0, '', '', '', '', '', '', '', '', '', '', '', '', '', '', 0, 0, 0, 0, 0, 0, 0, '', 0, '', '', '', '', '', '', 0, '', 0, '', '', '', 'Payment', 'Purchase Permit'),
	(14, '2023-12-26', 'PAL-T00004-2023', 25, 33, 'HNI', 'Instock', 'T', 'Camry', 'GA', '2023', 'V65625', 'E56155', 'Black', 'Black', 'Mandalay', 'Fix', 100000000, 5000000, 10, '', 0, 0, 105000010, 'Cash', '', 0, 0, 1000000, 1, 'kyaw gyi', '3/KaDaNa(A)124342', '0987654', 'Lemyethna', 'Individual', '', '', 3, '2023-12-27 18:50:28', '2024-01-28 04:03:53', 0, '', '', '', '', '', '', '', '', '', '', '', '', '', '', 0, 0, 0, 0, 0, 0, 0, '', 0, '', '', '', '', '', '', 0, '', 0, '', '', '', 'Deposit Collect', 'Payment'),
	(15, '2023-12-26', 'PAL-G00012-2023', 3, 0, '', 'Instock', 'TEST B', 'momo', 'Highest', '2020', 'V654561', 'E65+', 'Silver', 'Orange + Black', 'Mandalay', 'Fix', 96900000, 4845000, 969000, '', 0, 0, 102714000, 'Cash', '', 0, 0, 0, 1, 'Aung Aung', '1/AhGaYa(N)123049', '09239482013', 'Amarapura', 'Individual', '', '', 3, '2023-12-27 18:58:48', '2024-04-10 17:00:14', 0, '', '', '', '', '', '', '', '', '', '', '', '', '', '', 0, 0, 0, 0, 0, 0, 0, '', 0, '', '', '', '', '', '', 0, '', 0, '', '', '', 'Deposit Collect', 'Payment'),
	(16, '2023-12-29', 'PAL-G00013-2023', 25, 32, 'Ko Aung Ko Oo', 'Instock', 'Geely', 'BBBBB', 'MMMM', '2023', 'vvvv', 'vvvv', 'Black', 'Black', 'Mandalay', 'Fix', 45000000, 2250000, 50000, '', 0, 0, 47300000, 'HP', 'AGD', 10, 24, 3000000, 1, 'kyaw gyi', '3/KaDaNa(A)124342', '0987654', 'Lemyethna', 'Individual', '', '', 3, '2023-12-30 02:58:10', '2024-01-28 03:59:44', 0, '', '', '', '', '', '', '', '', '', '', '', '', '', '', 0, 0, 0, 0, 0, 0, 0, '', 0, '', '', '', '', '', '', 0, '', 0, '', '', '', 'Payment', 'Purchase Permit'),
	(17, '2023-12-29', 'PAL-C00001-2023', 26, 0, '', 'Instock', 'CC', 'Sport', 'AT', '2022', 'VN00011', 'EN00011', 'Blue', 'Black', 'Mandalay', 'Fix', 110000000, 5500000, 1000000, '', 0, 0, 116500000, 'HP', 'AGD', 10, 24, 2000000, 1, 'app testing', '5/DaPaYa(N)124124', '0912451251', 'Lemyethna', 'Individual', '', '', 3, '2023-12-30 03:06:32', '2024-01-28 04:07:18', 0, '', '', '', '', '', '', '', '', '', '', '', '', '', '', 0, 0, 0, 0, 0, 0, 0, '', 0, '', '', '', '', '', '', 0, '', 0, '', '', '', 'Payment', 'Purchase Permit'),
	(18, '2023-12-29', 'PAL-C00002-2023', 16, 0, '', 'Instock', 'CC', 'Sport', 'AT', '2022', 'VN00012', 'EN00012', 'Blue', 'Black', 'Mandalay', 'Fix', 110000000, 5500000, 1000000, '', 0, 0, 116500000, 'HP', 'CB', 30, 24, 1000000, 1, 'Shelle', '12/AhLaNa(N)000888', '09555444999', 'Hlaing', 'Individual', '', '', 3, '2023-12-30 12:55:02', '2024-01-28 13:55:32', 0, '', '', '', '', '', '', '', '', '', '', '', '', '', '', 0, 0, 0, 0, 0, 0, 0, '', 0, '', '', '', '', '', '', 0, '', 0, '', '', '', 'Payment', 'Purchase Permit'),
	(19, '2024-01-04', 'PAL-T00002-2024', 26, 0, '', 'Instock', 'TEST B', 'momo', 'Highest', '2020', 'V15616', 'E1556', 'Silver', 'Orange + Black', 'Mandalay', 'Fix', 96900000, 4845000, 969000, '', 0, 0, 102714000, 'Cash', '', 0, 0, 3000000, 1, 'app testing', '5/DaPaYa(N)124124', '0912451251', 'Lemyethna', 'Individual', '', '', 3, '2024-01-05 15:43:46', '2024-02-03 16:46:48', 0, '', '', '', '', '', '', '', '', '', '', '', '', '', '', 0, 0, 0, 0, 0, 0, 0, '', 0, '', '', '', '', '', '', 0, '', 0, '', '', '', 'Deposit Collect', 'Payment'),
	(20, '2024-01-05', 'PAL-G00001-2024', 26, 0, '', 'Instock', 'Geely', 'BBBBB', 'MMMM', '2023', 'bbbb', 'bbbbb', 'Black', 'Black', 'Mandalay', 'Fix', 45000000, 2250000, 50000, '', 0, 0, 47300000, 'Cash', '', 0, 0, 4000000, 1, 'app testing', '5/DaPaYa(N)124124', '0912451251', 'Lemyethna', 'Individual', '', '', 3, '2024-01-06 12:42:05', '2024-02-04 13:43:29', 0, '', '', '', '', '', '', '', '', '', '', '', '', '', '', 0, 0, 0, 0, 0, 0, 0, '', 0, '', '', '', '', '', '', 0, '', 0, '', '', '', 'Payment', 'Purchase Permit'),
	(21, '2024-03-11', 'PAL-G00003-2024', 37, 0, '', 'Instock', 'Geely', 'BBBBB', 'MMMM', '2023', '6767623', '2737232', 'Silver', 'Orange + Black', 'Mandalay', 'Fix', 50000000, 2500000, 50000, '', 0, 0, 52550000, 'Cash', '', 0, 0, 1000000, 1, 'ddd', '7/KaKaNa(P)124125', '124', 'Myanaung', 'Individual', '', '', 3, '2024-03-12 15:45:00', '2024-04-10 16:45:46', 0, '', '', '', '', '', '', '', '', '', '', '', '', '', '', 1, 1, 1, 1, 0, 0, 0, 'Claim', 50000, '2024-03-11', '2024-03-11', '2024-03-11', '06:00', '', 'SGG 12 41-1241', 0, 'plate-no.jpg', 0, '', '', '', 'Plate Number', 'Fill the Fuel'),
	(22, '2024-03-11', 'PAL-G00004-2024', 39, 0, '', 'Preorder', 'Geely', 'Azkarra', 'GF', '2020', 'V566849', 'E98432', 'Black', 'Red + Black', 'Mandalay', 'Fix', 50000000, 2500000, 969000, '', 0, 0, 53469000, 'HP', 'AYA', 60, 36, 1000000, 1, 'promotion custoemrtest', '4/KaPaLa(N)124124', '1231234512345', 'Myanaung', 'Individual', '', '', 3, '2024-03-12 16:17:40', '2024-04-10 17:18:59', 0, '', '', '', '', '', '', '', '', '', '', '', '', '', '', 0, 0, 0, 0, 0, 0, 0, '', 0, '', '', '', '', '', '', 0, '', 0, '', '', '', 'Payment', 'Purchase Permit'),
	(23, '2024-03-15', 'PAL-G00005-2024', 40, 0, '', 'Instock', 'Geely', 'BBBBB', 'MMMM', '2023', '235126', '2362362', 'Silver', 'Orange + Black', 'Mandalay', 'Fix', 50000000, 2500000, 50000, '', 0, 0, 52550000, 'HP', 'AYA', 30, 36, 1000000, 1, 'testing', '2/DaMaSa(P)123124', '11111111111111111111', 'Kyangin', 'Individual', '', '', 3, '2024-03-16 12:24:46', '2024-04-14 13:25:47', 0, '', '', '', '', '', '', '', '', '', '', '', '', '', '', 0, 0, 0, 0, 0, 0, 0, '', 0, '', '', '', '', '', '', 0, '', 0, '', '', '', 'Payment', 'Purchase Permit'),
	(24, '2024-03-15', 'PAL-G00006-2024', 39, 0, '', 'Instock', 'Geely', 'Coolray', 'GC', '2020', 'V6523', 'E8566', 'White', 'Red + Black', 'Mandalay', 'Fix', 70000000, 3500000, 150000, '', 0, 0, 73650000, 'HP', 'AYA', 40, 24, 1000000, 1, 'promotion custoemrtest', '4/KaPaLa(N)124124', '1231234512345', 'Myanaung', 'Individual', '', '', 3, '2024-03-16 13:35:11', '2024-04-14 14:36:20', 0, '', '', '', '', '', '', '', '', '', '', '', '', '', '', 0, 0, 0, 0, 0, 0, 0, '', 0, '', '', '', '', '', '', 0, '', 0, '', '', '', 'Payment', 'Purchase Permit'),
	(25, '2024-03-21', 'PAL-G00008-2024', 41, 0, '', 'Instock', 'Geely', 'Geometry C', 'Highest', '2023', 'V894652', 'E856', 'White', 'Black', 'Mandalay', 'Fix', 127500000, 6375000, 50000, '', 0, 0, 133925000, 'Cash', '', 0, 0, 1000000, 1, 'SM', '9/SaKaTa(N)123456', '09250035033', 'Kyaunggon', 'Individual', '', '', 3, '2024-03-22 13:09:09', '2024-04-20 14:24:17', 0, '', '', '', '', '', '', '', '', '', '', '', '', '', '', 0, 0, 0, 0, 0, 0, 0, '', 0, '', '', '', '', '', '', 0, '', 0, '', '', '', 'Payment', 'Purchase Permit'),
	(26, '2024-03-21', 'PAL-G00009-2024', 41, 0, '', 'Instock', 'Geely', 'Coolray', 'GC', '2020', 'V9635', 'E7452', 'White', 'Red + Black', 'Mandalay', 'Fix', 70000000, 3500000, 150000, '', 0, 0, 73650000, 'Cash', '', 0, 0, 3000000, 1, 'SM', '9/SaKaTa(N)123456', '09250035033', 'Kyaunggon', 'Individual', '', '', 3, '2024-03-22 15:42:12', '2024-04-20 16:46:10', 0, '', '', '', '', '', '', '', '', '', '', '', '', '', '', 0, 0, 0, 0, 0, 0, 0, '', 0, '', '', '', '', '', '', 0, '', 0, '', '', '', 'Payment', 'Purchase Permit'),
	(27, '2024-03-21', 'PAL-G00011-2024', 45, 0, '', 'Instock', 'Geely', 'Geometry F', 'Highest', '2023', '20', '20', 'White', 'Black', 'Mandalay', 'Fix', 96900000, 4845000, 969000, '', 0, 0, 102714000, 'Cash', '', 0, 0, 2500000, 1, 'Sm', '4/HaKhaNa(N)12345', '0998745', 'Kyangin', 'Individual', '', '', 3, '2024-03-22 16:05:15', '2024-05-01 18:02:35', 0, '', '', '', '', '', '', '', '', '', '', '', '', '', '', 0, 0, 0, 0, 0, 0, 0, '', 0, '', '', '', '', '', '', 0, '', 0, '', '', '', 'Deposit Collect', 'Payment'),
	(28, '2024-03-21', 'PAL-G00012-2024', 44, 0, '', 'Instock', 'Geely', 'BBBBB', 'MMMM', '2023', '11111', '11111', 'Silver', 'Orange + Black', 'Mandalay', 'Fix', 50000000, 2500000, 50000, '', 0, 0, 52550000, 'HP', 'AYA', 10, 12, 2000000, 1, 'SS', '5/HtaPaKha(N)123456', '09954512', 'Lemyethna', 'Individual', '', '', 3, '2024-03-22 16:24:48', '2024-04-24 03:37:36', 0, '', '', '', '', '', '', '', '', '', '', '', '', '', '', 0, 0, 0, 0, 0, 0, 0, '', 0, '', '', '', '', '', '', 0, '', 0, '', '', '', 'Deposit Collect', 'Payment'),
	(29, '2024-03-21', 'PAL-G00013-2024', 42, 0, '', 'Production', 'Geely', 'Azkarra', 'GF', '2020', '', '', 'Black', 'Red + Black', 'Mandalay', 'Fix', 50000000, 2500000, 969000, '', 0, 0, 53469000, 'HP', 'AYA', 10, 12, 1000000, 1, 'NNK_Testing', '5/AhYaTa(N)123124', '33503350', 'Hlaing', 'Individual', '', '', 3, '2024-03-22 17:53:35', '2024-04-24 02:38:02', 0, '', '', '', '', '', '', '', '', '', '', '', '', '', '', 0, 0, 0, 0, 0, 0, 0, '', 0, '', '', '', '', '', '', 0, '', 0, '', '', '', 'Deposit Collect', 'Payment'),
	(30, '2024-03-22', 'PAL-G00014-2024', 45, 0, '', 'Instock', 'Geely', 'Coolray', 'GC', '2020', 'V56564', 'E162', 'White', 'Red + Black', 'Mandalay', 'Fix', 70000000, 3500000, 150000, '', 0, 0, 73650000, 'Cash', '', 0, 0, 1500000, 1, 'Sm', '4/HaKhaNa(N)12345', '0998745', 'Kyangin', 'Individual', '', '', 3, '2024-03-23 13:40:31', '2024-04-21 16:27:13', 0, '', '', '', '', '', '', '', '', '', '', '', '', '', '', 0, 0, 0, 0, 0, 0, 0, '', 0, '', '', '', '', '', '', 0, '', 0, '', '', '', 'Payment', 'Purchase Permit'),
	(31, '2024-03-24', 'PAL-G00015-2024', 45, 0, '', 'Instock', 'Geely', 'Coolray', 'GF', '2020', 'VN1256', 'EN0254', 'White', 'Red + Black', 'Mandalay', 'Fix', 80000000, 4000000, 969000, '', 0, 0, 84969000, 'Cash', '', 0, 0, 1000000, 1, 'Sm', '4/HaKhaNa(N)12345', '0998745', 'Kyangin', 'Individual', '', '', 3, '2024-03-26 02:00:04', '2024-04-24 03:19:24', 0, '', '', '', '', '', '', '', '', '', '', '', '', '', '', 0, 0, 0, 0, 0, 0, 0, '', 0, '', '', '', '', '', '', 0, '', 0, '', '', '', 'Deposit Collect', 'Payment'),
	(32, '2024-03-25', 'PAL-G00016-2024', 45, 0, '', 'Instock', 'Geely', 'Coolray', 'GF', '2020', 'V4523', 'E5698', 'White', 'Red + Black', 'Mandalay', 'Fix', 80000000, 4000000, 969000, '', 0, 0, 84969000, 'HP', 'AYA', 40, 24, 1000000, 1, 'Sm', '4/HaKhaNa(N)12345', '0998745', 'Kyangin', 'Individual', '', '', 3, '2024-03-26 13:57:30', '2024-04-24 14:58:24', 0, '', '', '', '', '', '', '', '', '', '', '', '', '', '', 0, 0, 0, 0, 0, 0, 0, '', 0, '', '', '', '', '', '', 0, '', 0, '', '', '', 'Payment', 'Purchase Permit'),
	(33, '2024-03-29', 'PAL-G00017-2024', 45, 0, '', 'Instock', 'Geely', 'Coolray', 'GF', '2020', 'V651564', 'E2561', 'White', 'Red + Black', 'Mandalay', 'Fix', 80000000, 4000000, 969000, '', 0, 0, 84969000, 'Cash', '', 0, 0, 1500000, 1, 'Sm', '4/HaKhaNa(N)12345', '0998745', 'Kyangin', 'Individual', '', '', 3, '2024-03-30 17:56:29', '2024-04-28 19:05:11', 0, '', '', '', '', '', '', '', '', '', '', '', '', '', '', 0, 0, 0, 0, 0, 0, 0, '', 0, '', '', '', '', '', '', 0, '', 0, '', '', '', 'Deposit Collect', 'Payment'),
	(34, '2024-04-01', 'PAL-G00018-2024', 45, 0, '', 'Instock', 'Geely', 'Coolray', 'GF', '2020', 'V2313', 'E132', 'White', 'Red + Black', 'Mandalay', 'Fix', 80000000, 4000000, 969000, '', 0, 0, 84969000, 'Cash', '', 0, 0, 1500000, 1, 'Sm', '4/HaKhaNa(N)12345', '0998745', 'Kyangin', 'Individual', '', '', 3, '2024-04-02 13:03:19', '2024-05-01 14:25:17', 0, '', '', '', '', '', '', '', '', '', '', '', '', '', '', 0, 0, 0, 0, 0, 0, 0, '', 0, '', '', '', '', '', '', 0, '', 0, '', '', '', 'Deposit Collect', 'Payment'),
	(35, '2024-04-02', 'PAL-G00019-2024', 45, 0, '', 'Instock', 'Geely', 'Geometry F', 'AAAAA', '2023', '5215123', '1251251', 'Silver', 'Red + Black', 'Mandalay', 'Fix', 60000000, 3000000, 5000, '', 0, 0, 63005000, 'Cash', '', 0, 0, 1000000, 1, 'Sm', '4/HaKhaNa(N)12345', '0998745', 'Kyangin', 'Individual', '', '', 3, '2024-04-04 18:25:13', '2024-05-04 16:43:16', 0, '', '', '', '', '', '', '', '', '', '', '', '', '', '', 0, 0, 0, 0, 0, 0, 0, '', 0, '', '', '', '', '', '', 0, '', 0, '', '', '', 'Deposit Collect', 'Payment'),
	(36, '2024-04-02', 'PAL-G00020-2024', 44, 0, '', 'Instock', 'Geely', 'Geometry F', 'AAAAA', '2023', '3462727', '3473632', 'Silver', 'Red + Black', 'Mandalay', 'Fix', 60000000, 3000000, 5000, '', 0, 0, 63005000, 'Cash', '', 0, 0, 1000000, 1, 'SS', '5/HtaPaKha(N)123456', '09954512', 'Lemyethna', 'Individual', '', '', 3, '2024-04-03 12:31:57', '2024-05-03 14:28:16', 0, '', '', '', '', '', '', '', '', '', '', '', '', '', '', 0, 0, 0, 0, 0, 0, 0, '', 0, '', '', '', '', '', '', 0, '', 0, '', '', '', 'Deposit Collect', 'Payment'),
	(37, '2024-04-02', 'PAL-G00022-2024', 44, 0, '', 'Instock', 'Geely', 'Geometry F', 'Highest', '2023', 'V5465', 'E4665', 'White', 'Black', 'Mandalay', 'Fix', 96900000, 4845000, 969000, '', 0, 0, 102714000, 'Cash', '', 0, 0, 1000000, 1, 'SS', '5/HtaPaKha(N)123456', '09954512', 'Lemyethna', 'Individual', '', '', 3, '2024-04-03 17:20:26', '2024-05-02 18:51:32', 0, '', '', '', '', '', '', '', '', '', '', '', '', '', '', 0, 0, 0, 0, 0, 0, 0, '', 0, '', '', '', '', '', '', 0, '', 0, '', '', '', 'Deposit Collect', 'Payment'),
	(38, '2024-04-03', 'PAL-G00025-2024', 43, 0, '', 'Instock', 'Geely', 'Geometry F', 'Highest', '2023', 'E56123.0', 'V5230', 'White', 'Black', 'Mandalay', 'Fix', 96900000, 4845000, 969000, '', 0, 0, 102714000, 'Cash', '', 0, 0, 1000000, 1, 'Test_Sm', '5/AhYaTa(N)123456', '123', 'Myaungmya', 'Individual', '', '', 3, '2024-04-04 13:09:05', '2024-05-03 14:10:00', 0, '', '', '', '', '', '', '', '', '', '', '', '', '', '', 0, 0, 0, 0, 0, 0, 0, '', 0, '', '', '', '', '', '', 0, '', 0, '', '', '', 'Deposit Collect', 'Payment'),
	(39, '2024-04-03', 'PAL-G00026-2024', 45, 0, '', 'Instock', 'Geely', 'Geometry F', 'Highest', '2023', 'V5632.0', 'E+63.523', 'White', 'Black', 'Mandalay', 'Fix', 96900000, 4845000, 969000, '', 0, 0, 102714000, 'Cash', '', 0, 0, 1000000, 1, 'Sm', '4/HaKhaNa(N)12345', '09999123', 'Kyangin', 'Individual', '', '', 3, '2024-04-04 13:41:12', '2024-05-03 17:48:10', 0, '', '', '', '', '', '', '', '', '', '', '', '', '', '', 0, 0, 0, 0, 0, 0, 0, '', 0, '', '', '', '', '', '', 0, '', 0, '', '', '', 'Deposit Collect', 'Payment'),
	(40, '2024-04-03', 'PAL-G00027-2024', 43, 0, '', 'Instock', 'Geely', 'Geometry F', 'Highest', '2023', 'V230', '0+E6523', 'White', 'Black', 'Mandalay', 'Fix', 96900000, 4845000, 969000, '', 0, 0, 102714000, 'Cash', '', 0, 0, 1000000, 1, 'Test_Sm', '5/AhYaTa(N)123456', '123', 'Myaungmya', 'Individual', '', '', 3, '2024-04-04 15:40:17', '2024-05-03 16:43:25', 0, '', '', '', '', '', '', '', '', '', '', '', '', '', '', 0, 0, 0, 0, 0, 0, 0, '', 0, '', '', '', '', '', '', 0, '', 0, '', '', '', 'Deposit Collect', 'Payment'),
	(41, '2024-04-03', 'PAL-T00003-2024', 44, 0, '', 'Instock', 'T', 'Camry', 'GA', '2023', '30V412', 'E6123', 'Black', 'Black', 'Mandalay', 'Fix', 100000000, 5000000, 50, '', 0, 0, 105000050, 'Cash', '', 0, 0, 1500000, 1, 'SS', '5/HtaPaKha(N)123456', '123', 'Lemyethna', 'Individual', '', '', 3, '2024-04-04 15:57:42', '2024-05-03 16:59:13', 0, '', '', '', '', '', '', '', '', '', '', '', '', '', '', 0, 0, 0, 0, 0, 0, 0, '', 0, '', '', '', '', '', '', 0, '', 0, '', '', '', 'Payment', 'Purchase Permit'),
	(42, '2024-04-03', 'PAL-G00024-2024', 41, 0, '', 'Instock', 'Geely', 'Geometry F', 'Highest', '2023', 'V89456123', 'V8645123', 'White', 'Black', 'Mandalay', 'Fix', 96900000, 4845000, 969000, '', 0, 0, 102714000, 'Cash', '', 0, 0, 1500000, 1, 'SM', '9/SaKaTa(N)123456', '123', 'Kyaunggon', 'Individual', '', '', 3, '2024-04-04 16:45:40', '2024-05-04 14:02:01', 0, '', '', '', '', '', '', '', '', '', '', '', '', '', '', 0, 0, 0, 0, 0, 0, 0, '', 0, '', '', '', '', '', '', 0, '', 0, '', '', '', 'Deposit Collect', 'Payment'),
	(43, '2024-04-02', 'PAL-G00023-2024', 41, 0, '', 'Instock', 'Geely', 'Geometry F', 'Highest', '2023', 'V6543', 'E551230', 'White', 'Black', 'Mandalay', 'Fix', 96900000, 4845000, 969000, '', 0, 0, 102714000, 'Cash', '', 0, 0, 1000000, 1, 'SM', '9/SaKaTa(N)123456', '09250035033', 'Kyaunggon', 'Individual', '', '', 3, '2024-04-04 16:59:09', '2024-05-03 18:00:50', 0, '', '', '', '', '', '', '', '', '', '', '', '', '', '', 0, 0, 0, 0, 0, 0, 0, '', 0, '', '', '', '', '', '', 0, '', 0, '', '', '', 'Deposit Collect', 'Payment'),
	(44, '2024-04-04', 'PAL-T00004-2024', 44, 0, '', 'Instock', 'TTTT', 'Beetle', 'G1', '2023', 'V56498', 'E9456165', 'Silver', 'Orange + Black', 'Mandalay', 'Fix', 22000000, 1100000, 1, '', 0, 0, 23100001, 'Cash', '', 0, 0, 1000000, 1, 'SS', '5/HtaPaKha(N)123456', '123', 'Lemyethna', 'Individual', '', '', 3, '2024-04-05 12:03:43', '2024-05-04 13:06:46', 0, '', '', '', '', '', '', '', '', '', '', '', '', '', '', 0, 0, 0, 0, 0, 0, 0, '', 0, '', '', '', '', '', '', 0, '', 0, '', '', '', 'Payment', 'Purchase Permit'),
	(45, '2024-04-12', 'PAL-G00028-2024', 45, 0, '', 'Preorder', 'Geely', 'BBBBB', 'MMMM', '2023', '123', '123', 'Black', 'Black', 'Mandalay', 'Fix', 45000000, 2250000, 50000, '', 0, 0, 47300000, 'Cash', '', 0, 0, 1000000, 1, 'Sm', '4/HaKhaNa(N)12345', '09999123', 'Kyangin', 'Individual', '', '', 3, '2024-04-13 13:53:49', '', 0, '', '', '', '', '', '', '', '', '', '', '', '', '', '', 0, 0, 0, 0, 0, 0, 0, '', 0, '', '', '', '', '', '', 0, '', 0, '', '', '', 'Confirm Order', 'Deposit Collect'),
	(46, '2024-05-14', 'PAL-C00001-2024', 45, 0, '', 'Instock', 'CC', 'Sport', 'AT', '2022', '2222222222', '2222222', 'Blue', 'Black', 'Mandalay', 'Fix', 50000000, 1883652, 4443300, 'ttt', 5000000, 1000000, 44000000, 'Cash', '', 0, 0, 1000000, 1, 'Sm', '4/HaKhaNa(N)12345', '09999123', 'Kyangin', 'Individual', '', '', 3, '2024-05-16 01:22:08', '2024-07-07 18:56:44', 0, '', '', '', '', '', '', '', '', '', '', '', '', '', '', 0, 0, 0, 0, 0, 0, 0, '', 0, '', '', '', '', '', '', 0, '', 0, '', '', '', 'Deposit Collect', 'Payment'),
	(47, '2024-05-16', 'PAL-C00002-2024', 44, 0, '', 'Instock', 'CC', 'Sport', 'AT', '2022', 'dasdasd', 'dsadasda', 'Blue', 'Black', 'Mandalay', 'Fix', 50000000, 1883652, 4443300, 'ttt', 5000000, 1000000, 44000000, 'Cash', '', 0, 0, 1000000, 1, 'SS', '5/HtaPaKha(N)123456', '09788888', 'Lemyethna', 'Individual', '', '', 3, '', '', 0, '', '', '', '', '', '', '', '', '', '', '', '', '', '', 0, 0, 0, 0, 0, 0, 0, '', 0, '', '', '', '', '', '', 0, '', 0, '', '', '', 'Confirm Order', 'Deposit Collect'),
	(48, '2024-06-07', 'PAL-C00004-2024', 47, 0, '', 'Instock', 'CC', 'Sport', 'AT', '2022', 'vvvvvv', 'vvvvvvvvvv', 'Blue', 'Black', 'Mandalay', 'Fix', 50000000, 2121748, 4443300, '', 0, 1000000, 49000000, 'Cash', '', 0, 0, 1000000, 1, 'Thazin', '7/KaTaKha(N)123654', '09250035033', 'Hinthada', 'Individual', '', '', 3, '2024-06-11 13:32:59', '2024-07-10 14:54:29', 0, '', '', '', '', '', '', '', '', '', '', '', '', '', '', 0, 0, 0, 0, 0, 0, 0, '', 0, '', '', '', '', '', '', 0, '', 0, '', '', '', 'Deposit Collect', 'Payment');
/*!40000 ALTER TABLE `sales` ENABLE KEYS */;

-- Dumping structure for table geely_db1.sales_center
DROP TABLE IF EXISTS `sales_center`;
CREATE TABLE IF NOT EXISTS `sales_center` (
  `id` int(11) NOT NULL AUTO_INCREMENT,
  `name` varchar(255) DEFAULT '',
  `is_delete` tinyint(1) DEFAULT 0,
  PRIMARY KEY (`id`)
) ENGINE=MyISAM AUTO_INCREMENT=9 DEFAULT CHARSET=utf8mb4 COLLATE=utf8mb4_unicode_ci;

-- Dumping data for table geely_db1.sales_center: 6 rows
/*!40000 ALTER TABLE `sales_center` DISABLE KEYS */;
INSERT INTO `sales_center` (`id`, `name`, `is_delete`) VALUES
	(1, 'Yangon Showroom', 0),
	(2, 'Mandalay Showroom', 0),
	(3, 'Geely Inspire Auto Mandalay Showroom', 0),
	(4, 'Geely Inspire Auto Yangon Showroom', 0),
	(7, 'Capital Hypermarket', 0),
	(8, 'Ever Thrive', 0);
/*!40000 ALTER TABLE `sales_center` ENABLE KEYS */;

-- Dumping structure for table geely_db1.service
DROP TABLE IF EXISTS `service`;
CREATE TABLE IF NOT EXISTS `service` (
  `id` int(11) NOT NULL AUTO_INCREMENT,
  `registration_no` varchar(50) NOT NULL DEFAULT '',
  `appointment_id` int(11) NOT NULL DEFAULT 0,
  `service_car_id` int(11) NOT NULL DEFAULT 0,
  `service_customer_id` int(11) NOT NULL DEFAULT 0,
  `plate_no` varchar(50) NOT NULL DEFAULT '',
  `service_center` varchar(150) NOT NULL DEFAULT '',
  `inspection_date_time` varchar(25) NOT NULL DEFAULT '',
  `service_entry_date_time` varchar(25) NOT NULL DEFAULT '',
  `invoice_date` varchar(25) NOT NULL DEFAULT '',
  `payment_due_date_time` varchar(25) NOT NULL DEFAULT '',
  `kilometer` int(11) NOT NULL DEFAULT 0,
  `car_receive_date` varchar(25) NOT NULL DEFAULT '',
  `car_receive_time` varchar(25) NOT NULL DEFAULT '',
  `car_return_date` varchar(25) NOT NULL DEFAULT '',
  `car_return_time` varchar(25) NOT NULL DEFAULT '',
  `car_inspection_img` varchar(255) NOT NULL DEFAULT '',
  `insp_service_booklet` tinyint(4) NOT NULL DEFAULT 0,
  `insp_jack_and_handle` tinyint(4) NOT NULL DEFAULT 0,
  `insp_paking_sign` tinyint(4) NOT NULL DEFAULT 0,
  `insp_spare_wheel` tinyint(4) NOT NULL DEFAULT 0,
  `insp_mobile_charger` tinyint(4) NOT NULL DEFAULT 0,
  `insp_car_key` tinyint(4) NOT NULL DEFAULT 0,
  `insp_wheel_tax` tinyint(4) NOT NULL DEFAULT 0,
  `insp_fuel_level` int(11) NOT NULL DEFAULT 0,
  `insp_other_items` text NOT NULL,
  `insp_remark` text NOT NULL,
  `sa_id` int(11) NOT NULL DEFAULT 0,
  `main_technician_id` int(11) NOT NULL DEFAULT 0,
  `visit_type` varchar(255) NOT NULL DEFAULT '',
  `promotion` varchar(255) NOT NULL DEFAULT '',
  `total_waiting_time` varchar(25) NOT NULL DEFAULT '',
  `service_remark` text NOT NULL,
  `test_drive_agree` tinyint(4) NOT NULL DEFAULT 0,
  `discount` int(11) NOT NULL DEFAULT 0,
  `status` varchar(100) NOT NULL DEFAULT '' COMMENT '(Arrival Inspection, Service, Job Card, Final Inspection, Paid)',
  `complain` text NOT NULL,
  `complain_date_time` varchar(25) NOT NULL DEFAULT '',
  PRIMARY KEY (`id`) USING BTREE
) ENGINE=InnoDB AUTO_INCREMENT=44 DEFAULT CHARSET=utf8mb4 COLLATE=utf8mb4_unicode_ci;

-- Dumping data for table geely_db1.service: ~38 rows (approximately)
INSERT INTO `service` (`id`, `registration_no`, `appointment_id`, `service_car_id`, `service_customer_id`, `plate_no`, `service_center`, `inspection_date_time`, `service_entry_date_time`, `invoice_date`, `payment_due_date_time`, `kilometer`, `car_receive_date`, `car_receive_time`, `car_return_date`, `car_return_time`, `car_inspection_img`, `insp_service_booklet`, `insp_jack_and_handle`, `insp_paking_sign`, `insp_spare_wheel`, `insp_mobile_charger`, `insp_car_key`, `insp_wheel_tax`, `insp_fuel_level`, `insp_other_items`, `insp_remark`, `sa_id`, `main_technician_id`, `visit_type`, `promotion`, `total_waiting_time`, `service_remark`, `test_drive_agree`, `discount`, `status`, `complain`, `complain_date_time`) VALUES
	(1, 'SV-2307-00001', 1, 1, 2, 'YGN 12 1D-2345', 'YGN Kamayut', '2023-07-13 18:38:06', '2023-07-15 08:46:48', '2023-07-15', '2023-07-17 16:42:20', 2000, '2023-07-13', '10:00', '2023-07-19', '19:12', './upload/SV-2307-00001/car-inspection-sheet.png', 1, 1, 0, 1, 0, 0, 1, 70, '', '', 36, 39, 'General Repair', '', '03:20', 'Testing', 1, 5000, 'Paid', '', ''),
	(2, 'SV-2307-00002', 2, 6, 5, 'YGN 96 32-6366', 'YGN Kamayut', '2023-07-17 22:57:56', '2023-07-17 23:40:09', '2023-07-18', '2023-07-20 00:32:53', 100, '2023-07-17', '09:00', '2023-07-18', '11:28', '', 0, 0, 1, 0, 0, 0, 1, 5, '', '', 36, 39, 'General Repair', 'test promotion', '03:20', '', 0, 0, 'Paid', '', '2023-07-18 00:33:28'),
	(3, 'SV-2307-00003', 3, 6, 5, 'YGN 96 32-6366', 'YGN Kamayut', '2023-07-18 00:49:48', '2023-07-18 00:50:40', '2023-07-18', '2023-07-20 02:14:55', 100, '2023-07-18', '09:00', '2023-07-18', '11:25', '', 0, 0, 0, 0, 0, 0, 0, 5, '', '', 36, 35, 'PDI', 'Early Birds', '00:10', 'test', 1, 5000, 'Paid', '', ''),
	(4, 'SV-2307-00004', 4, 7, 6, 'YGN 45 63-3256', 'YGN Kamayut', '2023-07-18 01:16:36', '2023-07-18 01:58:28', '2023-07-18', '2023-07-20 02:14:59', 200, '2023-07-18', '09:00', '2023-07-18', '11:22', './upload/SV-2307-00004/car-inspection-sheet.png', 0, 0, 0, 0, 0, 0, 0, 5, '', '', 36, 38, 'Regular Maintenance', '', '02:00', '', 0, 0, 'Paid', '', ''),
	(5, 'SV-2307-00005', 5, 1, 1, 'YGN 12 1D-2345', 'YGN Kamayut', '2023-07-18 02:04:07', '2023-07-18 02:05:05', '2023-07-18', '2023-07-20 02:14:52', 2000, '2023-07-18', '09:00', '2023-07-18', '11:18', '', 0, 0, 0, 0, 0, 0, 0, 5, '', '', 36, 39, 'Regular Maintenance', '', '00:10', '', 0, 0, 'Paid', '', ''),
	(6, 'SV-2307-00006', 6, 8, 7, 'TNI 96 36-6655', 'YGN Kamayut', '2023-07-18 06:22:11', '2023-07-18 06:40:45', '2023-07-18', '2023-07-20 07:10:19', 500, '2023-07-18', '09:00', '2023-07-18', '09:43', '', 1, 0, 1, 1, 1, 0, 1, 5, '', '', 36, 39, 'General Repair', 'test promotion', '03:20', '', 0, 0, 'Paid', '', ''),
	(7, 'SV-2307-00007', 7, 4, 10, 'AYY 04 45-3266', 'YGN Kamayut', '2023-07-18 11:03:16', '2023-07-18 11:12:25', '2023-07-18', '2023-07-20 11:15:42', 1200, '2023-07-18', '09:00', '2023-07-18', '11:17', '', 0, 0, 0, 1, 0, 1, 1, 5, '', '', 36, 35, 'General Repair', 'test promotion', '02:50', '\n简体中文Lynn150Animation\nSEARCHCHATWORKIMAGESVIDEOSMAPSNEWSMORE\nAbout 2,210,000,000 resultsDate\nGlobal web icon\nDictionary.com\nhttps://www.dictionary.com/browse/what\nWhat Definition & Meaning\nWebnoun the true nature or identity of something, or the sum of its characteristics: a lecture on the whats and hows of crop rotation. adjective (used interrogatively before nouns): What …\n\nGlobal web icon\nCambridge Dictionary\nhttps://dictionary.cambridge.org/dictionary/english/what\nWHAT | English meaning\nWebMeaning of what in English what determiner, pronoun, exclamation uk / wɒt / us / wɑːt / what determiner, pronoun, exclamation (QUESTION) Add to word list A1 used to ask for …', 0, 0, 'Paid', '', ''),
	(8, 'SV-2307-00008', 8, 9, 2, 'YGN 12 K-1234', 'YGN Kamayut', '2023-07-19 19:20:53', '2023-07-19 19:21:20', '2023-07-21', '2023-07-23 16:24:44', 600, '2023-07-19', '09:00', '2023-07-21', '16:37', '', 0, 0, 0, 0, 0, 0, 0, 5, '', '', 36, 38, 'Initial Maintenance', '', '00:10', '', 0, 0, 'Paid', '', ''),
	(9, 'SV-2307-00009', 10, 10, 9, 'YGN 75 3K-5699', 'YGN Kamayut', '2023-07-21 11:10:09', '2023-07-21 14:35:47', '2023-07-21', '2023-07-23 16:26:01', 5000, '2023-07-21', '11:00', '2023-07-21', '16:38', './upload/SV-2307-00009/car-inspection-sheet.png', 1, 0, 1, 0, 0, 1, 0, 5, '\n简体中文Lynn150Animation\nSEARCHCHATWORKIMAGESVIDEOSMAPSNEWSMORE\nAbout 2,210,000,000 resultsDate\nGlobal web icon\nDictionary.com\nhttps://www.dictionary.com/browse/what\nWhat Definition & Meaning\nWebnoun the true nature or identity of something, or the sum of its characteristics: a lecture on the whats and hows of crop rotation. adjective (used interrogatively before nouns): What …\n\nGlobal web icon\nCambridge Dictionary\nhttps://dictionary.cambridge.org/dictionary/english/what\nWHAT | English meaning\nWebMeaning of what in English what determiner, pronoun, exclamation uk / wɒt / us / wɑːt / what determiner, pronoun, exclamation (QUESTION) Add to word list A1 used to ask for …', '\n简体中文Lynn150Animation\nSEARCHCHATWORKIMAGESVIDEOSMAPSNEWSMORE\nAbout 2,210,000,000 resultsDate\nGlobal web icon\nDictionary.com\nhttps://www.dictionary.com/browse/what\nWhat Definition & Meaning\nWebnoun the true nature or identity of something, or the sum of its characteristics: a lecture on the whats and hows of crop rotation. adjective (used interrogatively before nouns): What …\n\nGlobal web icon\nCambridge Dictionary\nhttps://dictionary.cambridge.org/dictionary/english/what\nWHAT | English meaning\nWebMeaning of what in English what determiner, pronoun, exclamation uk / wɒt / us / wɑːt / what determiner, pronoun, exclamation (QUESTION) Add to word list A1 used to ask for …', 36, 39, 'Warranty', 'Tadinkyut ', '01:50', '\n简体中文Lynn150Animation\nSEARCHCHATWORKIMAGESVIDEOSMAPSNEWSMORE\nAbout 2,210,000,000 resultsDate\nGlobal web icon\nDictionary.com\nhttps://www.dictionary.com/browse/what\nWhat Definition & Meaning\nWebnoun the true nature or identity of something, or the sum of its characteristics: a lecture on the whats and hows of crop rotation. adjective (used interrogatively before nouns): What …\n\nGlobal web icon\nCambridge Dictionary\nhttps://dictionary.cambridge.org/dictionary/english/what\nWHAT | English meaning\nWebMeaning of what in English what determiner, pronoun, exclamation uk / wɒt / us / wɑːt / what determiner, pronoun, exclamation (QUESTION) Add to word list A1 used to ask for …', 1, 0, 'Paid', '', ''),
	(10, 'SV-2307-00010', 9, 9, 6, 'YGN 12 K-1234', 'YGN Kamayut', '2023-07-21 11:11:25', '2023-07-21 14:31:31', '2023-07-21', '2023-07-23 16:25:39', 600, '2023-07-21', '09:00', '2023-07-21', '16:39', '', 1, 0, 0, 0, 0, 1, 0, 5, '\n简体中文Lynn150Animation\nSEARCHCHATWORKIMAGESVIDEOSMAPSNEWSMORE\nAbout 2,210,000,000 resultsDate\nGlobal web icon\nDictionary.com\nhttps://www.dictionary.com/browse/what\nWhat Definition & Meaning\nWebnoun the true nature or identity of something, or the sum of its characteristics: a lecture on the whats and hows of crop rotation. adjective (used interrogatively before nouns): What …\n\nGlobal web icon\nCambridge Dictionary\nhttps://dictionary.cambridge.org/dictionary/english/what\nWHAT | English meaning\nWebMeaning of what in English what determiner, pronoun, exclamation uk / wɒt / us / wɑːt / what determiner, pronoun, exclamation (QUESTION) Add to word list A1 used to ask for …', '\n简体中文Lynn150Animation\nSEARCHCHATWORKIMAGESVIDEOSMAPSNEWSMORE\nAbout 2,210,000,000 resultsDate\nGlobal web icon\nDictionary.com\nhttps://www.dictionary.com/browse/what\nWhat Definition & Meaning\nWebnoun the true nature or identity of something, or the sum of its characteristics: a lecture on the whats and hows of crop rotation. adjective (used interrogatively before nouns): What …\n\nGlobal web icon\nCambridge Dictionary\nhttps://dictionary.cambridge.org/dictionary/english/what\nWHAT | English meaning\nWebMeaning of what in English what determiner, pronoun, exclamation uk / wɒt / us / wɑːt / what determiner, pronoun, exclamation (QUESTION) Add to word list A1 used to ask for …', 36, 39, 'PDI', '1/5 Promotion', '04:40', '\n简体中文Lynn150Animation\nSEARCHCHATWORKIMAGESVIDEOSMAPSNEWSMORE\nAbout 2,210,000,000 resultsDate\nGlobal web icon\nDictionary.com\nhttps://www.dictionary.com/browse/what\nWhat Definition & Meaning\nWebnoun the true nature or identity of something, or the sum of its characteristics: a lecture on the whats and hows of crop rotation. adjective (used interrogatively before nouns): What …\n\nGlobal web icon\nCambridge Dictionary\nhttps://dictionary.cambridge.org/dictionary/english/what\nWHAT | English meaning\nWebMeaning of what in English what determiner, pronoun, exclamation uk / wɒt / us / wɑːt / what determiner, pronoun, exclamation (QUESTION) Add to word list A1 used to ask for …', 1, 5000, 'Paid', '', ''),
	(11, 'SV-2307-00011', 11, 4, 6, 'AYY 04 45-3266', 'YGN Kamayut', '2023-07-21 16:04:59', '2023-07-21 16:08:24', '2023-07-21', '2023-07-23 16:25:20', 1200, '2023-07-21', '09:00', '2023-07-21', '16:39', './upload//car-inspection-sheet.png', 1, 0, 0, 1, 0, 0, 0, 10, '\n简体中文Lynn150Animation\nSEARCHCHATWORKIMAGESVIDEOSMAPSNEWSMORE\nAbout 2,210,000,000 resultsDate\nGlobal web icon\nDictionary.com\nhttps://www.dictionary.com/browse/what\nWhat Definition & Meaning\nWebnoun the true nature or identity of something, or the sum of its characteristics: a lecture on the whats and hows of crop rotation. adjective (used interrogatively before nouns): What …\n\nGlobal web icon\nCambridge Dictionary\nhttps://dictionary.cambridge.org/dictionary/english/what\nWHAT | English meaning\nWebMeaning of what in English what determiner, pronoun, exclamation uk / wɒt / us / wɑːt / what determiner, pronoun, exclamation (QUESTION) Add to word list A1 used to ask for …', '\n简体中文Lynn150Animation\nSEARCHCHATWORKIMAGESVIDEOSMAPSNEWSMORE\nAbout 2,210,000,000 resultsDate\nGlobal web icon\nDictionary.com\nhttps://www.dictionary.com/browse/what\nWhat Definition & Meaning\nWebnoun the true nature or identity of something, or the sum of its characteristics: a lecture on the whats and hows of crop rotation. adjective (used interrogatively before nouns): What …\n\nGlobal web icon\nCambridge Dictionary\nhttps://dictionary.cambridge.org/dictionary/english/what\nWHAT | English meaning\nWebMeaning of what in English what determiner, pronoun, exclamation uk / wɒt / us / wɑːt / what determiner, pronoun, exclamation (QUESTION) Add to word list A1 used to ask for …', 36, 39, 'Stock Arrival inspection', 'Super July', '04:40', 'This pathway is applicable to students planning to prepare for computer science and related majors at universities and colleges in Washington. This pathway meets all Direct Transfer Agreement (DTA) requirements. Computer science programs are competitive, and this pathway intends to provide students with the needed information to optimize their coursework ... More', 1, 0, 'Paid', '', ''),
	(12, 'SV-2307-00012', 12, 9, 5, 'YGN 12 K-1234', 'YGN Kamayut', '2023-07-24 20:17:42', '2023-07-26 00:51:01', '2023-07-26', '2023-07-28 12:27:28', 600, '2023-07-24', '09:00', '2023-07-29', '22:30', './upload/SV-2307-00012/car-inspection-sheet.png', 1, 0, 0, 1, 1, 0, 0, 60, 'From Wikipedia, the free encyclopedia\n"Scientific data" redirects here. Not to be confused with Scientific Data (journal).\nFor data in computer science, see Data (computer science). For other uses, see Data (disambiguation) and Datum (disambiguation).\n\nThese are some of the different types of data.\nIn common usage and statistics, data (US: /ˈdætə/; UK: /ˈdeɪtə/) is a collection of discrete or continuous values that convey information, describing the quantity, quality, fact, statistics, other basic units of meaning, or simply sequences of symbols that may be further interpreted formally. A datum is an individual value in a collection of data. Data is usually organized into structures such as tables that provide additional context and meaning, and which may themselves be used as data in larger structures. Data may be used as variables in a computational process.[1][2] Data may represent abstract ideas or concrete measurements.[3] Data is commonly used in scientific research, economics, and in virtually every other form of human organizational activity. Examples of data sets include price indices (such as consumer price index), unemployment rates, literacy rates, and census data. In this context, data represents the raw facts and figures which can be used in such a manner in order to capture the useful information out of it.', 'From Wikipedia, the free encyclopedia\n"Scientific data" redirects here. Not to be confused with Scientific Data (journal).\nFor data in computer science, see Data (computer science). For other uses, see Data (disambiguation) and Datum (disambiguation).\n\nThese are some of the different types of data.\nIn common usage and statistics, data (US: /ˈdætə/; UK: /ˈdeɪtə/) is a collection of discrete or continuous values that convey information, describing the quantity, quality, fact, statistics, other basic units of meaning, or simply sequences of symbols that may be further interpreted formally. A datum is an individual value in a collection of data. Data is usually organized into structures such as tables that provide additional context and meaning, and which may themselves be used as data in larger structures. Data may be used as variables in a computational process.[1][2] Data may represent abstract ideas or concrete measurements.[3] Data is commonly used in scientific research, economics, and in virtually every other form of human organizational activity. Examples of data sets include price indices (such as consumer price index), unemployment rates, literacy rates, and census data. In this context, data represents the raw facts and figures which can be used in such a manner in order to capture the useful information out of it.', 36, 0, '', '', '01:40', '', 1, 0, 'Paid', '', ''),
	(13, 'SV-2307-00013', 14, 8, 7, 'TNI 96 36-6655', 'YGN Kamayut', '2023-07-26 00:31:59', '2023-07-26 00:43:48', '2023-07-26', '2023-07-28 12:38:26', 500, '2023-07-26', '12:00', '2023-07-26', '15:58', './upload//car-inspection-sheet.png', 0, 0, 1, 1, 0, 0, 0, 70, 'English dictionaries\nEnglish\nLearner’s Dictionary\nEssential British English\nEssential American English\nGrammar\nThesaurus\nPronunciation', 'English dictionaries\nEnglish\nLearner’s Dictionary\nEssential British English\nEssential American English\nGrammar\nThesaurus\nPronunciation', 36, 38, 'Body Repair&painting', 'Tadinkyut ', '03:50', 'English dictionaries\nEnglish\nLearner’s Dictionary\nEssential British English\nEssential American English\nGrammar\nThesaurus\nPronunciation', 1, 104000, 'Paid', '', ''),
	(14, 'SV-2307-00014', 13, 1, 8, 'YGN 12 1D-2345', 'YGN Kamayut', '2023-07-26 11:36:32', '2023-07-26 11:38:05', '2023-07-26', '2023-07-28 12:38:32', 2000, '2023-07-26', '09:00', '2023-07-26', '16:03', '', 1, 0, 0, 1, 0, 0, 1, 5, '', '', 36, 39, 'On Road Assistance', 'test promotion', '03:40', '', 0, 117000, 'Paid', '', ''),
	(15, 'SV-2307-00015', 15, 1, 6, 'YGN 12 1D-2345', 'YGN Kamayut', '2023-07-26 12:39:50', '2023-07-26 12:42:31', '2023-07-26', '2023-07-28 13:59:30', 2000, '2023-07-26', '09:00', '2023-07-26', '16:03', '', 1, 0, 0, 1, 0, 1, 0, 5, '', '', 36, 35, 'Body Repair&painting', 'Tadinkyut ', '09:10', '', 0, 0, 'Paid', '', ''),
	(16, 'SV-2307-00016', 16, 10, 11, 'YGN 75 3K-5699', 'YGN Kamayut', '2023-07-26 12:48:25', '2023-07-26 12:50:16', '2023-07-26', '2023-07-28 13:57:32', 5000, '2023-07-26', '09:00', '2023-07-26', '16:05', '', 1, 0, 0, 1, 0, 0, 1, 5, '', '', 36, 39, 'Stock Arrival inspection', 'test promotion', '04:00', '', 0, 0, 'Paid', '', ''),
	(17, 'SV-2307-00017', 17, 8, 5, 'TNI 96 36-6655', 'YGN Kamayut', '2023-07-27 14:55:21', '2023-07-27 14:56:08', '2023-12-06', '2023-12-08 11:39:04', 500, '2023-07-27', '09:00', '2023-12-06', '09:40', '', 1, 1, 0, 1, 1, 1, 0, 5, 'aa', 'bb', 36, 38, 'Initial Maintenance', 'Early Birds', '02:10', 'gfdsga', 1, 5000, 'Paid', '', ''),
	(18, 'SV-2309-00001', 18, 4, 5, 'AYY 04 45-3266', 'YGN Kamayut', '2023-09-22 15:20:28', '2023-09-22 15:22:20', '', '', 1200, '2023-09-22', '09:00', '', '', '', 0, 0, 0, 0, 0, 0, 0, 5, '', '', 36, 38, 'Inspection at port', 'Window Visor', '02:30', '', 0, 0, 'Service', '', ''),
	(19, 'SV-2310-00001', 19, 6, 0, 'YGN 96 32-6366', 'YGN Kamayut', '2023-10-13 13:02:44', '', '', '', 100, '2023-10-13', '09:00', '', '', './upload//car-inspection-sheet.png', 0, 0, 0, 0, 0, 0, 0, 5, '', '', 0, 0, '', '', '', '', 0, 0, 'Arrival Inspection', '', ''),
	(20, 'SV-2401-00001', 20, 13, 3, 'AYY 45 56-2542', 'YGN Kamayut', '2024-01-16 22:16:47', '2024-01-16 23:01:06', '2024-01-16', '2024-01-19 01:02:20', 40, '2024-01-16', '09:00', '2024-01-16', '23:03', './upload/SV-2401-00001/car-inspection-sheet.png', 0, 1, 0, 1, 0, 0, 1, 5, '', '', 36, 35, 'Initial Maintenance', '1/5 Promotion', '01:10', '', 0, 0, 'Paid', '', ''),
	(21, 'SV-2403-00001', 22, 5, 6, 'MON 45 69-3266', 'YGN Kamayut', '2024-03-15 11:42:34', '2024-03-15 11:43:29', '2024-03-15', '2024-03-17 13:44:48', 5000, '2024-03-15', '09:00', '2024-03-15', '11:45', '', 0, 0, 0, 0, 0, 0, 0, 5, '', '', 36, 38, 'General Repair', '', '00:40', '', 0, 0, 'Paid', '', ''),
	(22, 'SV-2403-00002', 24, 4, 0, 'AYY 04 45-3266', 'YGN Kamayut', '2024-03-21 15:03:23', '', '', '', 1200, '2024-03-21', '09:00', '', '', '', 0, 0, 0, 0, 0, 0, 0, 5, '', '', 0, 0, '', '', '', '', 0, 0, 'Arrival Inspection', '', ''),
	(23, 'SV-2403-00003', 26, 11, 0, 'YGN 23 rr-3252', 'YGN Kamayut', '2024-03-21 15:06:30', '', '', '', 100, '2024-03-21', '09:00', '', '', '', 0, 0, 0, 0, 0, 0, 0, 5, '', '', 0, 0, '', '', '', '', 0, 0, 'Arrival Inspection', '', ''),
	(24, 'SV-2403-00004', 25, 6, 0, 'YGN 96 32-6366', 'YGN Kamayut', '2024-03-21 15:13:52', '', '', '', 100, '2024-03-21', '09:00', '', '', '', 0, 0, 0, 0, 0, 0, 0, 5, '', '', 0, 0, '', '', '', '', 0, 0, 'Arrival Inspection', '', ''),
	(25, 'SV-2403-00005', 27, 9, 0, 'YGN 12 K-1234', 'YGN Kamayut', '2024-03-21 15:26:17', '', '', '', 600, '2024-03-21', '09:00', '', '', '', 0, 0, 0, 0, 0, 0, 0, 5, '', '', 0, 0, '', '', '', '', 0, 0, 'Arrival Inspection', '', ''),
	(26, 'SV-2403-00006', 28, 8, 0, 'TNI 96 36-6655', 'YGN Kamayut', '2024-03-21 15:41:41', '', '', '', 500, '2024-03-21', '09:00', '', '', '', 0, 0, 0, 0, 0, 0, 0, 5, '', '', 0, 0, '', '', '', '', 0, 0, 'Arrival Inspection', '', ''),
	(27, 'SV-2403-00007', 21, 5, 0, 'MON 45 69-3266', 'YGN Kamayut', '2024-03-21 15:51:06', '', '', '', 5000, '2024-03-21', '09:00', '', '', '', 0, 0, 0, 0, 0, 0, 0, 5, '', '', 0, 0, '', '', '', '', 0, 0, 'Arrival Inspection', '', ''),
	(28, 'SV-2403-00008', 23, 3, 0, 'YGN 12 EE-0291', 'YGN Kamayut', '2024-03-21 15:51:50', '', '', '', 10, '2024-03-21', '09:00', '', '', '', 0, 0, 0, 0, 0, 0, 0, 5, '', '', 0, 0, '', '', '', '', 0, 0, 'Arrival Inspection', '', ''),
	(29, 'SV-2403-00009', 31, 9, 5, 'YGN 12 K-1234', 'YGN Kamayut', '2024-03-22 09:12:48', '2024-03-22 09:14:52', '2024-03-25', '2024-03-27 18:00:20', 600, '2024-03-22', '09:00', '', '', '', 0, 0, 0, 0, 0, 0, 0, 5, '', '', 36, 0, '', '', '02:10', '', 0, 0, 'Final Inspection', '', ''),
	(30, 'SV-2403-00010', 32, 8, 0, 'TNI 96 36-6655', 'YGN Kamayut', '2024-03-22 09:17:17', '', '', '', 500, '2024-03-22', '09:00', '', '', '', 0, 0, 0, 0, 0, 0, 0, 5, '', '', 0, 0, '', '', '', '', 0, 0, 'Arrival Inspection', '', ''),
	(31, 'SV-2403-00011', 33, 12, 8, 'SGG 43 52-4532', 'YGN Kamayut', '2024-03-22 09:29:48', '2024-03-22 09:30:17', '2024-03-22', '2024-03-24 11:32:59', 100, '2024-03-22', '09:00', '2024-03-22', '09:39', '', 0, 0, 0, 0, 0, 0, 0, 5, '', '', 36, 38, 'Initial Maintenance', '1/5 Promotion', '02:00', '', 0, 0, 'Paid', '', ''),
	(32, 'SV-2403-00012', 34, 14, 9, 'AYY 65 ds-8556', 'YGN Kamayut', '2024-03-22 09:53:38', '2024-03-22 09:54:55', '2024-03-22', '2024-03-24 12:10:54', 500, '2024-03-22', '09:00', '2024-03-22', '14:26', '', 0, 0, 0, 0, 0, 0, 0, 5, '', '', 36, 38, 'Regular Maintenance', '1/5 Promotion', '01:40', '', 0, 0, 'Paid', '', ''),
	(33, 'SV-2403-00013', 35, 16, 7, 'RKE 12 BB-1241', 'YGN Kamayut', '2024-03-25 15:30:06', '2024-03-25 15:38:38', '2024-03-25', '2024-03-27 17:44:28', 500, '2024-03-25', '14:00', '2024-03-25', '15:45', './upload/SV-2403-00013/car-inspection-sheet.png', 1, 0, 0, 0, 1, 0, 0, 50, '', '', 36, 39, 'General Repair', 'Super July', '06:00', '', 1, 0, 'Paid', '', ''),
	(34, 'SV-2404-00001', 29, 7, 3, 'YGN 45 63-3256', 'YGN Kamayut', '2024-04-01 15:07:01', '2024-04-01 15:13:47', '', '', 200, '2024-04-01', '09:00', '', '', '', 0, 0, 0, 0, 1, 0, 1, 5, '', '', 36, 0, '', '', '03:00', '', 0, 0, 'Service', '', ''),
	(35, 'SV-2404-00002', 30, 11, 0, 'YGN 23 rr-3252', 'YGN Kamayut', '2024-04-02 10:53:22', '', '', '', 100, '2024-04-02', '09:00', '', '', '', 0, 0, 0, 0, 0, 0, 0, 5, '', '', 0, 0, '', '', '', '', 0, 0, 'Arrival Inspection', '', ''),
	(36, 'SV-2404-00003', 36, 7, 0, 'YGN 45 63-3256', 'YGN Kamayut', '2024-04-02 11:07:09', '', '', '', 200, '2024-04-02', '09:00', '', '', '', 0, 0, 0, 0, 0, 0, 0, 5, '', '', 0, 0, '', '', '', '', 0, 0, 'Arrival Inspection', '', ''),
	(37, 'SV-2404-00004', 37, 9, 8, 'YGN 12 K-1234', 'YGN Kamayut', '2024-04-02 11:08:28', '2024-04-02 11:09:29', '', '', 600, '2024-04-02', '09:00', '', '', '', 0, 0, 0, 0, 0, 0, 0, 5, '', '', 36, 0, '', '', '00:40', '', 0, 0, 'Service', '', ''),
	(38, 'SV-2404-00005', 38, 6, 2, 'YGN 96 32-6366', 'YGN Kamayut', '2024-04-02 11:15:08', '2024-04-02 11:15:32', '', '', 100, '2024-04-02', '09:00', '', '', '', 0, 0, 0, 0, 0, 0, 0, 5, '', '', 36, 0, '', '', '00:10', '', 0, 0, 'Service', '', ''),
	(39, 'SV-2404-00006', 40, 11, 0, 'YGN 23 rr-3252', 'YGN Kamayut', '2024-04-02 11:17:59', '', '', '', 200, '2024-04-02', '09:00', '', '', '', 0, 0, 0, 0, 0, 0, 0, 5, '', '', 0, 0, '', '', '', '', 0, 0, 'Arrival Inspection', '', ''),
	(40, 'SV-2404-00007', 41, 8, 0, 'TNI 96 36-6655', 'YGN Kamayut', '2024-04-02 11:19:30', '', '', '', 500, '2024-04-02', '09:00', '', '', '', 0, 0, 0, 0, 0, 0, 0, 5, '', '', 0, 0, '', '', '', '', 0, 0, 'Arrival Inspection', '', ''),
	(41, 'SV-2404-00008', 42, 1, 0, 'YGN 12 1D-2345', 'YGN Kamayut', '2024-04-04 11:12:23', '', '', '', 2000, '2024-04-04', '09:00', '', '', '', 0, 0, 0, 0, 0, 0, 0, 5, '', '', 0, 0, '', '', '', '', 0, 0, 'Arrival Inspection', '', ''),
	(42, 'SV-2404-00009', 43, 4, 0, 'AYY 04 45-3266', 'YGN Kamayut', '2024-04-04 14:53:27', '', '', '', 1200, '2024-04-04', '09:00', '', '', '', 0, 0, 0, 0, 0, 0, 0, 5, '', '', 0, 0, '', '', '', '', 0, 0, 'Arrival Inspection', '', ''),
	(43, 'SV-2404-00010', 44, 11, 8, 'YGN 23 rr-3252', 'YGN Kamayut', '2024-04-04 14:54:03', '2024-06-20 10:12:35', '', '', 200, '2024-04-04', '09:00', '', '', '', 0, 0, 0, 0, 0, 0, 0, 5, '', '', 36, 39, 'Regular Maintenance', 'apptest promotion', '00:30', '', 0, 0, 'Service', '', '');

-- Dumping structure for table geely_db1.service_appointment
DROP TABLE IF EXISTS `service_appointment`;
CREATE TABLE IF NOT EXISTS `service_appointment` (
  `id` int(11) NOT NULL AUTO_INCREMENT,
  `service_car_id` int(11) NOT NULL DEFAULT 0,
  `service_customer_id` int(11) NOT NULL DEFAULT 0,
  `plate_no` varchar(50) NOT NULL DEFAULT '',
  `appointment_type` varchar(100) NOT NULL DEFAULT '',
  `appointment_date` varchar(25) NOT NULL DEFAULT '',
  `appointment_time` varchar(25) NOT NULL DEFAULT '',
  `contact_phone` varchar(50) NOT NULL DEFAULT '',
  `contact_person` varchar(150) NOT NULL DEFAULT '',
  `service_center` varchar(150) NOT NULL DEFAULT '',
  `total_waiting_time` varchar(25) NOT NULL DEFAULT '',
  `entry_by` varchar(100) NOT NULL DEFAULT '',
  `entry_date_time` varchar(25) NOT NULL DEFAULT '',
  PRIMARY KEY (`id`) USING BTREE
) ENGINE=InnoDB AUTO_INCREMENT=45 DEFAULT CHARSET=utf8mb4 COLLATE=utf8mb4_unicode_ci;

-- Dumping data for table geely_db1.service_appointment: ~40 rows (approximately)
INSERT INTO `service_appointment` (`id`, `service_car_id`, `service_customer_id`, `plate_no`, `appointment_type`, `appointment_date`, `appointment_time`, `contact_phone`, `contact_person`, `service_center`, `total_waiting_time`, `entry_by`, `entry_date_time`) VALUES
	(1, 1, 1, 'YGN 12 1D-2345', 'follow up (weekly)', '2023-07-13', '10:00', '095041825', 'Ko Aung Myo Htun', 'YGN Kamayut', '02:10', '', ''),
	(2, 6, 5, 'YGN 96 32-6366', 'follow up (weekly)', '2023-07-17', '09:00', '09635239658642365', 'yoon yoon', 'YGN Kamayut', '02:10', '', ''),
	(3, 6, 5, 'YGN 96 32-6366', 'follow up (weekly)', '2023-07-18', '09:00', '09635239658642365', 'yoon yoon', 'YGN Kamayut', '00:10', '', ''),
	(4, 7, 6, 'YGN 45 63-3256', 'follow up (weekly)', '2023-07-18', '09:00', '0985632', 'Su', 'YGN Kamayut', '02:00', '', ''),
	(5, 1, 1, 'YGN 12 1D-2345', 'follow up (weekly)', '2023-07-18', '09:00', '095041825', 'Ko Aung Myo Htun', 'YGN Kamayut', '00:10', '', ''),
	(6, 8, 7, 'TNI 96 36-6655', 'follow up (weekly)', '2023-07-18', '09:00', '09365482659', 'htoo htoo', 'YGN Kamayut', '01:20', '', ''),
	(7, 4, 3, 'AYY 04 45-3266', 'follow up (weekly)', '2023-07-18', '09:00', '0934243232', 'july', 'YGN Kamayut', '00:40', '', ''),
	(8, 9, 2, 'YGN 12 K-1234', 'follow up (weekly)', '2023-07-19', '09:00', '09282929832', 'Hsu Hnin Ye', 'YGN Kamayut', '00:10', '', ''),
	(9, 9, 2, 'YGN 12 K-1234', 'follow up (weekly)', '2023-07-21', '09:00', '09282929832', 'Hsu Hnin Ye', 'YGN Kamayut', '02:00', '', ''),
	(10, 10, 4, 'YGN 75 3K-5699', 'customer request', '2023-07-21', '10:00', '0965238756', 'it', 'YGN Kamayut', '04:00', '', ''),
	(11, 4, 3, 'AYY 04 45-3266', 'follow up (weekly)', '2023-07-21', '10:00', '0934243232', 'july', 'YGN Kamayut', '01:10', '', ''),
	(12, 9, 2, 'YGN 12 K-1234', 'customer request', '2023-07-24', '07:00', '09282929832', 'Hsu Hnin Ye', 'YGN Kamayut', '01:40', '', ''),
	(13, 1, 1, 'YGN 12 1D-2345', 'walk-in', '2023-07-24', '10:00', '095041825', 'Ko Aung Myo Htun', 'YGN Kamayut', '03:40', '', ''),
	(14, 8, 7, 'TNI 96 36-6655', 'customer request', '2023-07-26', '12:00', '09365482659', 'htoo htoo', 'YGN Kamayut', '02:40', '', ''),
	(15, 1, 1, 'YGN 12 1D-2345', 'follow up (weekly)', '2023-07-26', '09:00', '095041825', 'Ko Aung Myo Htun', 'YGN Kamayut', '01:40', '', ''),
	(16, 10, 4, 'YGN 75 3K-5699', 'follow up (weekly)', '2023-07-26', '09:00', '0965238756', 'it', 'YGN Kamayut', '02:00', '', ''),
	(17, 8, 7, 'TNI 96 36-6655', 'follow up (weekly)', '2023-07-27', '09:00', '09365482659', 'htoo htoo', 'YGN Kamayut', '02:10', '', ''),
	(18, 4, 3, 'AYY 04 45-3266', 'follow up (weekly)', '2023-09-22', '09:00', '0934243232', 'july', 'YGN Kamayut', '00:30', '', ''),
	(19, 6, 5, 'YGN 96 32-6366', 'follow up (weekly)', '2023-10-13', '09:00', '09635239658642365', 'yoon yoon', 'YGN Kamayut', '03:00', '', ''),
	(20, 13, 13, 'AYY 45 56-2542', 'follow up (weekly)', '2024-01-16', '09:00', '09555444999', 'Shelle', 'YGN Kamayut', '01:10', '', ''),
	(21, 5, 4, 'MON 45 69-3266', 'follow up (weekly)', '2024-01-16', '09:00', '0965238756', 'it', 'YGN Kamayut', '02:30', '', ''),
	(22, 5, 4, 'MON 45 69-3266', 'follow up (weekly)', '2024-03-15', '09:00', '0965238756', 'it', 'YGN Kamayut', '00:40', '', ''),
	(23, 3, 1, 'YGN 12 EE-0291', 'follow up (weekly)', '2024-03-21', '09:00', '095041825', 'Ko Aung Myo Htun', 'YGN Kamayut', '03:40', '', ''),
	(24, 4, 3, 'AYY 04 45-3266', 'follow up (weekly)', '2024-03-21', '09:00', '0934243232', 'july', 'YGN Kamayut', '01:10', '', ''),
	(25, 6, 5, 'YGN 96 32-6366', 'follow up (weekly)', '2024-03-21', '09:00', '09635239658642365', 'yoon yoon', 'YGN Kamayut', '00:40', '', ''),
	(26, 11, 11, 'YGN 23 rr-3252', 'follow up (weekly)', '2024-03-21', '09:00', '0925326222', 'U Aung Thein', 'YGN Kamayut', '02:00', '', ''),
	(27, 9, 2, 'YGN 12 K-1234', 'follow up (weekly)', '2024-03-21', '09:00', '09282929832', 'Hsu Hnin Ye', 'YGN Kamayut', '02:10', '', ''),
	(28, 8, 7, 'TNI 96 36-6655', 'follow up (weekly)', '2024-03-21', '09:00', '09365482659', 'htoo htoo', 'YGN Kamayut', '02:10', '', ''),
	(29, 7, 6, 'YGN 45 63-3256', 'follow up (weekly)', '2024-03-21', '09:00', '0985632', 'Su', 'YGN Kamayut', '03:00', '', ''),
	(30, 11, 11, 'YGN 23 rr-3252', 'follow up (weekly)', '2024-03-22', '09:00', '0925326222', 'U Aung Thein', 'YGN Kamayut', '02:40', '', ''),
	(31, 9, 2, 'YGN 12 K-1234', 'follow up (weekly)', '2024-03-22', '09:00', '09282929832', 'Hsu Hnin Ye', 'YGN Kamayut', '02:10', '', ''),
	(32, 8, 7, 'TNI 96 36-6655', 'follow up (weekly)', '2024-03-22', '09:00', '09365482659', 'htoo htoo', 'YGN Kamayut', '00:40', '', ''),
	(33, 12, 12, 'SGG 43 52-4532', 'follow up (weekly)', '2024-03-22', '09:00', '09444555666', 'Shelle', 'YGN Kamayut', '02:00', '', ''),
	(34, 14, 14, 'AYY 65 ds-8556', 'follow up (weekly)', '2024-03-22', '09:00', '095632556', 'THAN', 'YGN Kamayut', '00:40', '', ''),
	(35, 16, 7, 'RKE 12 BB-1241', 'follow up (weekly)', '2024-03-25', '13:00', '09365482659', 'htoo htoo', 'YGN Kamayut', '06:00', '', ''),
	(36, 7, 6, 'YGN 45 63-3256', 'follow up (weekly)', '2024-04-02', '09:00', '0985632', 'Su', 'YGN Kamayut', '02:10', '', ''),
	(37, 9, 2, 'YGN 12 K-1234', 'follow up (weekly)', '2024-04-02', '09:00', '09282929832', 'Hsu Hnin Ye', 'YGN Kamayut', '00:40', '', ''),
	(38, 6, 5, 'YGN 96 32-6366', 'follow up (weekly)', '2024-04-02', '09:00', '09635239658642365', 'yoon yoon', 'YGN Kamayut', '00:10', '', ''),
	(39, 4, 3, 'AYY 04 45-3266', 'follow up (weekly)', '2024-04-02', '09:00', '0934243232', 'july', 'YGN Kamayut', '00:10', '', ''),
	(40, 11, 11, 'YGN 23 rr-3252', 'follow up (weekly)', '2024-04-02', '09:00', '0925326222', 'U Aung Thein', 'YGN Kamayut', '00:30', '', ''),
	(41, 8, 7, 'TNI 96 36-6655', 'follow up (weekly)', '2024-04-02', '09:00', '09365482659', 'htoo htoo', 'YGN Kamayut', '00:40', '', ''),
	(42, 1, 1, 'YGN 12 1D-2345', 'follow up (weekly)', '2024-04-04', '09:00', '095041825', 'Ko Aung Myo Htun', 'YGN Kamayut', '02:40', '', ''),
	(43, 4, 3, 'AYY 04 45-3266', 'follow up (weekly)', '2024-04-04', '09:00', '0934243232', 'july', 'YGN Kamayut', '00:40', '', ''),
	(44, 11, 11, 'YGN 23 rr-3252', 'follow up (weekly)', '2024-04-04', '09:00', '0925326222', 'U Aung Thein', 'YGN Kamayut', '00:30', '', '');

-- Dumping structure for table geely_db1.service_appointment_item
DROP TABLE IF EXISTS `service_appointment_item`;
CREATE TABLE IF NOT EXISTS `service_appointment_item` (
  `id` int(11) NOT NULL AUTO_INCREMENT,
  `service_appointment_id` int(11) NOT NULL DEFAULT 0,
  `service_item_id` int(11) NOT NULL DEFAULT 0,
  `waiting_time` varchar(25) NOT NULL DEFAULT '',
  PRIMARY KEY (`id`) USING BTREE
) ENGINE=InnoDB AUTO_INCREMENT=82 DEFAULT CHARSET=utf8mb4 COLLATE=utf8mb4_unicode_ci;

-- Dumping data for table geely_db1.service_appointment_item: ~65 rows (approximately)
INSERT INTO `service_appointment_item` (`id`, `service_appointment_id`, `service_item_id`, `waiting_time`) VALUES
	(1, 1, 1, '02:00'),
	(2, 1, 2, '00:10'),
	(3, 2, 1, '02:00'),
	(4, 2, 2, '00:10'),
	(5, 3, 2, '00:10'),
	(6, 4, 1, '02:00'),
	(7, 5, 2, '00:10'),
	(8, 6, 2, '00:10'),
	(9, 6, 3, '00:30'),
	(10, 6, 4, '00:40'),
	(11, 7, 2, '00:10'),
	(12, 7, 3, '00:30'),
	(13, 8, 2, '00:10'),
	(14, 9, 1, '02:00'),
	(15, 10, 1, '02:00'),
	(16, 10, 5, '01:00'),
	(17, 10, 6, '01:00'),
	(18, 11, 2, '00:10'),
	(19, 11, 6, '01:00'),
	(20, 12, 2, '00:10'),
	(21, 12, 3, '00:30'),
	(22, 12, 6, '01:00'),
	(23, 13, 1, '02:00'),
	(24, 13, 2, '00:10'),
	(25, 13, 3, '00:30'),
	(26, 13, 6, '01:00'),
	(27, 14, 1, '02:00'),
	(28, 14, 4, '00:40'),
	(29, 15, 4, '00:40'),
	(30, 15, 5, '01:00'),
	(31, 16, 5, '01:00'),
	(32, 16, 6, '01:00'),
	(33, 17, 1, '02:00'),
	(34, 17, 2, '00:10'),
	(35, 18, 3, '00:30'),
	(36, 19, 1, '02:00'),
	(37, 19, 6, '01:00'),
	(38, 20, 2, '00:10'),
	(39, 20, 5, '01:00'),
	(40, 21, 3, '00:30'),
	(41, 21, 5, '01:00'),
	(42, 21, 6, '01:00'),
	(43, 22, 2, '00:10'),
	(44, 22, 3, '00:30'),
	(45, 23, 1, '02:00'),
	(46, 23, 4, '00:40'),
	(47, 23, 5, '01:00'),
	(48, 24, 3, '00:30'),
	(49, 24, 4, '00:40'),
	(50, 25, 4, '00:40'),
	(51, 26, 1, '02:00'),
	(52, 27, 1, '02:00'),
	(53, 27, 2, '00:10'),
	(54, 28, 1, '02:00'),
	(55, 28, 2, '00:10'),
	(56, 29, 1, '02:00'),
	(57, 29, 5, '01:00'),
	(58, 30, 1, '02:00'),
	(59, 30, 4, '00:40'),
	(60, 31, 1, '02:00'),
	(61, 31, 2, '00:10'),
	(62, 32, 2, '00:10'),
	(63, 32, 3, '00:30'),
	(64, 33, 5, '01:00'),
	(65, 33, 6, '01:00'),
	(66, 34, 2, '00:10'),
	(67, 34, 3, '00:30'),
	(68, 35, 1, '02:00'),
	(69, 35, 6, '01:00'),
	(70, 35, 10, '03:00'),
	(71, 36, 1, '02:00'),
	(72, 36, 2, '00:10'),
	(73, 37, 4, '00:40'),
	(74, 38, 2, '00:10'),
	(75, 39, 2, '00:10'),
	(76, 40, 3, '00:30'),
	(77, 41, 4, '00:40'),
	(78, 42, 1, '02:00'),
	(79, 42, 4, '00:40'),
	(80, 43, 4, '00:40'),
	(81, 44, 3, '00:30');

-- Dumping structure for table geely_db1.service_bay_services
DROP TABLE IF EXISTS `service_bay_services`;
CREATE TABLE IF NOT EXISTS `service_bay_services` (
  `id` int(11) NOT NULL AUTO_INCREMENT,
  `service_center_bay_id` int(11) NOT NULL DEFAULT 0,
  `service_item_id` int(11) NOT NULL DEFAULT 0,
  `entry_by` varchar(50) NOT NULL DEFAULT '',
  `entry_date_time` varchar(50) NOT NULL DEFAULT '',
  PRIMARY KEY (`id`) USING BTREE
) ENGINE=InnoDB AUTO_INCREMENT=35 DEFAULT CHARSET=utf8mb4 COLLATE=utf8mb4_unicode_ci;

-- Dumping data for table geely_db1.service_bay_services: ~23 rows (approximately)
INSERT INTO `service_bay_services` (`id`, `service_center_bay_id`, `service_item_id`, `entry_by`, `entry_date_time`) VALUES
	(4, 4, 1, 'kzz', '2023-07-07 13:08:31'),
	(5, 4, 2, 'kzz', '2023-07-07 13:08:31'),
	(6, 5, 1, 'kzz', '2023-07-18 06:00:00'),
	(7, 5, 2, 'kzz', '2023-07-18 06:00:00'),
	(8, 5, 3, 'kzz', '2023-07-18 06:00:00'),
	(9, 5, 5, 'kzz', '2023-07-18 06:00:00'),
	(10, 6, 5, 'kzz', '2023-07-18 06:00:15'),
	(11, 6, 3, 'kzz', '2023-07-18 06:00:15'),
	(12, 6, 2, 'kzz', '2023-07-18 06:00:15'),
	(13, 6, 1, 'kzz', '2023-07-18 06:00:15'),
	(14, 7, 1, 'kzz', '2023-07-18 06:00:29'),
	(15, 7, 2, 'kzz', '2023-07-18 06:00:29'),
	(16, 7, 3, 'kzz', '2023-07-18 06:00:29'),
	(17, 7, 4, 'kzz', '2023-07-18 06:00:29'),
	(18, 8, 1, 'kzz', '2023-07-18 10:56:32'),
	(19, 8, 6, 'kzz', '2023-07-18 10:56:32'),
	(20, 9, 8, 'kzz', '2023-07-20 12:43:14'),
	(21, 9, 2, 'kzz', '2023-07-20 12:43:14'),
	(22, 9, 1, 'kzz', '2023-07-20 12:43:14'),
	(25, 10, 4, 'kzz', '2023-07-24 15:33:43'),
	(26, 10, 8, 'kzz', '2023-07-24 15:33:43'),
	(27, 10, 9, 'kzz', '2023-07-24 15:33:43'),
	(29, 3, 5, 'kzz', '2023-07-24 16:19:27'),
	(30, 2, 1, 'kzz', '2023-07-26 09:00:31'),
	(31, 2, 4, 'kzz', '2023-07-26 09:00:31'),
	(32, 11, 10, 'kzz', '2024-03-25 14:53:44'),
	(33, 11, 4, 'kzz', '2024-03-25 14:53:44'),
	(34, 11, 6, 'kzz', '2024-03-25 14:53:44');

-- Dumping structure for table geely_db1.service_car
DROP TABLE IF EXISTS `service_car`;
CREATE TABLE IF NOT EXISTS `service_car` (
  `id` int(11) NOT NULL AUTO_INCREMENT,
  `service_customer_id` int(11) NOT NULL DEFAULT 0,
  `brand` varchar(255) NOT NULL DEFAULT '',
  `model` varchar(255) NOT NULL DEFAULT '',
  `model_year` varchar(50) NOT NULL DEFAULT '',
  `exterior_color` varchar(255) NOT NULL DEFAULT '',
  `vin_no` varchar(255) NOT NULL DEFAULT '',
  `engine_no` varchar(255) NOT NULL DEFAULT '',
  `plate_no` varchar(100) NOT NULL DEFAULT '',
  `entry_by` varchar(100) NOT NULL DEFAULT '',
  `entry_date_time` varchar(25) NOT NULL DEFAULT '',
  PRIMARY KEY (`id`) USING BTREE
) ENGINE=InnoDB AUTO_INCREMENT=17 DEFAULT CHARSET=utf8mb4 COLLATE=utf8mb4_unicode_ci;

-- Dumping data for table geely_db1.service_car: ~14 rows (approximately)
INSERT INTO `service_car` (`id`, `service_customer_id`, `brand`, `model`, `model_year`, `exterior_color`, `vin_no`, `engine_no`, `plate_no`, `entry_by`, `entry_date_time`) VALUES
	(1, 1, 'Geely', 'Geometry F', '2023', 'White', '1', '1', 'YGN 12 1D-2345', 'nlm', '2023-07-09 05:51:28'),
	(3, 1, 'Geely', 'Coolray', '2023', 'Black', '', '', 'YGN 12 EE-0291', 'kzz', '2023-07-09 06:07:28'),
	(4, 3, 'Geely', 'Azkarra', '2020', 'Black', '', '', 'AYY 04 45-3266', 'nlm', '2023-07-17 22:37:00'),
	(5, 4, 'Geely', 'Geometry F', '2023', 'White', '4', '4', 'MON 45 69-3266', 'nlm', '2023-07-17 22:43:46'),
	(6, 5, 'TEST B', 'momo', '2020', 'Silver', 'VN4562', 'EN2365', 'YGN 96 32-6366', 'nlm', '2023-07-17 22:45:59'),
	(7, 6, 'Geely', 'Azkarra', '2020', 'Black', '', '', 'YGN 45 63-3256', 'nlm', '2023-07-17 22:48:57'),
	(8, 7, 'Geely', 'Azkarra', '2020', 'Black', '', '', 'TNI 96 36-6655', 'nlm', '2023-07-17 22:51:09'),
	(9, 2, 'geely', '2022', '2023', 'black', '', '', 'YGN 12 K-1234', 'kzz', '2023-07-18 00:35:45'),
	(10, 4, 'GEELY', 'COOL', '2023', 'NAVY BLUE', '', '', 'YGN 75 3K-5699', 'kzz', '2023-07-21 11:01:51'),
	(11, 11, 'Geely', 'Geometry F', '2023', 'White', '10', '10', 'YGN 23 rr-3252', 'wppp', '2023-07-25 16:39:46'),
	(12, 12, 'Geely', 'Geometry F', '2023', 'White', '15', '15', 'SGG 43 52-4532', 'nlm', '2023-07-31 00:51:03'),
	(13, 13, 'TTTT', 'Beetle', '2023', 'Silver', 'V6549', 'E14516', 'AYY 45 56-2542', 'nlm', '2023-07-31 00:53:17'),
	(14, 14, 'T', 'Camry', '2023', 'Black', 'V564564', 'E566', 'AYY 65 ds-8556', 'wppp', '2023-07-31 00:54:22'),
	(15, 14, 'Geely', 'Geometry F', '2023', 'White', '14', '14', 'SGG 23 54-5432', 'wppp', '2023-07-31 00:55:35'),
	(16, 7, 'geely', 'coolray', '2020', 'Black', '', '', 'RKE 12 BB-1241', 'kzz', '2024-03-25 15:26:49');

-- Dumping structure for table geely_db1.service_center
DROP TABLE IF EXISTS `service_center`;
CREATE TABLE IF NOT EXISTS `service_center` (
  `id` int(11) NOT NULL AUTO_INCREMENT,
  `name` varchar(255) NOT NULL DEFAULT '',
  PRIMARY KEY (`id`) USING BTREE
) ENGINE=InnoDB AUTO_INCREMENT=6 DEFAULT CHARSET=utf8mb4 COLLATE=utf8mb4_unicode_ci;

-- Dumping data for table geely_db1.service_center: ~4 rows (approximately)
INSERT INTO `service_center` (`id`, `name`) VALUES
	(1, 'YGN Main'),
	(2, 'YGN Kamayut'),
	(3, 'YGN Hlaing'),
	(4, 'MDY Main'),
	(5, 'NPT');

-- Dumping structure for table geely_db1.service_center_bay
DROP TABLE IF EXISTS `service_center_bay`;
CREATE TABLE IF NOT EXISTS `service_center_bay` (
  `id` int(11) NOT NULL AUTO_INCREMENT,
  `service_center_id` int(11) NOT NULL DEFAULT 0,
  `bay_no` varchar(100) NOT NULL DEFAULT '',
  PRIMARY KEY (`id`) USING BTREE
) ENGINE=InnoDB AUTO_INCREMENT=12 DEFAULT CHARSET=utf8mb4 COLLATE=utf8mb4_unicode_ci;

-- Dumping data for table geely_db1.service_center_bay: ~10 rows (approximately)
INSERT INTO `service_center_bay` (`id`, `service_center_id`, `bay_no`) VALUES
	(1, 3, 'Y001'),
	(2, 3, 'Y002'),
	(3, 3, 'Y003'),
	(4, 2, 'K001'),
	(5, 2, 'K005'),
	(6, 2, 'K006'),
	(7, 2, 'K007'),
	(8, 2, 'K008'),
	(9, 1, 'BN2156'),
	(10, 1, 'M1247'),
	(11, 2, 'K009');

-- Dumping structure for table geely_db1.service_center_store
DROP TABLE IF EXISTS `service_center_store`;
CREATE TABLE IF NOT EXISTS `service_center_store` (
  `id` int(11) NOT NULL AUTO_INCREMENT,
  `service_center_id` int(11) NOT NULL DEFAULT 0,
  `service_center` varchar(100) NOT NULL DEFAULT '',
  `sparepart_store_id` int(11) NOT NULL DEFAULT 0,
  `store_name` varchar(100) NOT NULL DEFAULT '',
  PRIMARY KEY (`id`) USING BTREE
) ENGINE=InnoDB AUTO_INCREMENT=9 DEFAULT CHARSET=utf8mb4 COLLATE=utf8mb4_unicode_ci;

-- Dumping data for table geely_db1.service_center_store: ~4 rows (approximately)
INSERT INTO `service_center_store` (`id`, `service_center_id`, `service_center`, `sparepart_store_id`, `store_name`) VALUES
	(1, 2, 'YGN Kamayut', 1, 'YGN'),
	(2, 4, 'MDY Main', 2, 'MDY'),
	(4, 4, 'MDY Main', 3, 'NPT'),
	(5, 3, 'YGN Hlaing', 7, 'YGN 1'),
	(6, 3, 'YGN Hlaing', 5, 'MDY 2'),
	(7, 1, 'YGN Main', 6, 'MDY 3'),
	(8, 5, 'NPT', 8, 'CCC');

-- Dumping structure for table geely_db1.service_customer
DROP TABLE IF EXISTS `service_customer`;
CREATE TABLE IF NOT EXISTS `service_customer` (
  `id` int(11) NOT NULL AUTO_INCREMENT,
  `registration_no` varchar(50) NOT NULL DEFAULT '',
  `name` varchar(150) NOT NULL DEFAULT '',
  `nrc_no` varchar(100) NOT NULL DEFAULT '',
  `phone_no` varchar(100) NOT NULL DEFAULT '',
  `alternative_phone_no` varchar(100) NOT NULL DEFAULT '',
  `email` varchar(100) NOT NULL DEFAULT '',
  `township` varchar(100) NOT NULL DEFAULT '',
  `address` text NOT NULL,
  `source` varchar(50) NOT NULL DEFAULT '' COMMENT 'Sales,\r\nService,\r\nWaiting List',
  `entry_by` varchar(100) NOT NULL DEFAULT '',
  `entry_date_time` varchar(25) NOT NULL DEFAULT '',
  PRIMARY KEY (`id`) USING BTREE
) ENGINE=InnoDB AUTO_INCREMENT=15 DEFAULT CHARSET=utf8mb4 COLLATE=utf8mb4_unicode_ci;

-- Dumping data for table geely_db1.service_customer: ~10 rows (approximately)
INSERT INTO `service_customer` (`id`, `registration_no`, `name`, `nrc_no`, `phone_no`, `alternative_phone_no`, `email`, `township`, `address`, `source`, `entry_by`, `entry_date_time`) VALUES
	(1, 'S230709001', 'Ko Aung Myo Htun', '12/TaMaNa(N)335566', '095041825', '', '', 'Tamwe', '', 'Sales', 'nlm', '2023-07-09 05:51:28'),
	(2, 'S230710001', 'Hsu Hnin Ye', '5/AhYaTa(N)232434', '09282929832', '', 'hsuhnin@gmail.com', 'Botataung', 'Yangon', 'Waiting List', 'kzz', '2023-07-10 20:47'),
	(3, 'S230717001', 'july', '2/BaLaKha(N)065261', '0934243232', '', '', 'Mingaladon', '', 'Sales', 'nlm', '2023-07-17 22:37:00'),
	(4, 'S230717002', 'it', '5/DaHaNa(N)258966', '0965238756', '', '', 'Dagon Seikkan', '', 'Sales', 'nlm', '2023-07-17 22:43:46'),
	(5, 'S230717003', 'yoon yoon', '14/DaDaYa(A)000000', '09635239658642365', '', '', 'North Okkalapa', '', 'Sales', 'nlm', '2023-07-17 22:45:59'),
	(6, 'S230717004', 'Su', '4/HtaTaLa(N)652366', '0985632', '', '', 'South Dagon', '', 'Sales', 'nlm', '2023-07-17 22:48:57'),
	(7, 'S230717005', 'htoo htoo', '3/BaGaLa(N)562358', '09365482659', '', '', 'Mingala Taungnyunt', '', 'Sales', 'nlm', '2023-07-17 22:51:09'),
	(8, 'S230718001', 'U ba', '3/BaThaSa(N)123456', '123456', '123456', 'UBA@gmail.com', 'Kyangin', 'yangon', 'Service', 'kzz', '2023-07-18 11:06'),
	(9, 'S230721001', 'ZayYar', '4/HtaTaLa(N)652398', '09639568', '0945823695', 'zayyar@pal.com.mm', 'Pyinoolwin', '\n简体中文Lynn150Animation\nSEARCHCHATWORKIMAGESVIDEOSMAPSNEWSMORE\nAbout 2,210,000,000 resultsDate\nGlobal web icon\nDictionary.com\nhttps://www.dictionary.com/browse/what\nWhat Definition & Meaning\nWebnoun the true nature or identity of something, or the sum of its characteristics: a lecture on the whats and hows of crop rotation. adjective (used interrogatively before nouns): What …\n\nGlobal web icon\nCambridge Dictionary\nhttps://dictionary.cambridge.org/dictionary/english/what\nWHAT | English meaning\nWebMeaning of what in English what determiner, pronoun, exclamation uk / wɒt / us / wɑːt / what determiner, pronoun, exclamation (QUESTION) Add to word list A1 used to ask for …', 'Service', 'kzz', '2023-07-21 14:33'),
	(10, 'S230721002', 'Su Su', '2/DaMaSa(N)658932', '0952689654', '', 'susu@pal.com.mm', 'South Dagon', '', 'Service', 'kzz', '2023-07-21 15:12'),
	(11, 'S230725001', 'U Aung Thein', '12/DaGaYa(N)898989', '0925326222', '', '', 'Sanchaung', '', 'Sales', 'wppp', '2023-07-25 16:39:46'),
	(12, 'S230731001', 'Shelle', '4/KaPaLa(N)696666', '09444555666', '', '', 'East Dagon', '', 'Sales', 'nlm', '2023-07-31 00:51:03'),
	(13, 'S230731002', 'Shelle', '12/AhLaNa(N)000888', '09555444999', '', '', 'Hlaing', '', 'Sales', 'nlm', '2023-07-31 00:53:17'),
	(14, 'S230731003', 'THAN', '5/KhaOuNa(N)036698', '095632556', '', '', 'Pangsang Township', '', 'Sales', 'wppp', '2023-07-31 00:54:22');

-- Dumping structure for table geely_db1.service_customer_car
DROP TABLE IF EXISTS `service_customer_car`;
CREATE TABLE IF NOT EXISTS `service_customer_car` (
  `id` int(11) NOT NULL AUTO_INCREMENT,
  `service_customer_id` int(11) NOT NULL DEFAULT 0,
  `service_car_id` int(11) NOT NULL DEFAULT 0,
  `plate_no` varchar(100) NOT NULL DEFAULT '',
  `entry_by` varchar(100) NOT NULL DEFAULT '',
  `entry_date_time` varchar(25) NOT NULL DEFAULT '',
  PRIMARY KEY (`id`) USING BTREE
) ENGINE=InnoDB AUTO_INCREMENT=19 DEFAULT CHARSET=utf8mb4 COLLATE=utf8mb4_unicode_ci;

-- Dumping data for table geely_db1.service_customer_car: ~17 rows (approximately)
INSERT INTO `service_customer_car` (`id`, `service_customer_id`, `service_car_id`, `plate_no`, `entry_by`, `entry_date_time`) VALUES
	(1, 1, 1, 'YGN 12 1D-2345', 'nlm', '2023-07-09 05:51:28'),
	(2, 1, 3, 'YGN 12 EE-0291', 'kzz', '2023-07-09 06:07:28'),
	(3, 3, 4, 'AYY 04 45-3266', 'nlm', '2023-07-17 22:37:00'),
	(4, 4, 5, 'MON 45 69-3266', 'nlm', '2023-07-17 22:43:46'),
	(5, 5, 6, 'YGN 96 32-6366', 'nlm', '2023-07-17 22:45:59'),
	(6, 6, 7, 'YGN 45 63-3256', 'nlm', '2023-07-17 22:48:57'),
	(7, 7, 8, 'TNI 96 36-6655', 'nlm', '2023-07-17 22:51:09'),
	(8, 2, 9, 'YGN 12 K-1234', 'kzz', '2023-07-18 00:35:45'),
	(9, 5, 6, 'YGN 96 32-6366', 'kzz', '2023-07-18 00:36:08'),
	(10, 2, 9, 'YGN 12 K-1234', 'kzz', '2023-07-18 00:36:47'),
	(11, 2, 9, 'YGN 12 K-1234', 'kzz', '2023-07-18 00:37:19'),
	(12, 4, 10, 'YGN 75 3K-5699', 'kzz', '2023-07-21 11:01:51'),
	(13, 11, 11, 'YGN 23 rr-3252', 'wppp', '2023-07-25 16:39:46'),
	(14, 12, 12, 'SGG 43 52-4532', 'nlm', '2023-07-31 00:51:03'),
	(15, 13, 13, 'AYY 45 56-2542', 'nlm', '2023-07-31 00:53:17'),
	(16, 14, 14, 'AYY 65 ds-8556', 'wppp', '2023-07-31 00:54:22'),
	(17, 14, 15, 'SGG 23 54-5432', 'wppp', '2023-07-31 00:55:35'),
	(18, 7, 16, 'RKE 12 BB-1241', 'kzz', '2024-03-25 15:26:49');

-- Dumping structure for table geely_db1.service_detail_service_item
DROP TABLE IF EXISTS `service_detail_service_item`;
CREATE TABLE IF NOT EXISTS `service_detail_service_item` (
  `id` int(11) NOT NULL AUTO_INCREMENT,
  `service_id` int(11) NOT NULL DEFAULT 0,
  `service_type` varchar(100) NOT NULL DEFAULT '',
  `package_id` int(11) NOT NULL DEFAULT 0,
  `package_name` varchar(255) NOT NULL DEFAULT '',
  `item_code` varchar(100) NOT NULL DEFAULT '',
  `item_name` varchar(255) NOT NULL DEFAULT '',
  `item_wt` varchar(25) NOT NULL DEFAULT '',
  `item_price` int(11) NOT NULL DEFAULT 0,
  `package_price` int(11) NOT NULL DEFAULT 0,
  `warranty` tinyint(4) NOT NULL DEFAULT 0,
  `technician_id` int(11) NOT NULL DEFAULT 0,
  `bay_no` varchar(100) NOT NULL DEFAULT '',
  `start_time` varchar(25) NOT NULL DEFAULT '',
  `end_time` varchar(25) NOT NULL DEFAULT '',
  PRIMARY KEY (`id`) USING BTREE
) ENGINE=InnoDB AUTO_INCREMENT=293 DEFAULT CHARSET=utf8mb4 COLLATE=utf8mb4_unicode_ci;

-- Dumping data for table geely_db1.service_detail_service_item: ~99 rows (approximately)
INSERT INTO `service_detail_service_item` (`id`, `service_id`, `service_type`, `package_id`, `package_name`, `item_code`, `item_name`, `item_wt`, `item_price`, `package_price`, `warranty`, `technician_id`, `bay_no`, `start_time`, `end_time`) VALUES
	(102, 11, 'Item', 0, '', '0007', 'Full Service', '01:30', 500, 0, 0, 38, 'K001', '09:00 AM', '09:00 AM'),
	(103, 11, 'Package', 5, 'winter package', '0006', 'car wash', '01:00', 0, 0, 1, 38, 'K001', '09:00 AM', '09:00 AM'),
	(104, 11, 'Package', 5, 'winter package', '0002', 'Change Engine Oil', '00:10', 0, 0, 1, 38, 'K001', '09:00 AM', '09:00 AM'),
	(105, 11, 'Item', 0, '', '0001', 'Check Whole Body', '02:00', 0, 0, 1, 39, 'K001', '09:00 AM', '09:00 AM'),
	(106, 10, 'Item', 0, '', '0001', 'Check Whole Body', '02:00', 55000, 0, 0, 38, 'K001', '09:00 AM', '09:00 AM'),
	(107, 10, 'Item', 0, '', '0007', 'Full Service', '01:30', 0, 0, 1, 38, 'K001', '09:00 AM', '09:00 AM'),
	(108, 10, 'Package', 5, 'winter package', '0006', 'car wash', '01:00', 0, 28000, 0, 38, 'K001', '09:00 AM', '09:00 AM'),
	(109, 10, 'Package', 5, 'winter package', '0002', 'Change Engine Oil', '00:10', 0, 28000, 0, 38, 'K001', '09:00 AM', '09:00 AM'),
	(110, 9, 'Package', 5, 'winter package', '0006', 'car wash', '01:00', 0, 0, 1, 35, 'K007', '09:00 AM', '09:00 AM'),
	(111, 9, 'Package', 5, 'winter package', '0002', 'Change Engine Oil', '00:10', 0, 0, 1, 38, 'K007', '11:15 AM', '11:15 AM'),
	(112, 9, 'Item', 0, '', '0004', 'Car Polish', '00:40', 45000, 0, 0, 38, 'K008', '12:00 PM', '12:00 PM'),
	(113, 8, 'Item', 0, '', '0002', 'Change Engine Oil', '00:10', 20000, 0, 0, 39, 'K007', '09:00 AM', '09:00 AM'),
	(114, 7, 'Package', 5, 'winter package', '0006', 'car wash', '01:00', 0, 30000, 0, 38, 'K006', '12:00 PM', '01:00 PM'),
	(115, 7, 'Package', 5, 'winter package', '0002', 'Change Engine Oil', '00:10', 0, 30000, 0, 39, 'K006', '12:00 PM', '12:00 PM'),
	(116, 7, 'Item', 0, '', '0004', 'Car Polish', '00:40', 45000, 0, 0, 39, 'K006', '12:00 PM', '12:00 PM'),
	(117, 7, 'Item', 0, '', '0005', 'test', '01:00', 0, 0, 1, 0, '', '', ''),
	(126, 6, 'Item', 0, '', '0003', 'Change Oil Cooler', '00:30', 30000, 0, 0, 39, 'K005', '09:00 AM', '09:00 AM'),
	(127, 6, 'Item', 0, '', '0004', 'Car Polish', '00:40', 45000, 0, 0, 39, 'K005', '09:00 AM', '09:00 AM'),
	(128, 6, 'Package', 1, 'July Package', '0001', 'Check Whole Body', '02:00', 0, 0, 1, 39, 'K005', '09:00 AM', '10:00 AM'),
	(129, 6, 'Package', 1, 'July Package', '0002', 'Change Engine Oil', '00:10', 0, 0, 1, 39, 'K005', '09:00 AM', '09:00 AM'),
	(139, 4, 'Item', 0, '', '0001', 'Check Whole Body', '02:00', 55000, 0, 0, 39, 'K001', '09:00 AM', '10:00 AM'),
	(160, 12, 'Item', 0, '', '0002', 'Change Engine Oil', '00:10', 20000, 0, 0, 39, 'K006', '08:00 AM', '06:00 AM'),
	(161, 12, 'Item', 0, '', '0003', 'Change Oil Cooler', '00:30', 30000, 0, 0, 39, 'K007', '08:00 AM', '10:00 AM'),
	(162, 12, 'Item', 0, '', '0006', 'car wash', '01:00', 10000, 0, 0, 39, 'K007', '08:00 AM', '10:00 AM'),
	(163, 13, 'Item', 0, '', '0001', 'Check Whole Body', '02:00', 55000, 0, 0, 35, 'K001', '12:00 PM', '10:50 AM'),
	(164, 13, 'Item', 0, '', '0004', 'Car Polish', '00:40', 45000, 0, 0, 38, 'K001', '12:00 PM', '12:00 PM'),
	(165, 13, 'Package', 5, 'winter package', '0006', 'car wash', '01:00', 0, 0, 1, 38, 'K001', '12:00 PM', '12:30 PM'),
	(166, 13, 'Package', 5, 'winter package', '0002', 'Change Engine Oil', '00:10', 0, 0, 1, 38, 'K001', '12:00 PM', '01:00 PM'),
	(170, 15, 'Item', 0, '', '0004', 'Car Polish', '00:40', 45000, 0, 0, 38, 'K001', '09:00', '09:00'),
	(171, 15, 'Item', 0, '', '0005', 'test', '01:00', 10000, 0, 0, 38, 'K001', '09:00', '09:00'),
	(172, 15, 'Package', 7, 'Early Birds', '0009', 'Sofa Cushion', '05:00', 0, 0, 1, 38, 'K001', '09:00', '09:00'),
	(173, 15, 'Package', 7, 'Early Birds', '0008', 'Fuel System', '00:30', 0, 0, 1, 38, 'K001', '09:00', '09:00'),
	(174, 15, 'Package', 7, 'Early Birds', '0001', 'Check Whole Body', '02:00', 0, 0, 1, 38, 'K001', '09:00', '09:00'),
	(178, 16, 'Item', 0, '', '0005', 'test', '01:00', 10000, 0, 0, 35, 'K007', '10:00', '12:00'),
	(179, 16, 'Item', 0, '', '0006', 'car wash', '01:00', 10000, 0, 0, 35, 'K007', '10:00', '13:00'),
	(180, 16, 'Item', 0, '', '0001', 'Check Whole Body', '02:00', 0, 0, 1, 35, 'K007', '11:00', '11:00'),
	(181, 3, 'Item', 0, '', '0002', 'Change Engine Oil', '00:10', 20000, 0, 0, 38, 'K001', '09:00 AM', '09:00 AM'),
	(185, 17, 'Item', 0, '', '0001', 'Check Whole Body', '02:00', 55000, 0, 0, 39, 'K007', '09:00', '10:00'),
	(186, 17, 'Item', 0, '', '0002', 'Change Engine Oil', '00:10', 20000, 0, 0, 39, 'K007', '11:00', '12:00'),
	(188, 18, 'Item', 0, '', '0003', 'Change Oil Cooler', '00:30', 30000, 0, 0, 0, '', '', ''),
	(189, 18, 'Item', 0, '', '0001', 'Check Whole Body', '02:00', 0, 0, 1, 0, '', '', ''),
	(190, 19, 'Item', 0, '', '0001', 'Check Whole Body', '02:00', 55000, 0, 0, 0, '', '', ''),
	(191, 19, 'Item', 0, '', '0006', 'car wash', '01:00', 10000, 0, 0, 0, '', '', ''),
	(193, 5, 'Item', 0, '', '0002', 'Change Engine Oil', '00:10', 20000, 0, 0, 38, 'K001', '09:00 AM', '09:00 AM'),
	(209, 20, 'Item', 0, '', '0002', 'Change Engine Oil', '00:10', 20000, 0, 0, 38, 'K005', '09:00', '09:00'),
	(210, 20, 'Item', 0, '', '0005', 'test', '01:00', 10000, 0, 0, 38, 'K005', '09:00', '09:00'),
	(214, 21, 'Item', 0, '', '0002', 'Change Engine Oil', '00:10', 20000, 0, 0, 38, 'K005', '09:00', '10:00'),
	(215, 21, 'Item', 0, '', '0003', 'Change Oil Cooler', '00:30', 30000, 0, 0, 35, 'K005', '09:00', '09:00'),
	(216, 22, 'Item', 0, '', '0003', 'Change Oil Cooler', '00:30', 30000, 0, 0, 0, '', '', ''),
	(217, 22, 'Item', 0, '', '0004', 'Car Polish', '00:40', 45000, 0, 0, 0, '', '', ''),
	(219, 23, 'Item', 0, '', '0001', 'Check Whole Body', '02:00', 55000, 0, 0, 0, '', '', ''),
	(220, 24, 'Item', 0, '', '0004', 'Car Polish', '00:40', 45000, 0, 0, 0, '', '', ''),
	(221, 25, 'Item', 0, '', '0001', 'Check Whole Body', '02:00', 55000, 0, 0, 0, '', '', ''),
	(222, 25, 'Item', 0, '', '0002', 'Change Engine Oil', '00:10', 20000, 0, 0, 0, '', '', ''),
	(224, 26, 'Item', 0, '', '0001', 'Check Whole Body', '02:00', 55000, 0, 0, 0, '', '', ''),
	(225, 26, 'Item', 0, '', '0002', 'Change Engine Oil', '00:10', 20000, 0, 0, 0, '', '', ''),
	(227, 27, 'Item', 0, '', '0003', 'Change Oil Cooler', '00:30', 30000, 0, 0, 0, '', '', ''),
	(228, 27, 'Item', 0, '', '0005', 'test', '01:00', 10000, 0, 0, 0, '', '', ''),
	(229, 27, 'Item', 0, '', '0006', 'car wash', '01:00', 10000, 0, 0, 0, '', '', ''),
	(230, 28, 'Item', 0, '', '0001', 'Check Whole Body', '02:00', 55000, 0, 0, 0, '', '', ''),
	(231, 28, 'Item', 0, '', '0004', 'Car Polish', '00:40', 45000, 0, 0, 0, '', '', ''),
	(232, 28, 'Item', 0, '', '0005', 'test', '01:00', 10000, 0, 0, 0, '', '', ''),
	(236, 29, 'Item', 0, '', '0001', 'Check Whole Body', '02:00', 55000, 0, 0, 39, 'K005', '09:00', '09:00'),
	(237, 29, 'Item', 0, '', '0002', 'Change Engine Oil', '00:10', 20000, 0, 0, 39, 'K005', '09:00', '09:00'),
	(238, 30, 'Item', 0, '', '0002', 'Change Engine Oil', '00:10', 20000, 0, 0, 0, '', '', ''),
	(239, 30, 'Item', 0, '', '0003', 'Change Oil Cooler', '00:30', 30000, 0, 0, 0, '', '', ''),
	(244, 31, 'Item', 0, '', '0005', 'test', '01:00', 10000, 0, 0, 38, 'K001', '09:00', '09:00'),
	(245, 31, 'Item', 0, '', '0006', 'car wash', '01:00', 10000, 0, 0, 38, 'K001', '09:00', '12:00'),
	(249, 32, 'Item', 0, '', '0002', 'Change Engine Oil', '00:10', 20000, 0, 0, 38, 'K001', '09:00', '11:00'),
	(250, 32, 'Item', 0, '', '0003', 'Change Oil Cooler', '00:30', 30000, 0, 0, 39, 'K005', '09:00', '12:00'),
	(251, 32, 'Item', 0, '', '0005', 'test', '01:00', 10000, 0, 0, 39, 'K005', '09:00', '12:00'),
	(255, 33, 'Package', 11, 'summer package', '0001', 'Check Whole Body', '02:00', 0, 100000, 0, 38, 'K005', '13:00', '14:00'),
	(256, 33, 'Package', 11, 'summer package', '0010', 'Suspension service', '03:00', 0, 100000, 0, 38, 'K005', '13:00', '14:00'),
	(257, 33, 'Item', 0, '', '0006', 'car wash', '01:00', 0, 0, 1, 38, 'K005', '13:00', '14:00'),
	(261, 34, 'Item', 0, '', '0001', 'Check Whole Body', '02:00', 55000, 0, 0, 0, '', '', ''),
	(262, 34, 'Item', 0, '', '0005', 'test', '01:00', 10000, 0, 0, 0, '', '', ''),
	(263, 35, 'Item', 0, '', '0001', 'Check Whole Body', '02:00', 55000, 0, 0, 0, '', '', ''),
	(264, 35, 'Item', 0, '', '0004', 'Car Polish', '00:40', 45000, 0, 0, 0, '', '', ''),
	(266, 36, 'Item', 0, '', '0001', 'Check Whole Body', '02:00', 55000, 0, 0, 0, '', '', ''),
	(267, 36, 'Item', 0, '', '0002', 'Change Engine Oil', '00:10', 20000, 0, 0, 0, '', '', ''),
	(270, 37, 'Item', 0, '', '0004', 'Car Polish', '00:40', 45000, 0, 0, 0, '', '', ''),
	(272, 38, 'Item', 0, '', '0002', 'Change Engine Oil', '00:10', 20000, 0, 0, 0, '', '', ''),
	(273, 39, 'Item', 0, '', '0003', 'Change Oil Cooler', '00:30', 30000, 0, 0, 0, '', '', ''),
	(274, 40, 'Item', 0, '', '0004', 'Car Polish', '00:40', 45000, 0, 0, 0, '', '', ''),
	(275, 41, 'Item', 0, '', '0001', 'Check Whole Body', '02:00', 55000, 0, 0, 0, '', '', ''),
	(276, 41, 'Item', 0, '', '0004', 'Car Polish', '00:40', 45000, 0, 0, 0, '', '', ''),
	(278, 42, 'Item', 0, '', '0004', 'Car Polish', '00:40', 45000, 0, 0, 0, '', '', ''),
	(280, 1, 'Item', 0, '', '0001', 'Check Whole Body', '02:00', 55000, 0, 0, 39, 'K001', '10:00 AM', '10:30 AM'),
	(281, 1, 'Item', 0, '', '0002', 'Change Engine Oil', '00:10', 20000, 0, 0, 38, 'K001', '10:35 AM', '11:00 AM'),
	(282, 1, 'Package', 3, 'Super July', '0004', 'Car Polish', '00:40', 0, 55000, 0, 39, 'K001', '11:05 AM', '11:45 AM'),
	(283, 1, 'Package', 3, 'Super July', '0003', 'Change Oil Cooler', '00:30', 0, 55000, 0, 38, 'K001', '12:05 PM', '12:40 PM'),
	(284, 2, 'Item', 0, '', '0001', 'Check Whole Body', '02:00', 55000, 0, 0, 38, 'K001', '10:00 AM', '10:00 AM'),
	(285, 2, 'Item', 0, '', '0002', 'Change Engine Oil', '00:10', 20000, 0, 0, 38, 'K001', '10:00 AM', '10:00 AM'),
	(286, 2, 'Package', 4, 'service package test', '0004', 'Car Polish', '00:40', 0, 45000, 0, 38, 'K001', '10:00 AM', '10:00 AM'),
	(287, 2, 'Item', 0, '', '0003', 'Change Oil Cooler', '00:30', 0, 0, 1, 38, 'K001', '10:00 AM', '10:00 AM'),
	(288, 14, 'Item', 0, '', '0001', 'Check Whole Body', '02:00', 55000, 0, 0, 38, 'K005', '09:00 AM', '08:00 AM'),
	(289, 14, 'Item', 0, '', '0002', 'Change Engine Oil', '00:10', 20000, 0, 0, 38, 'K005', '09:00 AM', '09:00 AM'),
	(290, 14, 'Item', 0, '', '0003', 'Change Oil Cooler', '00:30', 30000, 0, 0, 38, 'K005', '09:00 AM', '09:00 AM'),
	(291, 14, 'Item', 0, '', '0006', 'car wash', '01:00', 10000, 0, 0, 38, 'K005', '09:00 AM', '09:00 AM'),
	(292, 43, 'Item', 0, '', '0003', 'Change Oil Cooler', '00:30', 30000, 0, 0, 0, '', '', '');

-- Dumping structure for table geely_db1.service_detail_sparepart
DROP TABLE IF EXISTS `service_detail_sparepart`;
CREATE TABLE IF NOT EXISTS `service_detail_sparepart` (
  `id` int(11) NOT NULL AUTO_INCREMENT,
  `service_id` int(11) NOT NULL DEFAULT 0,
  `code` varchar(100) NOT NULL DEFAULT '',
  `name` varchar(255) NOT NULL DEFAULT '',
  `qty` int(11) NOT NULL DEFAULT 0,
  `receive_qty` int(11) NOT NULL DEFAULT 0,
  `warranty` tinyint(4) NOT NULL DEFAULT 0,
  `fixed_price` int(11) NOT NULL DEFAULT 0,
  PRIMARY KEY (`id`) USING BTREE
) ENGINE=InnoDB AUTO_INCREMENT=43 DEFAULT CHARSET=utf8mb4 COLLATE=utf8mb4_unicode_ci;

-- Dumping data for table geely_db1.service_detail_sparepart: ~23 rows (approximately)
INSERT INTO `service_detail_sparepart` (`id`, `service_id`, `code`, `name`, `qty`, `receive_qty`, `warranty`, `fixed_price`) VALUES
	(2, 1, '5062031900C15', 'BACK DOOR SHEET METAL ASSY', 1, 1, 0, 5000),
	(10, 2, 'papwp001', 'PartTesting', 1, 1, 0, 9000),
	(12, 3, '5075038300C15', 'LF DOOR ASSY', 1, 1, 0, 15000),
	(13, 4, 'DB001', 'DashboardCleaner', 1, 1, 0, 2000),
	(14, 5, '5075038300C15', 'LF DOOR ASSY', 1, 1, 0, 15000),
	(16, 7, 'DB001', 'DashboardCleaner', 1, 1, 0, 2000),
	(17, 8, '5035052700C15', 'LF FENDER', 1, 1, 0, 20000),
	(18, 10, 'papwp001', 'PartTesting', 1, 1, 1, 9000),
	(19, 10, '5081040300C15', 'LR DOOR ASSY', 2, 2, 1, 15000),
	(20, 9, 'test1', 'Cleaner', 3, 3, 1, 1500),
	(21, 7, '5062031900C15', 'BACK DOOR SHEET METAL ASSY', 1, 1, 1, 0),
	(22, 11, 'test1', 'Cleaner', 5, 5, 1, 1500),
	(23, 13, '0001', 'wiper', 2, 2, 1, 4000),
	(24, 13, '5075038300C15', 'LF DOOR ASSY', 3, 3, 1, 15000),
	(25, 13, '0001', 'wiper', 1, 1, 0, 4000),
	(26, 11, '5075038100C15', 'RF DOOR ASSY', 1, 1, 0, 0),
	(27, 14, 'papwp001', 'PartTesting', 5, 5, 1, 9000),
	(28, 14, '0001', 'wiper', 2, 2, 1, 4000),
	(30, 12, '5075038100C15', 'RF DOOR ASSY', 3, 3, 1, 15000),
	(32, 13, 'test1', 'Cleaner', 2, 2, 0, 1500),
	(34, 15, '0001', 'wiper', 1, 1, 0, 4000),
	(35, 16, 'papwp001', 'PartTesting', 2, 2, 1, 9000),
	(36, 3, '5035052700C15', 'LF FENDER', 1, 0, 0, 0),
	(37, 3, '5062031900C15', 'BACK DOOR SHEET METAL ASSY', 1, 0, 0, 0),
	(38, 3, '5062031900C15', 'BACK DOOR SHEET METAL ASSY', 1, 0, 1, 0),
	(39, 33, 'C4592', 'PS', 1, 1, 0, 700),
	(40, 33, '5062031900C15', 'BACK DOOR SHEET METAL ASSY', 2, 2, 0, 5000),
	(41, 1, '5035052700C15', 'LF FENDER', 1, 0, 0, 0),
	(42, 2, '5035052700C15', 'LF FENDER', 1, 0, 0, 0);

-- Dumping structure for table geely_db1.service_final_inspection
DROP TABLE IF EXISTS `service_final_inspection`;
CREATE TABLE IF NOT EXISTS `service_final_inspection` (
  `id` int(11) NOT NULL AUTO_INCREMENT,
  `service_id` int(11) NOT NULL DEFAULT 0,
  `service_booklet` tinyint(4) NOT NULL DEFAULT 0,
  `jack_and_handle` tinyint(4) NOT NULL DEFAULT 0,
  `paking_sign` tinyint(4) NOT NULL DEFAULT 0,
  `spare_wheel` tinyint(4) NOT NULL DEFAULT 0,
  `mobile_charger` tinyint(4) NOT NULL DEFAULT 0,
  `car_key` tinyint(4) NOT NULL DEFAULT 0,
  `wheel_tax` tinyint(4) NOT NULL DEFAULT 0,
  `fuel_level` tinyint(4) NOT NULL DEFAULT 0,
  `other_items` tinyint(4) NOT NULL DEFAULT 0,
  `remark` tinyint(4) NOT NULL DEFAULT 0,
  `customer_complaint` tinyint(4) NOT NULL DEFAULT 0,
  `restored_position` tinyint(4) NOT NULL DEFAULT 0,
  `road_test_done` tinyint(4) NOT NULL DEFAULT 0,
  `battery_health` varchar(50) NOT NULL DEFAULT '' COMMENT 'Good, Average, Poor',
  `entry_date_time` varchar(25) NOT NULL DEFAULT '',
  PRIMARY KEY (`id`) USING BTREE
) ENGINE=InnoDB AUTO_INCREMENT=24 DEFAULT CHARSET=utf8mb4 COLLATE=utf8mb4_unicode_ci;

-- Dumping data for table geely_db1.service_final_inspection: ~14 rows (approximately)
INSERT INTO `service_final_inspection` (`id`, `service_id`, `service_booklet`, `jack_and_handle`, `paking_sign`, `spare_wheel`, `mobile_charger`, `car_key`, `wheel_tax`, `fuel_level`, `other_items`, `remark`, `customer_complaint`, `restored_position`, `road_test_done`, `battery_health`, `entry_date_time`) VALUES
	(1, 1, 1, 1, 0, 1, 0, 0, 1, 1, 0, 0, 1, 1, 1, 'Average', '2023-07-15 16:42:20'),
	(2, 2, 0, 0, 0, 0, 0, 0, 0, 0, 0, 0, 1, 1, 1, 'Good', '2023-07-18 00:32:53'),
	(3, 5, 0, 0, 0, 0, 0, 0, 0, 0, 0, 0, 1, 1, 1, 'Good', '2023-07-18 02:14:52'),
	(4, 3, 0, 0, 0, 0, 0, 0, 0, 0, 0, 0, 1, 1, 1, 'Good', '2023-07-18 02:14:55'),
	(5, 4, 0, 0, 0, 0, 0, 0, 0, 0, 0, 0, 1, 1, 1, 'Good', '2023-07-18 02:14:59'),
	(6, 6, 1, 0, 0, 1, 0, 0, 1, 1, 0, 0, 0, 0, 1, 'Good', '2023-07-18 07:10:19'),
	(7, 7, 0, 0, 0, 0, 0, 1, 0, 1, 0, 0, 1, 0, 0, 'Good', '2023-07-18 11:15:42'),
	(8, 8, 0, 0, 0, 0, 0, 0, 0, 1, 0, 0, 0, 1, 0, 'Poor', '2023-07-21 16:24:44'),
	(9, 11, 1, 0, 0, 1, 0, 0, 0, 1, 1, 1, 1, 1, 0, 'Good', '2023-07-21 16:25:20'),
	(10, 10, 1, 0, 0, 0, 0, 1, 0, 0, 0, 1, 0, 0, 0, 'Average', '2023-07-21 16:25:39'),
	(11, 9, 1, 0, 1, 0, 0, 1, 0, 1, 1, 1, 1, 1, 1, 'Good', '2023-07-21 16:26:01'),
	(12, 12, 1, 0, 0, 1, 1, 0, 0, 1, 1, 1, 1, 1, 1, 'Good', '2023-07-26 12:27:28'),
	(13, 13, 0, 0, 1, 0, 0, 0, 0, 0, 0, 0, 0, 0, 0, 'Poor', '2023-07-26 12:38:26'),
	(14, 14, 0, 0, 0, 0, 0, 0, 0, 0, 0, 0, 1, 1, 1, 'Good', '2023-07-26 12:38:32'),
	(15, 16, 0, 0, 0, 0, 0, 0, 0, 0, 0, 0, 1, 1, 1, 'Good', '2023-07-26 13:57:32'),
	(16, 15, 1, 0, 0, 1, 0, 1, 0, 1, 0, 0, 1, 1, 0, 'Good', '2023-07-26 13:59:30'),
	(17, 17, 0, 0, 0, 0, 0, 0, 0, 0, 0, 0, 1, 1, 1, 'Good', '2023-12-06 09:39:04'),
	(18, 20, 0, 0, 0, 1, 0, 0, 1, 1, 0, 0, 1, 1, 1, 'Good', '2024-01-16 23:02:20'),
	(19, 21, 0, 0, 0, 0, 0, 0, 0, 0, 0, 0, 1, 1, 1, 'Good', '2024-03-15 11:44:48'),
	(20, 31, 0, 0, 0, 0, 0, 0, 0, 0, 0, 0, 1, 1, 1, 'Good', '2024-03-22 09:32:59'),
	(21, 32, 0, 0, 0, 0, 0, 0, 0, 0, 0, 0, 1, 1, 1, 'Good', '2024-03-22 10:10:54'),
	(22, 33, 1, 0, 0, 0, 1, 0, 0, 1, 0, 0, 1, 1, 1, 'Good', '2024-03-25 15:44:28'),
	(23, 29, 0, 0, 0, 0, 0, 0, 0, 1, 0, 0, 1, 1, 1, 'Good', '2024-03-25 16:00:20');

-- Dumping structure for table geely_db1.service_gift
DROP TABLE IF EXISTS `service_gift`;
CREATE TABLE IF NOT EXISTS `service_gift` (
  `id` int(11) NOT NULL AUTO_INCREMENT,
  `name` varchar(255) NOT NULL DEFAULT '',
  PRIMARY KEY (`id`) USING BTREE
) ENGINE=InnoDB AUTO_INCREMENT=5 DEFAULT CHARSET=utf8mb4 COLLATE=utf8mb4_unicode_ci;

-- Dumping data for table geely_db1.service_gift: ~4 rows (approximately)
INSERT INTO `service_gift` (`id`, `name`) VALUES
	(1, 'Umbrella'),
	(2, 'T-shirt'),
	(3, 'Watch'),
	(4, 'Holder Car Mount');

-- Dumping structure for table geely_db1.service_item
DROP TABLE IF EXISTS `service_item`;
CREATE TABLE IF NOT EXISTS `service_item` (
  `id` int(11) NOT NULL AUTO_INCREMENT,
  `code` varchar(50) NOT NULL DEFAULT '',
  `name` varchar(255) NOT NULL DEFAULT '',
  `waiting_time` varchar(100) NOT NULL DEFAULT '',
  `price` int(11) NOT NULL DEFAULT 0,
  PRIMARY KEY (`id`) USING BTREE
) ENGINE=InnoDB AUTO_INCREMENT=11 DEFAULT CHARSET=utf8mb4 COLLATE=utf8mb4_unicode_ci;

-- Dumping data for table geely_db1.service_item: ~8 rows (approximately)
INSERT INTO `service_item` (`id`, `code`, `name`, `waiting_time`, `price`) VALUES
	(1, '0001', 'Check Whole Body', '02:00', 55000),
	(2, '0002', 'Change Engine Oil', '00:10', 20000),
	(3, '0003', 'Change Oil Cooler', '00:30', 30000),
	(4, '0004', 'Car Polish', '00:40', 45000),
	(5, '0005', 'test', '01:00', 10000),
	(6, '0006', 'car wash', '01:00', 10000),
	(7, '0007', 'Full Service', '01:30', 500),
	(8, '0008', 'Fuel System', '00:30', 5000),
	(9, '0009', 'Sofa Cushion', '05:00', 8500),
	(10, '0010', 'Suspension service', '03:00', 51000);

-- Dumping structure for table geely_db1.service_item_task
DROP TABLE IF EXISTS `service_item_task`;
CREATE TABLE IF NOT EXISTS `service_item_task` (
  `id` int(11) NOT NULL AUTO_INCREMENT,
  `service_item_id` int(11) NOT NULL DEFAULT 0,
  `description` text NOT NULL,
  `tips` varchar(100) NOT NULL DEFAULT '',
  `requirements` varchar(255) NOT NULL DEFAULT '',
  `entry_by` varchar(100) NOT NULL DEFAULT '',
  `entry_date_time` varchar(25) NOT NULL DEFAULT '',
  PRIMARY KEY (`id`) USING BTREE
) ENGINE=InnoDB AUTO_INCREMENT=11 DEFAULT CHARSET=utf8mb4 COLLATE=utf8mb4_unicode_ci;

-- Dumping data for table geely_db1.service_item_task: ~9 rows (approximately)
INSERT INTO `service_item_task` (`id`, `service_item_id`, `description`, `tips`, `requirements`, `entry_by`, `entry_date_time`) VALUES
	(1, 1, 'to check whole body frame of vehicle', 'poiu', 'Spareparts and Technicians', 'kzz', '2023-07-07 11:49:51'),
	(2, 1, 'CHECK ENGINE LIGHTS?', 'Testing Tips', 'Wiper', 'kzz', '2023-07-07 11:52:46'),
	(3, 7, 'What does a car service include? The age-old question has been making rounds on the internet with novice drivers and car owners wanting to know more about it', 'Cambelt Repairs, Crash Repair', 'It is recommended at every 6 months or 6,000 miles', 'kzz', '2023-07-20 12:04:16'),
	(4, 9, 'xyz', 'bridge Dictionary editors or of Ca EDITED', 'ress or its licensors. EDITED', 'KZZ', '2023-07-24 14:11:41'),
	(5, 3, 'A TO Z', 'Examples of luxuriant These examples are from corpora and from sources on the web. Any opinions in t', 'Examples of luxuriant These examples are from corpora and from sources on the web. Any opinions in the examples do not represent the opinion of the Cambridge Dictionary editors or of Cambridge University Press or its licensors. The risk of infection can b', 'KZZ', '2023-07-24 14:22:04'),
	(6, 4, 'xyz', 'Examples of luxuriant These examples are from corpora and from sources on the web. Any opinions in t', 'Examples of luxuriant These examples are from corpora and from sources on the web. Any opinions in the examples do not represent the opinion of the Cambridge Dictionary editors or of Cambridge University Press or its licensors. The risk of infection can b', 'KZZ', '2023-07-24 14:23:41'),
	(7, 8, 'What does a car service include? The age-old question has been making rounds on the internet with novice drivers and car owners wanting to know more about it', 'TIPS TIPS', 'REQUIREMENTS REQUIREMENTS', 'kzz', '2023-07-24 15:10:59'),
	(8, 8, 'What does a car service include? The age-old question has been making rounds on the internet with novice drivers and car owners wanting to know more about it', 'TEST ', 'FUEL CHECK', 'kzz', '2023-07-24 15:11:38'),
	(9, 9, 'https://clusclient.com/geely_golive/service/service_item_task.php', 'https://clusclient.com/geely_golive/service/service_item_task.php', 'https://clusclient.com/geely_golive/service/service_item_task.php', 'kzz', '2023-07-24 15:15:43'),
	(10, 10, 'Tierod replacement', '', '', 'kzz', '2024-03-25 14:46:25');

-- Dumping structure for table geely_db1.service_package
DROP TABLE IF EXISTS `service_package`;
CREATE TABLE IF NOT EXISTS `service_package` (
  `id` int(11) NOT NULL AUTO_INCREMENT,
  `package_name` varchar(255) NOT NULL DEFAULT '',
  `discount` int(11) NOT NULL DEFAULT 0,
  `entry_by` varchar(50) NOT NULL DEFAULT '',
  `entry_date_time` varchar(50) NOT NULL DEFAULT '',
  PRIMARY KEY (`id`) USING BTREE
) ENGINE=InnoDB AUTO_INCREMENT=12 DEFAULT CHARSET=utf8mb4 COLLATE=utf8mb4_unicode_ci;

-- Dumping data for table geely_db1.service_package: ~10 rows (approximately)
INSERT INTO `service_package` (`id`, `package_name`, `discount`, `entry_by`, `entry_date_time`) VALUES
	(1, 'July Package', 15000, '', ''),
	(2, 'August Package', 1000, '', ''),
	(3, 'Super July', 25000, '', ''),
	(4, 'service package test', 30000, '', ''),
	(5, 'winter package', 2000, '', ''),
	(6, 'finale pack', 500, '', ''),
	(7, 'Early Birds', 3500, '', ''),
	(8, 'test', 45000, '', ''),
	(9, 'ttt', 5000, '', ''),
	(10, 'ccc', 5000, '', ''),
	(11, 'summer package', 6000, '', '');

-- Dumping structure for table geely_db1.service_package_detail
DROP TABLE IF EXISTS `service_package_detail`;
CREATE TABLE IF NOT EXISTS `service_package_detail` (
  `id` int(11) NOT NULL AUTO_INCREMENT,
  `service_package_id` int(11) NOT NULL DEFAULT 0,
  `service_item_id` int(11) NOT NULL DEFAULT 0,
  PRIMARY KEY (`id`) USING BTREE
) ENGINE=InnoDB AUTO_INCREMENT=48 DEFAULT CHARSET=utf8mb4 COLLATE=utf8mb4_unicode_ci;

-- Dumping data for table geely_db1.service_package_detail: ~20 rows (approximately)
INSERT INTO `service_package_detail` (`id`, `service_package_id`, `service_item_id`) VALUES
	(3, 1, 1),
	(4, 1, 2),
	(10, 6, 1),
	(11, 6, 4),
	(12, 6, 7),
	(16, 4, 4),
	(17, 4, 6),
	(18, 4, 2),
	(19, 5, 6),
	(20, 5, 2),
	(23, 7, 9),
	(24, 7, 8),
	(25, 7, 1),
	(27, 8, 4),
	(28, 2, 5),
	(34, 3, 4),
	(35, 3, 3),
	(36, 3, 5),
	(38, 9, 1),
	(42, 10, 4),
	(46, 11, 1),
	(47, 11, 10);

-- Dumping structure for table geely_db1.service_payment
DROP TABLE IF EXISTS `service_payment`;
CREATE TABLE IF NOT EXISTS `service_payment` (
  `id` int(11) NOT NULL AUTO_INCREMENT,
  `service_id` int(11) NOT NULL DEFAULT 0,
  `date` varchar(25) NOT NULL DEFAULT '',
  `gl_code` varchar(50) NOT NULL DEFAULT '',
  `gl_code_bank_or_cash` varchar(50) NOT NULL DEFAULT '',
  `amount` int(11) NOT NULL DEFAULT 0,
  `paid_by` varchar(150) NOT NULL DEFAULT '',
  `description` text NOT NULL,
  `upload_receipt` varchar(255) NOT NULL DEFAULT '',
  `entry_by` varchar(100) NOT NULL DEFAULT '',
  `entry_date_time` varchar(25) NOT NULL DEFAULT '',
  PRIMARY KEY (`id`) USING BTREE
) ENGINE=InnoDB AUTO_INCREMENT=25 DEFAULT CHARSET=utf8mb4 COLLATE=utf8mb4_unicode_ci;

-- Dumping data for table geely_db1.service_payment: ~16 rows (approximately)
INSERT INTO `service_payment` (`id`, `service_id`, `date`, `gl_code`, `gl_code_bank_or_cash`, `amount`, `paid_by`, `description`, `upload_receipt`, `entry_by`, `entry_date_time`) VALUES
	(1, 6, '2023-07-18', '4013/003', '1000/002', 75000, 'htoo htoo', '', '2023-07-18 09-43-43.jpg', 'smo', '2023-07-18 09:43:43'),
	(2, 7, '2023-07-18', '4013/003', '1000/001', 77000, 'U ba', '', '2023-07-18 11-17-45.jpg', 'smo', '2023-07-18 11:17:45'),
	(3, 5, '2023-07-18', '4013/003', '1000/001', 35000, 'Ko Aung Myo Htun', '', '2023-07-18 11-18-24.jpg', 'smo', '2023-07-18 11:18:24'),
	(4, 4, '2023-07-18', '4013/003', '1000/001', 57000, 'Su', '', '2023-07-18 11-22-43.png', 'smo', '2023-07-18 11:22:43'),
	(5, 3, '2023-07-18', '4013/003', '1000/001', 35000, 'yoon yoon', '', '2023-07-18 11-23-27.jpg', 'smo', '2023-07-18 11:23:27'),
	(6, 3, '2023-07-18', '4013/003', '1000/001', 35000, 'yoon yoon', '', '2023-07-18 11-25-04.png', 'smo', '2023-07-18 11:25:04'),
	(7, 2, '2023-07-18', '4013/003', '1000/001', 129000, 'yoon yoon', '', '2023-07-18 11-27-16.jpg', 'smo', '2023-07-18 11:27:16'),
	(8, 2, '2023-07-18', '4013/003', '1000/001', 129000, 'yoon yoon', '', '2023-07-18 11-28-06.png', 'smo', '2023-07-18 11:28:06'),
	(9, 1, '2023-07-19', '4013/003', '1000/001', 130000, 'Hsu Hnin Ye', '', '2023-07-19 19-12-51.jpg', 'smo', '2023-07-19 19:12:51'),
	(10, 8, '2023-07-21', '4013/003', '1000/001', 40000, 'Hsu Hnin Ye', 'Once you become a student, register for classes using the online class schedule and go to the academic calendar for registration dates and tuition deadlines.\n\nStep 2: See an advisor to create a personalized educational plan by the end of your second quarter. Your plan will include prerequisites, graduation requirements, and transfer preparation if you plan to transfer to another college or university to earn a bachelor\'s degree.', '', 'smo', '2023-07-21 16:37:52'),
	(11, 9, '2023-07-21', '4013/003', '1000/004', 45000, 'ZayYar', 'Once you become a student, register for classes using the online class schedule and go to the academic calendar for registration dates and tuition deadlines.\n\nStep 2: See an advisor to create a personalized educational plan by the end of your second quarter. Your plan will include prerequisites, graduation requirements, and transfer preparation if you plan to transfer to another college or university to earn a bachelor\'s degree.', '2023-07-21 16-38-30.png', 'smo', '2023-07-21 16:38:30'),
	(12, 10, '2023-07-21', '4013/003', 'test code 01', 78000, 'Su', 'Once you become a student, register for classes using the online class schedule and go to the academic calendar for registration dates and tuition deadlines.\n\nStep 2: See an advisor to create a personalized educational plan by the end of your second quarter. Your plan will include prerequisites, graduation requirements, and transfer preparation if you plan to transfer to another college or university to earn a bachelor\'s degree.', '2023-07-21 16-39-10.png', 'smo', '2023-07-21 16:39:10'),
	(13, 11, '2023-07-21', '4013/003', '1000/002', 500, 'Su', 'Once you become a student, register for classes using the online class schedule and go to the academic calendar for registration dates and tuition deadlines.\n\nStep 2: See an advisor to create a personalized educational plan by the end of your second quarter. Your plan will include prerequisites, graduation requirements, and transfer preparation if you plan to transfer to another college or university to earn a bachelor\'s degree.', '2023-07-21 16-39-52.png', 'smo', '2023-07-21 16:39:52'),
	(14, 13, '2023-07-26', '4013/003', 'test code 01', 3000, 'htoo htoo', 'DESCRIPTION A', '2023-07-26 15-58-50.jpg', 'SMO', '2023-07-26 15:58:50'),
	(15, 14, '2023-07-26', '4013/003', '1000/004', -2000, 'U ba', 'description d', '', 'SMO', '2023-07-26 16:03:39'),
	(16, 15, '2023-07-26', '4013/003', '3015/003', 59000, 'Su', '', '', 'SMO', '2023-07-26 16:03:58'),
	(17, 16, '2023-07-26', '4013/003', '3015/003', 20000, 'U Aung Thein', 'description u', '2023-07-26 16-05-15.png', 'SMO', '2023-07-26 16:05:15'),
	(18, 12, '2023-07-29', '4013/003', '1000/002', 60000, 'yoon yoon', 'tst', '2023-07-29 22-30-54.png', 'smo', '2023-07-29 22:30:54'),
	(19, 17, '2023-12-06', '4013/003', '1000/002', 70000, 'yoon yoon', 'Testing', '2023-12-06 09-40-37.png', 'smo', '2023-12-06 09:40:37'),
	(20, 20, '2024-01-16', '4013/003', '1000/004', 30000, 'july', 'service', '2024-01-16 23-03-25.jpg', 'smo', '2024-01-16 23:03:25'),
	(21, 21, '2024-03-15', '4013/003', '111/11', 50000, 'Su', 'service', '2024-03-15 11-45-39.jpg', 'smo', '2024-03-15 11:45:39'),
	(22, 31, '2024-03-22', '4013/003', '1004', 20000, 'U ba', 'testing', '2024-03-22 09-39-33.PNG', 'smo', '2024-03-22 09:39:33'),
	(23, 32, '2024-03-22', '4013/003', '1007', 60000, 'ZayYar', '', '', 'smo', '2024-03-22 14:26:19'),
	(24, 33, '2024-03-25', '4013/003', '7001/0001', 110700, 'htoo htoo', '', '2024-03-25 15-45-59.jpg', 'smo', '2024-03-25 15:45:59');

-- Dumping structure for table geely_db1.service_promotion
DROP TABLE IF EXISTS `service_promotion`;
CREATE TABLE IF NOT EXISTS `service_promotion` (
  `id` int(11) NOT NULL AUTO_INCREMENT,
  `promotion_name` varchar(255) NOT NULL DEFAULT '',
  `start_date` varchar(50) NOT NULL DEFAULT '',
  `end_date` varchar(50) NOT NULL DEFAULT '',
  `entry_by` varchar(100) NOT NULL DEFAULT '',
  `entry_date_time` varchar(25) NOT NULL DEFAULT '',
  PRIMARY KEY (`id`) USING BTREE
) ENGINE=InnoDB AUTO_INCREMENT=9 DEFAULT CHARSET=utf8mb4 COLLATE=utf8mb4_unicode_ci;

-- Dumping data for table geely_db1.service_promotion: ~6 rows (approximately)
INSERT INTO `service_promotion` (`id`, `promotion_name`, `start_date`, `end_date`, `entry_by`, `entry_date_time`) VALUES
	(1, 'Super July', '2023-07-08', '2023-07-31', 'kzz', '2023-07-08 13:01:29'),
	(2, 'July Promotion 17 to 20', '2023-07-17', '2023-07-20', 'wppp', '2023-07-17 16:17:30'),
	(3, 'test promotion', '2023-07-17', '2023-07-17', 'kzz', '2023-07-17 22:01:37'),
	(4, 'apptest promotion', '2023-07-18', '2023-07-18', 'kzz', '2023-07-18 06:25:48'),
	(5, '1/5 Promotion', '2023-07-20', '2023-08-20', 'kzz', '2023-07-20 11:03:13'),
	(6, 'Tadinkyut ', '2023-07-20', '2023-07-20', 'kzz', '2023-07-20 11:19:59'),
	(7, 'Window Visor', '2023-07-20', '2023-07-27', 'kzz', '2023-07-20 13:40:24'),
	(8, 'Early Birds', '2023-07-24', '2023-08-24', 'KZZ', '2023-07-24 13:58:53');

-- Dumping structure for table geely_db1.service_promotion_gift
DROP TABLE IF EXISTS `service_promotion_gift`;
CREATE TABLE IF NOT EXISTS `service_promotion_gift` (
  `id` int(11) NOT NULL AUTO_INCREMENT,
  `service_promotion_id` int(11) NOT NULL DEFAULT 0,
  `service_gift_id` int(11) NOT NULL DEFAULT 0,
  `quantity` int(11) NOT NULL DEFAULT 0,
  PRIMARY KEY (`id`) USING BTREE
) ENGINE=InnoDB AUTO_INCREMENT=17 DEFAULT CHARSET=utf8mb4 COLLATE=utf8mb4_unicode_ci;

-- Dumping data for table geely_db1.service_promotion_gift: ~10 rows (approximately)
INSERT INTO `service_promotion_gift` (`id`, `service_promotion_id`, `service_gift_id`, `quantity`) VALUES
	(6, 1, 1, 1),
	(7, 1, 2, 1),
	(9, 2, 1, 1),
	(10, 3, 2, 1),
	(11, 4, 2, 2),
	(12, 5, 3, 90),
	(13, 6, 2, 10),
	(14, 7, 1, 10),
	(15, 8, 2, 100),
	(16, 8, 1, 30);

-- Dumping structure for table geely_db1.service_promotion_package
DROP TABLE IF EXISTS `service_promotion_package`;
CREATE TABLE IF NOT EXISTS `service_promotion_package` (
  `id` int(11) NOT NULL AUTO_INCREMENT,
  `service_promotion_id` int(11) NOT NULL DEFAULT 0,
  `service_package_id` int(11) NOT NULL DEFAULT 0,
  `discount_percent` int(11) NOT NULL DEFAULT 0,
  PRIMARY KEY (`id`) USING BTREE
) ENGINE=InnoDB AUTO_INCREMENT=13 DEFAULT CHARSET=utf8mb4 COLLATE=utf8mb4_unicode_ci;

-- Dumping data for table geely_db1.service_promotion_package: ~6 rows (approximately)
INSERT INTO `service_promotion_package` (`id`, `service_promotion_id`, `service_package_id`, `discount_percent`) VALUES
	(3, 1, 1, 15),
	(5, 2, 1, 5),
	(6, 3, 1, 5),
	(7, 4, 2, 10),
	(8, 5, 2, 10),
	(9, 5, 5, 50),
	(10, 6, 3, 10),
	(11, 7, 1, 10),
	(12, 8, 3, 60);

-- Dumping structure for table geely_db1.service_promotion_sparepart
DROP TABLE IF EXISTS `service_promotion_sparepart`;
CREATE TABLE IF NOT EXISTS `service_promotion_sparepart` (
  `id` int(11) NOT NULL AUTO_INCREMENT,
  `service_promotion_id` int(11) NOT NULL DEFAULT 0,
  `sparepart_code` varchar(50) NOT NULL DEFAULT '',
  `discount_percent` int(11) NOT NULL DEFAULT 0,
  PRIMARY KEY (`id`) USING BTREE
) ENGINE=InnoDB AUTO_INCREMENT=15 DEFAULT CHARSET=utf8mb4 COLLATE=utf8mb4_unicode_ci;

-- Dumping data for table geely_db1.service_promotion_sparepart: ~10 rows (approximately)
INSERT INTO `service_promotion_sparepart` (`id`, `service_promotion_id`, `sparepart_code`, `discount_percent`) VALUES
	(3, 1, '5035052700C15', 50),
	(5, 2, 'papwp001', 2),
	(6, 3, 'DB001', 5),
	(7, 4, 'papwp001', 1),
	(8, 5, '0001', 30),
	(9, 6, '5075038100C15', 1),
	(10, 6, '5062031900C15', 5),
	(11, 7, 'S6523', 10),
	(12, 8, '000999', 20),
	(13, 8, '0001', 30),
	(14, 8, '7456', 50);

-- Dumping structure for table geely_db1.sparepart
DROP TABLE IF EXISTS `sparepart`;
CREATE TABLE IF NOT EXISTS `sparepart` (
  `id` int(11) NOT NULL AUTO_INCREMENT,
  `group_name` varchar(150) NOT NULL DEFAULT '',
  `sub_group_name` varchar(150) NOT NULL DEFAULT '',
  `code` varchar(50) NOT NULL DEFAULT '',
  `name` varchar(255) NOT NULL DEFAULT '',
  `category` varchar(150) NOT NULL DEFAULT '',
  `origin` varchar(150) NOT NULL DEFAULT '',
  `unit` varchar(50) NOT NULL DEFAULT '',
  `sales_price` int(11) NOT NULL DEFAULT 0,
  `dealer_price` int(11) NOT NULL DEFAULT 0,
  `description` text NOT NULL,
  `entry_by` varchar(100) NOT NULL DEFAULT '',
  `entry_date_time` varchar(25) NOT NULL DEFAULT '',
  PRIMARY KEY (`id`) USING BTREE
) ENGINE=InnoDB AUTO_INCREMENT=20 DEFAULT CHARSET=utf8mb4 COLLATE=utf8mb4_unicode_ci;

-- Dumping data for table geely_db1.sparepart: ~19 rows (approximately)
INSERT INTO `sparepart` (`id`, `group_name`, `sub_group_name`, `code`, `name`, `category`, `origin`, `unit`, `sales_price`, `dealer_price`, `description`, `entry_by`, `entry_date_time`) VALUES
	(1, 'Accessories', 'Interior Accessories', '5062031900C15', 'BACK DOOR SHEET METAL ASSY', 'Medium Moving', 'China', 'Pcs', 5000, 4800, 'Testing', 'kzz', '2023-07-07 17:39:33'),
	(2, 'Accessories', 'Interior Accessories', '5075038100C15', 'RF DOOR ASSY', 'Fast Moving', 'China', 'Pcs', 15000, 14000, '', 'kzz', '2023-07-07 18:46:52'),
	(3, 'Accessories', 'Interior Accessories', '5075038300C15', 'LF DOOR ASSY', 'Fast Moving', 'China', 'Pcs', 15000, 14000, '', 'kzz', '2023-07-07 18:47:19'),
	(4, 'Accessories', 'Interior Accessories', '5035052700C15', 'LF FENDER', 'Fast Moving', 'China', 'Pcs', 20000, 18000, '', 'kzz', '2023-07-07 18:47:44'),
	(5, 'Accessories', 'Interior Accessories', '5081040300C15', 'LR DOOR ASSY', 'Fast Moving', 'China', 'Pcs', 15000, 14000, '', 'kzz', '2023-07-07 18:48:25'),
	(6, 'Parts', 'Auto Parts Washing Pot', 'papwp001', 'PartTesting', 'Fast Moving', 'China', 'Pcs', 9000, 8000, 'Testing Description', 'wppp', '2023-07-17 16:11:18'),
	(7, 'Accessories', 'Interior Accessories', 'DB001', 'DashboardCleaner', 'Fast Moving', 'China', 'Pcs', 2000, 1700, '', 'kzz', '2023-07-17 21:59:53'),
	(8, 'Accessories', 'Interior Accessories', 'test1', 'Cleaner', 'Fast Moving', 'China', 'Pcs', 1500, 1000, '', 'kzz', '2023-07-18 02:13:20'),
	(9, 'Accessories', 'Interior Accessories', '0001', 'wiper', 'Fast Moving', 'China', 'Pcs', 4000, 3000, '', 'kzz', '2023-07-18 10:50:46'),
	(10, 'Accessories', 'Interior Accessories', 'S3256', 'Spark plugs', 'Fast Moving', 'China', 'Test', 6000, 5000, 'Engine Oil and Oil Filter. Engine oil with an oil filter is spare parts that must be replaced regularly because their working life is fairly short. ...', 'kzz', '2023-07-20 10:28:10'),
	(11, 'Parts', 'Auto Parts Washing Pot', 'S6523', 'Air filter', '', 'Singapore', 'Test', 12000, 9000, 'Results for Singapore\n \n \n\nSpare-Parts Zone Pte Ltd | One Site. We Have It All.\n\nSpare-Parts Zone Pte Ltd\nhttp://www.spz.sg\ncar spare parts from www.spz.sg\nWelcome to SPZ,. A One Stop Solution Provider For Auto Parts And Lubricant Products. Spare-parts Zone Export hotline: (+65) 6383 7545. Singapore local retail ...\n‎Genuine Parts · ‎Engine Parts (Replacement) · ‎Chassis Parts (Replacement)', 'kzz', '2023-07-20 10:53:22'),
	(12, 'Parts', 'Auto Parts Washing Pot', 'C4592', 'PS', 'Medium Moving', 'Origin', 'Test', 700, 670, '3,162,275 views  Jul 19, 2023\nJ. Robert Oppenheimer forever changed the course of history. He may be the most important physicist to have ever lived. Part of this video is sponsored by Wren. Offset your carbon footprint on Wren: ​https://www.wren.co/start/veritasium1 For the first 100 people who sign up, I will personally pay for the first month of your subscription!\n\nIf you want to learn more about Oppeheimer, I strongly recommend the book “American Prometheus” By Kai Bird and Martin Sherwin. It is a remarkable book, very much deserving of the Pulitzer prize it received.\n\nIf you’re looking for a molecular modeling kit, try Snatoms – a kit I invented where the atoms snap together magnetically – https://ve42.co/SnatomsV', 'kzz', '2023-07-20 16:17:35'),
	(13, 'Parts', 'Auto Parts Washing Pot', '7456', 'fdsfs', '', 'China', 'Pcs', 654265, 64534, '', 'kzz', '2023-07-21 10:13:03'),
	(14, 'Accessories', 'Interior Accessories', '000999', 'U Myo', '', 'Singapore', 'Pcs', 1000000, 1200000, '', 'kzz', '2023-07-21 14:37:36'),
	(15, 'Parts', 'Auto Parts Washing Pot', 'C4529', 'COIL', 'Fast Moving', 'Origin', 'Pcs', 90, 100, 'We saw probably the most luxuriant crops of cotton that have been produced anywhere.\nFrom the Hansard archive\nThe preoccupation of universities with autonomy has led in some of them to a proliferation of committees so luxuriant that one is reminded of a tropical jungle.\nFrom the Hansard archive\nOn the surface, theer is an attractive landscape with many details painted of luxuriant vegetation and plenty of pleasant places on which to rest one\'s weary head.\nFrom the Hansard archive\nHe himself referred to his luxuriant hair.\nFrom the Hansard archive', 'KZZ', '2023-07-24 13:35:57'),
	(16, 'Parts', 'Auto Parts Washing Pot', '1', '1', 'Fast Moving', 'China', 'List', 1, 2, '', 'kzz', '2023-10-09 14:34:45'),
	(17, 'Accessories', 'Interior Accessories', '000001', '01Test', 'Fast Moving', 'Singapore', 'Pcs', 120000, 90000, 'testing', 'kzz', '2023-10-12 16:38:41'),
	(18, 'Accessories', 'Interior Accessories', '1231', 'aaaa', 'Fast Moving', 'Origin', 'List', 5, 2, '', 'kzz', '2023-10-20 15:48:40'),
	(19, 'Accessories', 'Interior Accessories', '00123', 'Testing', 'Fast Moving', 'After Market', 'Pcs', 5000, 4500, 'Testing', 'kzz', '2024-03-25 15:13:12');

-- Dumping structure for table geely_db1.sparepart_group
DROP TABLE IF EXISTS `sparepart_group`;
CREATE TABLE IF NOT EXISTS `sparepart_group` (
  `id` int(11) NOT NULL AUTO_INCREMENT,
  `name` varchar(255) NOT NULL DEFAULT '',
  PRIMARY KEY (`id`) USING BTREE
) ENGINE=InnoDB AUTO_INCREMENT=5 DEFAULT CHARSET=utf8mb4 COLLATE=utf8mb4_unicode_ci;

-- Dumping data for table geely_db1.sparepart_group: ~0 rows (approximately)
INSERT INTO `sparepart_group` (`id`, `name`) VALUES
	(1, 'Accessories'),
	(2, 'Parts'),
	(3, 'G ONE'),
	(4, 'testing');

-- Dumping structure for table geely_db1.sparepart_order
DROP TABLE IF EXISTS `sparepart_order`;
CREATE TABLE IF NOT EXISTS `sparepart_order` (
  `id` int(11) NOT NULL AUTO_INCREMENT,
  `gic_code` varchar(50) NOT NULL DEFAULT '',
  `order_date` varchar(25) NOT NULL DEFAULT '',
  `service_center_id` int(11) NOT NULL DEFAULT 0,
  `service_center` varchar(100) NOT NULL DEFAULT '',
  `store_name` varchar(100) NOT NULL DEFAULT '',
  `order_by` varchar(100) NOT NULL DEFAULT '',
  `remark` text NOT NULL,
  `entry_by` varchar(100) NOT NULL DEFAULT '',
  `entry_date_time` varchar(25) NOT NULL DEFAULT '',
  PRIMARY KEY (`id`) USING BTREE
) ENGINE=InnoDB AUTO_INCREMENT=27 DEFAULT CHARSET=utf8mb4 COLLATE=utf8mb4_unicode_ci;

-- Dumping data for table geely_db1.sparepart_order: ~15 rows (approximately)
INSERT INTO `sparepart_order` (`id`, `gic_code`, `order_date`, `service_center_id`, `service_center`, `store_name`, `order_by`, `remark`, `entry_by`, `entry_date_time`) VALUES
	(1, 'GIC0001', '2023-07-14', 2, 'YGN Kamayut', 'YGN', 'kzz', 'Testing', 'kzz', '2023-07-14 12:30:51'),
	(2, '001', '2023-07-17', 2, 'YGN Kamayut', 'YGN', 'kzz', '', 'kzz', '2023-07-17 23:36:21'),
	(3, '002', '2023-07-18', 2, 'YGN Kamayut', 'YGN', 'kzz', '', 'kzz', '2023-07-18 00:31:29'),
	(4, '003', '2023-07-18', 2, 'YGN Kamayut', 'YGN', 'kzz', '', 'kzz', '2023-07-18 00:48:41'),
	(5, '005', '2023-07-18', 2, 'YGN Kamayut', 'YGN', 'kzz', '', 'kzz', '2023-07-18 00:52:58'),
	(6, '008', '2023-07-18', 2, 'YGN Kamayut', 'YGN', 'kzz', '', 'kzz', '2023-07-18 01:23:34'),
	(7, '009', '2023-07-18', 2, 'YGN Kamayut', 'YGN', 'kzz', '', 'kzz', '2023-07-18 01:57:24'),
	(8, '010', '2023-07-18', 2, 'YGN Kamayut', 'YGN', 'kzz', '', 'kzz', '2023-07-18 01:59:18'),
	(9, '111', '2023-07-18', 2, 'YGN Kamayut', 'YGN', 'kzz', '', 'kzz', '2023-07-18 02:06:25'),
	(10, '1111', '2023-07-18', 2, 'YGN Kamayut', 'YGN', 'kzz', '', 'kzz', '2023-07-18 02:13:51'),
	(11, 'GC04215', '2023-07-19', 2, 'YGN Kamayut', 'YGN', 'kzz', '', 'kzz', '2023-07-19 20:57:47'),
	(12, 'GC test01', '2023-07-19', 2, 'YGN Kamayut', 'YGN', 'kzz', '', 'kzz', '2023-07-19 21:05:58'),
	(13, 'GC3902', '2023-07-26', 2, 'YGN Kamayut', 'YGN', 'kzz', 'REMARK AAA', 'kzz', '2023-07-26 15:10:46'),
	(14, 'GC1256', '2023-07-26', 2, 'YGN Kamayut', 'YGN', 'kzz', 'REMARK T', 'kzz', '2023-07-26 15:12:32'),
	(15, 'GC', '2023-07-26', 2, 'YGN Kamayut', 'YGN', 'kzz', 'REMARK Q', 'kzz', '2023-07-26 15:26:50'),
	(16, 'GC7569', '2023-07-26', 2, 'YGN Kamayut', 'YGN', 'kzz', 'REMARK AAA', 'kzz', '2023-07-26 15:28:46'),
	(17, 'dasd1q312412', '2023-09-22', 2, 'YGN Kamayut', 'YGN', 'kzz', '', 'kzz', '2023-09-22 16:11:03'),
	(18, '123456', '2023-10-11', 2, 'YGN Kamayut', 'YGN', 'kzz', '', 'kzz', '2023-10-11 11:26:58'),
	(19, '0000001', '2023-10-12', 2, 'YGN Kamayut', 'YGN', 'kzz', '', 'kzz', '2023-10-12 16:39:56'),
	(20, 'TT001', '2023-12-20', 2, 'YGN Kamayut', 'YGN', 'kzz', '', 'kzz', '2023-12-20 16:16:39'),
	(21, 'G0012', '2024-01-16', 2, 'YGN Kamayut', 'YGN', 'kzz', '', 'kzz', '2024-01-16 22:00:02'),
	(22, 'GC013', '2024-01-16', 2, 'YGN Kamayut', 'YGN', 'kzz', '', 'kzz', '2024-01-16 22:04:14'),
	(23, '123', '2024-02-13', 2, 'YGN Kamayut', 'YGN', 'kzz', '', 'kzz', '2024-02-13 11:02:40'),
	(24, 'GAIC001', '2024-03-20', 2, 'YGN Kamayut', 'YGN', 'kzz', '', 'kzz', '2024-03-20 16:20:07'),
	(25, '456', '2024-03-21', 2, 'YGN Kamayut', 'YGN', 'kzz', '', 'kzz', '2024-03-21 09:19:32'),
	(26, '0011111', '2024-03-25', 2, 'YGN Kamayut', 'YGN', 'kzz', '', 'kzz', '2024-03-25 16:14:08');

-- Dumping structure for table geely_db1.sparepart_order_detail
DROP TABLE IF EXISTS `sparepart_order_detail`;
CREATE TABLE IF NOT EXISTS `sparepart_order_detail` (
  `id` int(11) NOT NULL AUTO_INCREMENT,
  `sparepart_order_id` int(11) NOT NULL DEFAULT 0,
  `sparepart_pre_order_id` int(11) NOT NULL DEFAULT 0,
  `sparepart_code` varchar(50) NOT NULL DEFAULT '',
  `sparepart_name` varchar(150) NOT NULL DEFAULT '',
  `order_quantity` int(11) NOT NULL DEFAULT 0,
  `receive_quantity` int(11) NOT NULL DEFAULT 0,
  PRIMARY KEY (`id`) USING BTREE
) ENGINE=InnoDB AUTO_INCREMENT=59 DEFAULT CHARSET=utf8mb4 COLLATE=utf8mb4_unicode_ci;

-- Dumping data for table geely_db1.sparepart_order_detail: ~51 rows (approximately)
INSERT INTO `sparepart_order_detail` (`id`, `sparepart_order_id`, `sparepart_pre_order_id`, `sparepart_code`, `sparepart_name`, `order_quantity`, `receive_quantity`) VALUES
	(1, 1, 1, '5075038100C15', 'RF DOOR ASSY', 1, 1),
	(2, 1, 1, '5075038300C15', 'LF DOOR ASSY', 1, 1),
	(3, 1, 1, '5035052700C15', 'LF FENDER', 2, 2),
	(4, 1, 1, '5081040300C15', 'LR DOOR ASSY', 1, 1),
	(5, 1, 0, '5035052700C15', 'LF FENDER', 7, 7),
	(6, 1, 0, '5062031900C15', 'BACK DOOR SHEET METAL ASSY', 5, 5),
	(7, 1, 0, '5075038300C15', 'LF DOOR ASSY', 8, 8),
	(8, 2, 0, 'papwp001', 'PartTesting', 1, 1),
	(9, 2, 2, '5075038100C15', 'RF DOOR ASSY', 1, 1),
	(10, 3, 0, 'papwp001', 'PartTesting', 1, 1),
	(11, 4, 3, 'DB001', 'DashboardCleaner', 1, 1),
	(12, 5, 4, 'DB001', 'DashboardCleaner', 1, 1),
	(13, 6, 5, '5081040300C15', 'LR DOOR ASSY', 1, 1),
	(14, 7, 0, 'DB001', 'DashboardCleaner', 1, 1),
	(15, 8, 0, 'DB001', 'DashboardCleaner', 1, 1),
	(16, 9, 0, '5075038300C15', 'LF DOOR ASSY', 1, 1),
	(17, 10, 0, 'test1', 'Cleaner', 1, 1),
	(18, 11, 6, '0001', 'wiper', 1, 1),
	(19, 11, 0, '5075038300C15', 'LF DOOR ASSY', 1, 1),
	(20, 12, 0, '0001', 'wiper', 11, 11),
	(21, 12, 0, '5035052700C15', 'LF FENDER', 11, 11),
	(22, 12, 0, '5062031900C15', 'BACK DOOR SHEET METAL ASSY', 11, 11),
	(23, 12, 0, '5075038100C15', 'RF DOOR ASSY', 11, 11),
	(24, 12, 0, '5075038300C15', 'LF DOOR ASSY', 11, 11),
	(25, 12, 0, '5081040300C15', 'LR DOOR ASSY', 11, 11),
	(26, 12, 0, 'DB001', 'DashboardCleaner', 11, 11),
	(27, 12, 0, 'test1', 'Cleaner', 11, 11),
	(28, 12, 0, 'papwp001', 'PartTesting', 11, 11),
	(29, 13, 0, '5062031900C15', 'BACK DOOR SHEET METAL ASSY', 100, 100),
	(30, 13, 0, '5075038300C15', 'LF DOOR ASSY', 51, 51),
	(31, 13, 0, 'S6523', 'Air filter', 51, 51),
	(32, 14, 0, '7456', 'fdsfs', 51, 51),
	(33, 14, 0, 'C4592', 'PS', 100, 100),
	(34, 15, 0, '000999', 'U Myo', 51, 51),
	(35, 16, 0, '0001', 'wiper', 31, 31),
	(36, 16, 0, '5062031900C15', 'BACK DOOR SHEET METAL ASSY', 21, 21),
	(37, 16, 0, '5075038300C15', 'LF DOOR ASSY', 61, 61),
	(38, 16, 0, 'S3256', 'Spark plugs', 132, 132),
	(39, 16, 0, 'C4592', 'PS', 201, 201),
	(40, 16, 0, '7456', 'fdsfs', 71, 71),
	(41, 16, 0, 'S6523', 'Air filter', 91, 91),
	(42, 17, 15, '0001', 'wiper', 1, 1),
	(43, 18, 0, '1', '1', 5, 5),
	(44, 19, 0, '000001', '01Test', 2, 2),
	(45, 20, 0, '000001', '01Test', 1, 1),
	(46, 21, 0, '5035052700C15', 'LF FENDER', 3, 0),
	(47, 21, 0, '0001', 'wiper', 5, 0),
	(48, 21, 0, '5075038300C15', 'LF DOOR ASSY', 2, 0),
	(49, 21, 12, '5075038100C15', 'RF DOOR ASSY', 10, 0),
	(50, 21, 12, 'S3256', 'Spark plugs', 5, 0),
	(51, 21, 12, 'S6523', 'Air filter', 5, 0),
	(52, 22, 10, '0001', 'wiper', 201, 0),
	(53, 23, 17, '1231', 'aaaa', 2, 0),
	(54, 24, 0, '0001', 'wiper', 1, 0),
	(55, 25, 0, '000001', '01Test', 1, 0),
	(56, 26, 11, 'S6523', 'Air filter', 15, 15),
	(57, 26, 0, '1231', 'aaaa', 50, 50),
	(58, 26, 0, 'S6523', 'Air filter', 5, 5);

-- Dumping structure for table geely_db1.sparepart_origin
DROP TABLE IF EXISTS `sparepart_origin`;
CREATE TABLE IF NOT EXISTS `sparepart_origin` (
  `id` int(11) NOT NULL AUTO_INCREMENT,
  `name` varchar(150) NOT NULL DEFAULT '',
  PRIMARY KEY (`id`) USING BTREE
) ENGINE=InnoDB AUTO_INCREMENT=8 DEFAULT CHARSET=utf8mb4 COLLATE=utf8mb4_unicode_ci;

-- Dumping data for table geely_db1.sparepart_origin: ~7 rows (approximately)
INSERT INTO `sparepart_origin` (`id`, `name`) VALUES
	(1, 'China'),
	(2, 'Singapore'),
	(3, 'Origin'),
	(4, 'Genuine'),
	(5, 'OEM'),
	(6, 'After Market'),
	(7, 'Local');

-- Dumping structure for table geely_db1.sparepart_pre_order
DROP TABLE IF EXISTS `sparepart_pre_order`;
CREATE TABLE IF NOT EXISTS `sparepart_pre_order` (
  `id` int(11) NOT NULL AUTO_INCREMENT,
  `wl_id` varchar(50) NOT NULL DEFAULT '',
  `pre_order_date` varchar(25) NOT NULL DEFAULT '',
  `by` varchar(100) NOT NULL DEFAULT '',
  `remark` text NOT NULL,
  `make_order` tinyint(4) NOT NULL DEFAULT 0,
  `entry_by` varchar(50) NOT NULL DEFAULT '',
  `entry_date_time` varchar(50) NOT NULL DEFAULT '',
  PRIMARY KEY (`id`) USING BTREE
) ENGINE=InnoDB AUTO_INCREMENT=19 DEFAULT CHARSET=utf8mb4 COLLATE=utf8mb4_unicode_ci;

-- Dumping data for table geely_db1.sparepart_pre_order: ~11 rows (approximately)
INSERT INTO `sparepart_pre_order` (`id`, `wl_id`, `pre_order_date`, `by`, `remark`, `make_order`, `entry_by`, `entry_date_time`) VALUES
	(1, '000001', '2023-07-13', 'kzz', 'Testing', 1, 'kzz', '2023-07-13 19:50:59'),
	(2, '000002', '2023-07-14', 'kzz', 'Testing 1', 1, 'kzz', '2023-07-14 18:10:04'),
	(3, '000003', '2023-07-18', 'kzz', '', 1, 'kzz', '2023-07-18 00:39:19'),
	(4, '000004', '2023-07-18', 'kzz', '', 1, 'kzz', '2023-07-18 00:46:02'),
	(5, '000005', '2023-07-18', 'kzz', '', 1, 'kzz', '2023-07-18 01:19:00'),
	(6, '000006', '2023-07-19', 'kzz', '', 1, 'kzz', '2023-07-19 19:58:26'),
	(7, '000007', '2023-07-26', 'kzz', 'remark a', 0, 'kzz', '2023-07-26 14:11:48'),
	(8, '000014', '2023-07-26', 'kzz', 'remark a', 0, 'kzz', '2023-07-26 14:36:20'),
	(9, '000012', '2023-07-26', 'kzz', '', 0, 'kzz', '2023-07-26 14:51:33'),
	(10, '000011', '2023-07-26', 'kzz', '', 1, 'kzz', '2023-07-26 14:51:39'),
	(11, '000010', '2023-07-26', 'kzz', '', 1, 'kzz', '2023-07-26 14:51:42'),
	(12, '000009', '2023-07-26', 'kzz', '', 1, 'kzz', '2023-07-26 14:51:50'),
	(13, '000008', '2023-07-26', 'kzz', '', 0, 'kzz', '2023-07-26 14:52:05'),
	(14, '000015', '2023-07-27', 'kzz', 'tesr', 0, 'kzz', '2023-07-27 16:05:24'),
	(15, '000016', '2023-09-22', 'kzz', '', 1, 'kzz', '2023-09-22 15:24:15'),
	(16, '000018', '2024-01-16', 'kzz', '', 0, 'kzz', '2024-01-16 22:05:58'),
	(17, '000019', '2024-02-13', 'kzz', '', 1, 'kzz', '2024-02-13 10:59:23'),
	(18, '000020', '2024-03-25', 'kzz', '', 0, 'kzz', '2024-03-25 16:05:06');

-- Dumping structure for table geely_db1.sparepart_pre_order_detail
DROP TABLE IF EXISTS `sparepart_pre_order_detail`;
CREATE TABLE IF NOT EXISTS `sparepart_pre_order_detail` (
  `id` int(11) NOT NULL AUTO_INCREMENT,
  `sparepart_pre_order_id` int(11) NOT NULL DEFAULT 0,
  `sparepart_code` varchar(50) NOT NULL DEFAULT '',
  `sparepart_name` varchar(150) NOT NULL DEFAULT '',
  `quantity` int(11) NOT NULL DEFAULT 0,
  PRIMARY KEY (`id`) USING BTREE
) ENGINE=InnoDB AUTO_INCREMENT=26 DEFAULT CHARSET=utf8mb4 COLLATE=utf8mb4_unicode_ci;

-- Dumping data for table geely_db1.sparepart_pre_order_detail: ~17 rows (approximately)
INSERT INTO `sparepart_pre_order_detail` (`id`, `sparepart_pre_order_id`, `sparepart_code`, `sparepart_name`, `quantity`) VALUES
	(1, 1, '5075038100C15', 'RF DOOR ASSY', 1),
	(2, 1, '5075038300C15', 'LF DOOR ASSY', 1),
	(3, 1, '5035052700C15', 'LF FENDER', 2),
	(4, 1, '5081040300C15', 'LR DOOR ASSY', 1),
	(5, 2, '5075038100C15', 'RF DOOR ASSY', 1),
	(6, 3, 'DB001', 'DashboardCleaner', 1),
	(7, 4, 'DB001', 'DashboardCleaner', 1),
	(8, 5, '5081040300C15', 'LR DOOR ASSY', 1),
	(9, 6, '0001', 'wiper', 1),
	(10, 7, 'DB001', 'DashboardCleaner', 25),
	(11, 7, '000999', 'U Myo', 5),
	(12, 8, '5075038100C15', 'RF DOOR ASSY', 31),
	(13, 8, 'C4592', 'PS', 100),
	(14, 9, 'test1', 'Cleaner', 51),
	(15, 10, '0001', 'wiper', 201),
	(16, 11, 'S6523', 'Air filter', 15),
	(17, 12, '5075038100C15', 'RF DOOR ASSY', 10),
	(18, 12, 'S3256', 'Spark plugs', 5),
	(19, 12, 'S6523', 'Air filter', 5),
	(20, 13, 'S3256', 'Spark plugs', 1),
	(21, 14, '5081040300C15', 'LR DOOR ASSY', 31),
	(22, 15, '0001', 'wiper', 1),
	(23, 16, '5035052700C15', 'LF FENDER', 1),
	(24, 17, '1231', 'aaaa', 2),
	(25, 18, '00123', 'Testing', 5);

-- Dumping structure for table geely_db1.sparepart_pre_order_payment
DROP TABLE IF EXISTS `sparepart_pre_order_payment`;
CREATE TABLE IF NOT EXISTS `sparepart_pre_order_payment` (
  `id` int(11) NOT NULL AUTO_INCREMENT,
  `sparepart_pre_order_id` int(11) NOT NULL DEFAULT 0,
  `date` varchar(25) NOT NULL DEFAULT '',
  `gl_code` varchar(50) NOT NULL DEFAULT '',
  `gl_code_bank_or_cash` varchar(50) NOT NULL DEFAULT '',
  `amount` int(11) NOT NULL DEFAULT 0,
  `paid_by` varchar(150) NOT NULL DEFAULT '',
  `description` text NOT NULL,
  `upload_receipt` varchar(255) NOT NULL DEFAULT '',
  `entry_by` varchar(100) NOT NULL DEFAULT '',
  `entry_date_time` varchar(25) NOT NULL DEFAULT '',
  PRIMARY KEY (`id`)
) ENGINE=InnoDB AUTO_INCREMENT=18 DEFAULT CHARSET=utf8mb4 COLLATE=utf8mb4_unicode_ci;

-- Dumping data for table geely_db1.sparepart_pre_order_payment: ~15 rows (approximately)
INSERT INTO `sparepart_pre_order_payment` (`id`, `sparepart_pre_order_id`, `date`, `gl_code`, `gl_code_bank_or_cash`, `amount`, `paid_by`, `description`, `upload_receipt`, `entry_by`, `entry_date_time`) VALUES
	(1, 1, '2023-07-14', '4013/002', '1000/002', 50000, 'Hsu Hnin Ye', 'Testing', '', 'smo', '2023-07-14 11:01:57'),
	(2, 2, '2023-07-14', '4013/002', '1000/002', 10000, 'Ko Aung Myo Htun', 'Testing1', '2023-07-14 18-26-15.png', 'smo', '2023-07-14 18:26:15'),
	(3, 3, '2023-07-18', '4013/003', '1000/004', 1000, 'yoon yoon', '', '2023-07-18 00-47-53.jpg', 'smo', '2023-07-18 00:47:53'),
	(4, 4, '2023-07-18', '4013/003', '1000/002', 2000, 'Su', '', '2023-07-18 00-52-09.jpg', 'smo', '2023-07-18 00:52:09'),
	(5, 5, '2023-07-18', '4013/003', '3015/004', 15000, 'Su', '', '2023-07-18 01-20-13.jpg', 'smo', '2023-07-18 01:20:13'),
	(6, 3, '2023-07-18', '4013/003', '1000/002', 1000, 'yoon yoon', '', '2023-07-18 01-20-45.jpg', 'smo', '2023-07-18 01:20:45'),
	(7, 6, '2023-07-19', '4013/003', '1000/001', 4000, 'july', '', '2023-07-19 20-41-09.jpg', 'smo', '2023-07-19 20:41:09'),
	(8, 14, '2023-07-29', '4013/001', '1000/002', 465000, 'U ba', 'test', '2023-07-29 22-36-35.png', 'smo', '2023-07-29 22:36:35'),
	(9, 8, '2023-07-29', '4013/003', '1000/004', 267500, 'it', 'test', '2023-07-29 22-37-24.png', 'smo', '2023-07-29 22:37:24'),
	(10, 9, '2023-07-29', '4013/003', '1000/002', 38250, 'Su', 'test', '2023-07-29 22-38-24.png', 'smo', '2023-07-29 22:38:24'),
	(11, 7, '2023-07-29', '4013/001', '1000/002', 2525000, 'yoon yoon', 'test', '2023-07-29 22-39-31.png', 'smo', '2023-07-29 22:39:31'),
	(12, 13, '2023-07-29', '4013/003', '1000/002', 3000, 'U Aung Thein', 'atsatg', '2023-07-29 22-40-30.png', 'smo', '2023-07-29 22:40:30'),
	(13, 10, '2023-07-29', '4013/002', '1000/002', 402000, 'U Aung Thein', 'tstsdaf', '2023-07-29 22-41-17.png', 'smo', '2023-07-29 22:41:17'),
	(14, 11, '2023-07-29', '4013/002', '1000/004', 90000, 'htoo htoo', 'tsfdsfdas', '2023-07-29 22-41-46.png', 'smo', '2023-07-29 22:41:46'),
	(15, 12, '2023-07-29', '4013/002', '3015/003', 150000, 'Su Su', 'test', '2023-07-29 22-42-21.png', 'smo', '2023-07-29 22:42:21'),
	(16, 15, '2023-09-22', '4013/003', '1000/001', 4000, 'july', '', '2023-09-22 15-25-21.jpg', 'smo', '2023-09-22 15:25:21'),
	(17, 17, '2024-02-13', '4013/001', '3015/003', 5, 'Su', '', '2024-02-13 11-01-54.jpg', 'smo', '2024-02-13 11:01:54');

-- Dumping structure for table geely_db1.sparepart_receiving
DROP TABLE IF EXISTS `sparepart_receiving`;
CREATE TABLE IF NOT EXISTS `sparepart_receiving` (
  `id` int(11) NOT NULL AUTO_INCREMENT,
  `gic_code` varchar(50) NOT NULL DEFAULT '',
  `receive_date` varchar(50) NOT NULL DEFAULT '',
  `store` varchar(150) NOT NULL DEFAULT '',
  `receive_by` varchar(150) NOT NULL DEFAULT '',
  `remark` text NOT NULL,
  `entry_by` varchar(100) NOT NULL DEFAULT '',
  `entry_date_time` varchar(25) NOT NULL DEFAULT '',
  PRIMARY KEY (`id`) USING BTREE
) ENGINE=InnoDB AUTO_INCREMENT=24 DEFAULT CHARSET=utf8mb4 COLLATE=utf8mb4_unicode_ci;

-- Dumping data for table geely_db1.sparepart_receiving: ~16 rows (approximately)
INSERT INTO `sparepart_receiving` (`id`, `gic_code`, `receive_date`, `store`, `receive_by`, `remark`, `entry_by`, `entry_date_time`) VALUES
	(1, 'GIC0001', '2023-07-14', 'YGN', 'kzz', 'Testing', 'kzz', '2023-07-14 12:32:03'),
	(2, 'GIC0001', '2023-07-14', 'YGN', 'kzz', '', 'kzz', '2023-07-14 12:33:24'),
	(3, '001', '2023-07-17', 'YGN', 'kzz', '', 'kzz', '2023-07-17 23:36:37'),
	(4, '002', '2023-07-18', 'YGN', 'kzz', '', 'kzz', '2023-07-18 00:31:37'),
	(5, '003', '2023-07-18', 'YGN', 'kzz', '', 'kzz', '2023-07-18 00:48:54'),
	(6, '005', '2023-07-18', 'YGN', 'kzz', '', 'kzz', '2023-07-18 00:53:11'),
	(7, '008', '2023-07-18', 'YGN', 'kzz', '', 'kzz', '2023-07-18 01:23:42'),
	(8, '009', '2023-07-18', 'YGN', 'kzz', '', 'kzz', '2023-07-18 01:57:31'),
	(9, '010', '2023-07-18', 'YGN', 'kzz', '', 'kzz', '2023-07-18 01:59:31'),
	(10, '111', '2023-07-18', 'YGN', 'kzz', '', 'kzz', '2023-07-18 02:06:47'),
	(11, '1111', '2023-07-18', 'YGN', 'kzz', '', 'kzz', '2023-07-18 02:13:59'),
	(12, 'GC04215', '2023-07-19', 'YGN', 'kzz', '', 'kzz', '2023-07-19 21:04:40'),
	(13, 'GC test01', '2023-07-19', 'YGN', 'kzz', '', 'kzz', '2023-07-19 21:06:52'),
	(14, 'GC', '2023-07-26', 'YGN', 'kzz', 'REMARK QQ', 'kzz', '2023-07-26 15:30:06'),
	(15, 'GC1256', '2023-07-26', 'YGN', 'kzz', 'REMARK TT', 'kzz', '2023-07-26 15:33:23'),
	(16, 'GC3902', '2023-07-26', 'YGN', 'kzz', 'REMARK AAAA', 'kzz', '2023-07-26 15:34:51'),
	(17, 'GC7569', '2023-07-26', 'YGN', 'kzz', 'REMARK AAAA', 'kzz', '2023-07-26 15:35:44'),
	(18, 'dasd1q312412', '2023-09-22', 'YGN', 'kzz', '', 'kzz', '2023-09-22 16:11:14'),
	(19, '123456', '2023-10-11', 'YGN', 'kzz', '', 'kzz', '2023-10-11 11:27:10'),
	(20, '0000001', '2023-10-12', 'YGN', 'kzz', '', 'kzz', '2023-10-12 16:40:08'),
	(21, 'TT001', '2023-12-20', 'YGN', 'kzz', 'Testing', 'kzz', '2023-12-20 16:19:20'),
	(22, '0011111', '2024-03-25', 'YGN', 'kzz', '', 'kzz', '2024-03-25 16:14:59'),
	(23, '0011111', '2024-03-25', 'YGN', 'kzz', '', 'kzz', '2024-03-25 16:15:29');

-- Dumping structure for table geely_db1.sparepart_receiving_detail
DROP TABLE IF EXISTS `sparepart_receiving_detail`;
CREATE TABLE IF NOT EXISTS `sparepart_receiving_detail` (
  `id` int(11) NOT NULL AUTO_INCREMENT,
  `sparepart_receiving_id` int(11) NOT NULL DEFAULT 0,
  `sparepart_pre_order_id` int(11) NOT NULL DEFAULT 0,
  `sparepart_code` varchar(50) NOT NULL DEFAULT '',
  `sparepart_name` varchar(150) NOT NULL DEFAULT '',
  `quantity` int(11) NOT NULL DEFAULT 0,
  PRIMARY KEY (`id`) USING BTREE
) ENGINE=InnoDB AUTO_INCREMENT=50 DEFAULT CHARSET=utf8mb4 COLLATE=utf8mb4_unicode_ci;

-- Dumping data for table geely_db1.sparepart_receiving_detail: ~41 rows (approximately)
INSERT INTO `sparepart_receiving_detail` (`id`, `sparepart_receiving_id`, `sparepart_pre_order_id`, `sparepart_code`, `sparepart_name`, `quantity`) VALUES
	(1, 1, 0, '5035052700C15', 'LF FENDER', 7),
	(2, 1, 0, '5062031900C15', 'BACK DOOR SHEET METAL ASSY', 5),
	(3, 1, 1, '5035052700C15', 'LF FENDER', 2),
	(4, 1, 1, '5075038100C15', 'RF DOOR ASSY', 1),
	(5, 2, 0, '5075038300C15', 'LF DOOR ASSY', 8),
	(6, 2, 1, '5075038300C15', 'LF DOOR ASSY', 1),
	(7, 2, 1, '5081040300C15', 'LR DOOR ASSY', 1),
	(8, 3, 0, 'papwp001', 'PartTesting', 1),
	(9, 3, 2, '5075038100C15', 'RF DOOR ASSY', 1),
	(10, 4, 0, 'papwp001', 'PartTesting', 1),
	(11, 5, 3, 'DB001', 'DashboardCleaner', 1),
	(12, 6, 4, 'DB001', 'DashboardCleaner', 1),
	(13, 7, 5, '5081040300C15', 'LR DOOR ASSY', 1),
	(14, 8, 0, 'DB001', 'DashboardCleaner', 1),
	(15, 9, 0, 'DB001', 'DashboardCleaner', 1),
	(16, 10, 0, '5075038300C15', 'LF DOOR ASSY', 1),
	(17, 11, 0, 'test1', 'Cleaner', 1),
	(18, 12, 0, '5075038300C15', 'LF DOOR ASSY', 1),
	(19, 12, 6, '0001', 'wiper', 1),
	(20, 13, 0, '0001', 'wiper', 11),
	(21, 13, 0, '5035052700C15', 'LF FENDER', 11),
	(22, 13, 0, '5062031900C15', 'BACK DOOR SHEET METAL ASSY', 11),
	(23, 13, 0, '5075038100C15', 'RF DOOR ASSY', 11),
	(24, 13, 0, '5075038300C15', 'LF DOOR ASSY', 11),
	(25, 13, 0, '5081040300C15', 'LR DOOR ASSY', 11),
	(26, 13, 0, 'DB001', 'DashboardCleaner', 11),
	(27, 13, 0, 'papwp001', 'PartTesting', 11),
	(28, 13, 0, 'test1', 'Cleaner', 11),
	(29, 14, 0, '000999', 'U Myo', 51),
	(30, 15, 0, '7456', 'fdsfs', 51),
	(31, 15, 0, 'C4592', 'PS', 100),
	(32, 16, 0, '5062031900C15', 'BACK DOOR SHEET METAL ASSY', 100),
	(33, 16, 0, '5075038300C15', 'LF DOOR ASSY', 51),
	(34, 16, 0, 'S6523', 'Air filter', 51),
	(35, 17, 0, '0001', 'wiper', 31),
	(36, 17, 0, '5062031900C15', 'BACK DOOR SHEET METAL ASSY', 21),
	(37, 17, 0, '5075038300C15', 'LF DOOR ASSY', 61),
	(38, 17, 0, '7456', 'fdsfs', 71),
	(39, 17, 0, 'C4592', 'PS', 201),
	(40, 17, 0, 'S3256', 'Spark plugs', 132),
	(41, 17, 0, 'S6523', 'Air filter', 91),
	(42, 18, 15, '0001', 'wiper', 1),
	(43, 19, 0, '1', '1', 5),
	(44, 20, 0, '000001', '01Test', 2),
	(45, 21, 0, '000001', '01Test', 1),
	(46, 22, 0, '1231', 'aaaa', 45),
	(47, 22, 11, 'S6523', 'Air filter', 15),
	(48, 23, 0, '1231', 'aaaa', 5),
	(49, 23, 0, 'S6523', 'Air filter', 5);

-- Dumping structure for table geely_db1.sparepart_stock_balance
DROP TABLE IF EXISTS `sparepart_stock_balance`;
CREATE TABLE IF NOT EXISTS `sparepart_stock_balance` (
  `id` int(11) NOT NULL AUTO_INCREMENT,
  `store_name` varchar(150) NOT NULL DEFAULT '',
  `sparepart_code` varchar(50) NOT NULL DEFAULT '',
  `sparepart_name` varchar(150) NOT NULL DEFAULT '',
  `total_stock_in` int(11) NOT NULL DEFAULT 0,
  `total_issue_note` int(11) NOT NULL DEFAULT 0,
  `total_lock` int(11) NOT NULL DEFAULT 0,
  `total_damage` int(11) NOT NULL DEFAULT 0,
  `total_lost` int(11) NOT NULL DEFAULT 0,
  `total_return` int(11) NOT NULL DEFAULT 0,
  `total_transfer` int(11) NOT NULL DEFAULT 0,
  `total_receive` int(11) NOT NULL DEFAULT 0,
  PRIMARY KEY (`id`) USING BTREE
) ENGINE=InnoDB AUTO_INCREMENT=21 DEFAULT CHARSET=utf8mb4 COLLATE=utf8mb4_unicode_ci;

-- Dumping data for table geely_db1.sparepart_stock_balance: ~19 rows (approximately)
INSERT INTO `sparepart_stock_balance` (`id`, `store_name`, `sparepart_code`, `sparepart_name`, `total_stock_in`, `total_issue_note`, `total_lock`, `total_damage`, `total_lost`, `total_return`, `total_transfer`, `total_receive`) VALUES
	(1, 'YGN', '5035052700C15', 'LF FENDER', 20, 2, -4, 2, 0, 1, 0, 0),
	(2, 'YGN', '5062031900C15', 'BACK DOOR SHEET METAL ASSY', 137, 4, -12, 0, 0, 0, 2, 0),
	(3, 'YGN', '5075038100C15', 'RF DOOR ASSY', 13, 4, 2, 0, 0, 0, 0, 0),
	(4, 'YGN', '5075038300C15', 'LF DOOR ASSY', 134, 5, 1, 0, 0, 2, 4, 0),
	(5, 'YGN', '5081040300C15', 'LR DOOR ASSY', 13, 2, 2, 0, 0, 0, 0, 0),
	(7, 'MDY', '5062031900C15', 'BACK DOOR SHEET METAL ASSY', 0, 0, 0, 0, 0, 0, 0, 2),
	(8, 'MDY', '5075038300C15', 'LF DOOR ASSY', 0, 0, 0, 0, 0, 0, 0, 3),
	(9, 'YGN', 'papwp001', 'PartTesting', 13, 9, -1, 0, 0, 0, 0, 0),
	(10, 'YGN', 'DB001', 'DashboardCleaner', 15, 2, -6, 0, 0, 0, 11, 0),
	(11, 'YGN', 'test1', 'Cleaner', 12, 10, 0, 0, 0, 0, 0, 0),
	(12, 'YGN', '0001', 'wiper', 44, 6, 2, 0, 0, 0, 0, 0),
	(13, 'YGN', '000999', 'U Myo', 51, 0, 0, 0, 0, 0, 0, 0),
	(14, 'YGN', '7456', 'fdsfs', 122, 0, 0, 0, 0, 0, 0, 0),
	(15, 'YGN', 'C4592', 'PS', 301, 1, 0, 5, 0, 0, 0, 0),
	(16, 'YGN', 'S6523', 'Air filter', 162, 0, 15, 0, 0, 0, 0, 0),
	(17, 'YGN', 'S3256', 'Spark plugs', 132, 0, 0, 0, 0, 0, 0, 0),
	(18, 'YGN', '1', '1', 5, 0, 0, 0, 0, 0, 0, 0),
	(19, 'YGN', '000001', '01Test', 3, 0, 0, 0, 0, 0, 0, 0),
	(20, 'YGN', '1231', 'aaaa', 50, 0, 0, 0, 0, 0, 0, 0);

-- Dumping structure for table geely_db1.sparepart_stock_balance_store
DROP TABLE IF EXISTS `sparepart_stock_balance_store`;
CREATE TABLE IF NOT EXISTS `sparepart_stock_balance_store` (
  `id` int(11) NOT NULL AUTO_INCREMENT,
  `store_name` varchar(150) NOT NULL DEFAULT '',
  `sparepart_code` varchar(50) NOT NULL DEFAULT '',
  `sparepart_name` varchar(150) NOT NULL DEFAULT '',
  `total_stock_in` int(11) NOT NULL DEFAULT 0,
  `total_issue_note` int(11) NOT NULL DEFAULT 0,
  `total_lock` int(11) NOT NULL DEFAULT 0,
  `total_damage` int(11) NOT NULL DEFAULT 0,
  `total_lost` int(11) NOT NULL DEFAULT 0,
  `total_return` int(11) NOT NULL DEFAULT 0,
  `total_transfer` int(11) NOT NULL DEFAULT 0,
  `total_receive` int(11) NOT NULL DEFAULT 0,
  PRIMARY KEY (`id`) USING BTREE
) ENGINE=InnoDB DEFAULT CHARSET=utf8mb4 COLLATE=utf8mb4_unicode_ci;

-- Dumping data for table geely_db1.sparepart_stock_balance_store: ~0 rows (approximately)

-- Dumping structure for table geely_db1.sparepart_stock_balance_substore
DROP TABLE IF EXISTS `sparepart_stock_balance_substore`;
CREATE TABLE IF NOT EXISTS `sparepart_stock_balance_substore` (
  `id` int(11) NOT NULL AUTO_INCREMENT,
  `store_name` varchar(150) NOT NULL DEFAULT '',
  `sub_store_id` int(11) NOT NULL DEFAULT 0,
  `sparepart_code` varchar(50) NOT NULL DEFAULT '',
  `sparepart_name` varchar(150) NOT NULL DEFAULT '',
  `total_stock` int(11) NOT NULL DEFAULT 0,
  PRIMARY KEY (`id`) USING BTREE
) ENGINE=InnoDB DEFAULT CHARSET=utf8mb4 COLLATE=utf8mb4_unicode_ci;

-- Dumping data for table geely_db1.sparepart_stock_balance_substore: ~0 rows (approximately)

-- Dumping structure for table geely_db1.sparepart_stock_in
DROP TABLE IF EXISTS `sparepart_stock_in`;
CREATE TABLE IF NOT EXISTS `sparepart_stock_in` (
  `id` int(11) NOT NULL AUTO_INCREMENT,
  `date` varchar(25) NOT NULL DEFAULT '',
  `order_id` int(11) NOT NULL DEFAULT 0,
  `store_name` varchar(150) NOT NULL DEFAULT '',
  `sparepart_code` varchar(50) NOT NULL DEFAULT '',
  `sparepart_name` varchar(150) NOT NULL DEFAULT '',
  `quantity` int(11) NOT NULL DEFAULT 0,
  `entry_by` varchar(100) NOT NULL DEFAULT '',
  `entry_date_time` varchar(25) NOT NULL DEFAULT '',
  PRIMARY KEY (`id`) USING BTREE
) ENGINE=InnoDB AUTO_INCREMENT=50 DEFAULT CHARSET=utf8mb4 COLLATE=utf8mb4_unicode_ci;

-- Dumping data for table geely_db1.sparepart_stock_in: ~41 rows (approximately)
INSERT INTO `sparepart_stock_in` (`id`, `date`, `order_id`, `store_name`, `sparepart_code`, `sparepart_name`, `quantity`, `entry_by`, `entry_date_time`) VALUES
	(1, '2023-07-14', 1, 'YGN', '5035052700C15', 'LF FENDER', 7, 'kzz', '2023-07-14 12:32:03'),
	(2, '2023-07-14', 1, 'YGN', '5062031900C15', 'BACK DOOR SHEET METAL ASSY', 5, 'kzz', '2023-07-14 12:32:03'),
	(3, '2023-07-14', 1, 'YGN', '5035052700C15', 'LF FENDER', 2, 'kzz', '2023-07-14 12:32:03'),
	(4, '2023-07-14', 1, 'YGN', '5075038100C15', 'RF DOOR ASSY', 1, 'kzz', '2023-07-14 12:32:03'),
	(5, '2023-07-14', 1, 'YGN', '5075038300C15', 'LF DOOR ASSY', 8, 'kzz', '2023-07-14 12:33:24'),
	(6, '2023-07-14', 1, 'YGN', '5075038300C15', 'LF DOOR ASSY', 1, 'kzz', '2023-07-14 12:33:24'),
	(7, '2023-07-14', 1, 'YGN', '5081040300C15', 'LR DOOR ASSY', 1, 'kzz', '2023-07-14 12:33:24'),
	(8, '2023-07-17', 2, 'YGN', 'papwp001', 'PartTesting', 1, 'kzz', '2023-07-17 23:36:37'),
	(9, '2023-07-17', 2, 'YGN', '5075038100C15', 'RF DOOR ASSY', 1, 'kzz', '2023-07-17 23:36:37'),
	(10, '2023-07-18', 3, 'YGN', 'papwp001', 'PartTesting', 1, 'kzz', '2023-07-18 00:31:37'),
	(11, '2023-07-18', 4, 'YGN', 'DB001', 'DashboardCleaner', 1, 'kzz', '2023-07-18 00:48:54'),
	(12, '2023-07-18', 5, 'YGN', 'DB001', 'DashboardCleaner', 1, 'kzz', '2023-07-18 00:53:11'),
	(13, '2023-07-18', 6, 'YGN', '5081040300C15', 'LR DOOR ASSY', 1, 'kzz', '2023-07-18 01:23:42'),
	(14, '2023-07-18', 7, 'YGN', 'DB001', 'DashboardCleaner', 1, 'kzz', '2023-07-18 01:57:31'),
	(15, '2023-07-18', 8, 'YGN', 'DB001', 'DashboardCleaner', 1, 'kzz', '2023-07-18 01:59:31'),
	(16, '2023-07-18', 9, 'YGN', '5075038300C15', 'LF DOOR ASSY', 1, 'kzz', '2023-07-18 02:06:47'),
	(17, '2023-07-18', 10, 'YGN', 'test1', 'Cleaner', 1, 'kzz', '2023-07-18 02:13:59'),
	(18, '2023-07-19', 11, 'YGN', '5075038300C15', 'LF DOOR ASSY', 1, 'kzz', '2023-07-19 21:04:40'),
	(19, '2023-07-19', 11, 'YGN', '0001', 'wiper', 1, 'kzz', '2023-07-19 21:04:40'),
	(20, '2023-07-19', 12, 'YGN', '0001', 'wiper', 11, 'kzz', '2023-07-19 21:06:52'),
	(21, '2023-07-19', 12, 'YGN', '5035052700C15', 'LF FENDER', 11, 'kzz', '2023-07-19 21:06:52'),
	(22, '2023-07-19', 12, 'YGN', '5062031900C15', 'BACK DOOR SHEET METAL ASSY', 11, 'kzz', '2023-07-19 21:06:52'),
	(23, '2023-07-19', 12, 'YGN', '5075038100C15', 'RF DOOR ASSY', 11, 'kzz', '2023-07-19 21:06:52'),
	(24, '2023-07-19', 12, 'YGN', '5075038300C15', 'LF DOOR ASSY', 11, 'kzz', '2023-07-19 21:06:52'),
	(25, '2023-07-19', 12, 'YGN', '5081040300C15', 'LR DOOR ASSY', 11, 'kzz', '2023-07-19 21:06:52'),
	(26, '2023-07-19', 12, 'YGN', 'DB001', 'DashboardCleaner', 11, 'kzz', '2023-07-19 21:06:52'),
	(27, '2023-07-19', 12, 'YGN', 'papwp001', 'PartTesting', 11, 'kzz', '2023-07-19 21:06:52'),
	(28, '2023-07-19', 12, 'YGN', 'test1', 'Cleaner', 11, 'kzz', '2023-07-19 21:06:52'),
	(29, '2023-07-26', 15, 'YGN', '000999', 'U Myo', 51, 'kzz', '2023-07-26 15:30:06'),
	(30, '2023-07-26', 14, 'YGN', '7456', 'fdsfs', 51, 'kzz', '2023-07-26 15:33:23'),
	(31, '2023-07-26', 14, 'YGN', 'C4592', 'PS', 100, 'kzz', '2023-07-26 15:33:23'),
	(32, '2023-07-26', 13, 'YGN', '5062031900C15', 'BACK DOOR SHEET METAL ASSY', 100, 'kzz', '2023-07-26 15:34:51'),
	(33, '2023-07-26', 13, 'YGN', '5075038300C15', 'LF DOOR ASSY', 51, 'kzz', '2023-07-26 15:34:51'),
	(34, '2023-07-26', 13, 'YGN', 'S6523', 'Air filter', 51, 'kzz', '2023-07-26 15:34:51'),
	(35, '2023-07-26', 16, 'YGN', '0001', 'wiper', 31, 'kzz', '2023-07-26 15:35:44'),
	(36, '2023-07-26', 16, 'YGN', '5062031900C15', 'BACK DOOR SHEET METAL ASSY', 21, 'kzz', '2023-07-26 15:35:44'),
	(37, '2023-07-26', 16, 'YGN', '5075038300C15', 'LF DOOR ASSY', 61, 'kzz', '2023-07-26 15:35:44'),
	(38, '2023-07-26', 16, 'YGN', '7456', 'fdsfs', 71, 'kzz', '2023-07-26 15:35:44'),
	(39, '2023-07-26', 16, 'YGN', 'C4592', 'PS', 201, 'kzz', '2023-07-26 15:35:44'),
	(40, '2023-07-26', 16, 'YGN', 'S3256', 'Spark plugs', 132, 'kzz', '2023-07-26 15:35:44'),
	(41, '2023-07-26', 16, 'YGN', 'S6523', 'Air filter', 91, 'kzz', '2023-07-26 15:35:44'),
	(42, '2023-09-22', 17, 'YGN', '0001', 'wiper', 1, 'kzz', '2023-09-22 16:11:14'),
	(43, '2023-10-11', 18, 'YGN', '1', '1', 5, 'kzz', '2023-10-11 11:27:10'),
	(44, '2023-10-12', 19, 'YGN', '000001', '01Test', 2, 'kzz', '2023-10-12 16:40:08'),
	(45, '2023-12-20', 20, 'YGN', '000001', '01Test', 1, 'kzz', '2023-12-20 16:19:20'),
	(46, '2024-03-25', 26, 'YGN', '1231', 'aaaa', 45, 'kzz', '2024-03-25 16:14:59'),
	(47, '2024-03-25', 26, 'YGN', 'S6523', 'Air filter', 15, 'kzz', '2024-03-25 16:14:59'),
	(48, '2024-03-25', 26, 'YGN', '1231', 'aaaa', 5, 'kzz', '2024-03-25 16:15:29'),
	(49, '2024-03-25', 26, 'YGN', 'S6523', 'Air filter', 5, 'kzz', '2024-03-25 16:15:29');

-- Dumping structure for table geely_db1.sparepart_stock_out
DROP TABLE IF EXISTS `sparepart_stock_out`;
CREATE TABLE IF NOT EXISTS `sparepart_stock_out` (
  `id` int(11) NOT NULL AUTO_INCREMENT,
  `date` varchar(25) NOT NULL DEFAULT '',
  `service_id` int(11) NOT NULL DEFAULT 0,
  `store_name` varchar(150) NOT NULL DEFAULT '',
  `sparepart_code` varchar(50) NOT NULL DEFAULT '',
  `sparepart_name` varchar(150) NOT NULL DEFAULT '',
  `quantity` int(11) NOT NULL DEFAULT 0,
  `damage` tinyint(4) NOT NULL DEFAULT 0,
  `lost` tinyint(4) NOT NULL DEFAULT 0,
  `stock_out_by` varchar(150) NOT NULL DEFAULT '',
  `remark` text NOT NULL,
  `entry_by` varchar(100) NOT NULL DEFAULT '',
  `entry_date_time` varchar(25) NOT NULL DEFAULT '',
  PRIMARY KEY (`id`) USING BTREE
) ENGINE=InnoDB AUTO_INCREMENT=36 DEFAULT CHARSET=utf8mb4 COLLATE=utf8mb4_unicode_ci;

-- Dumping data for table geely_db1.sparepart_stock_out: ~28 rows (approximately)
INSERT INTO `sparepart_stock_out` (`id`, `date`, `service_id`, `store_name`, `sparepart_code`, `sparepart_name`, `quantity`, `damage`, `lost`, `stock_out_by`, `remark`, `entry_by`, `entry_date_time`) VALUES
	(3, '2023-07-14', 0, 'YGN', '5035052700C15', 'LF FENDER', 1, 1, 0, 'kzz', 'Testing', 'kzz', '2023-07-14 13:01'),
	(5, '2023-07-15', 1, 'YGN', '5062031900C15', 'BACK DOOR SHEET METAL ASSY', 1, 0, 0, 'kzz', '', 'kzz', '2023-07-15 09:13:17'),
	(6, '2023-07-15', 1, 'YGN', '5035052700C15', 'LF FENDER', 1, 0, 0, 'kzz', '', 'kzz', '2023-07-15 15:22:50'),
	(7, '2023-07-18', 2, 'YGN', 'papwp001', 'PartTesting', 1, 0, 0, 'kzz', '', 'kzz', '2023-07-18 00:32:09'),
	(8, '2023-07-18', 0, 'YGN', '5035052700C15', 'LF FENDER', 1, 1, 0, 'kzz', '', 'kzz', '2023-07-18 01:53'),
	(9, '2023-07-18', 4, 'YGN', 'DB001', 'DashboardCleaner', 1, 0, 0, 'kzz', '', 'kzz', '2023-07-18 02:00:01'),
	(10, '2023-07-18', 5, 'YGN', '5075038300C15', 'LF DOOR ASSY', 1, 0, 0, 'kzz', '', 'kzz', '2023-07-18 02:07:19'),
	(11, '2023-07-18', 3, 'YGN', '5075038300C15', 'LF DOOR ASSY', 1, 0, 0, 'kzz', '', 'kzz', '2023-07-18 02:09:00'),
	(12, '2023-07-18', 7, 'YGN', 'DB001', 'DashboardCleaner', 1, 0, 0, 'kzz', '', 'kzz', '2023-07-18 11:14:43'),
	(13, '2023-07-21', 7, 'YGN', '5062031900C15', 'BACK DOOR SHEET METAL ASSY', 1, 0, 0, 'kzz', '', 'kzz', '2023-07-21 16:19:20'),
	(14, '2023-07-21', 8, 'YGN', '5035052700C15', 'LF FENDER', 1, 0, 0, 'ko min min', '', 'kzz', '2023-07-21 16:19:42'),
	(15, '2023-07-21', 9, 'YGN', 'test1', 'Cleaner', 3, 0, 0, 'kzz', '', 'kzz', '2023-07-21 16:20:05'),
	(16, '2023-07-21', 10, 'YGN', 'papwp001', 'PartTesting', 1, 0, 0, 'kzz', '', 'kzz', '2023-07-21 16:20:24'),
	(17, '2023-07-21', 10, 'YGN', '5081040300C15', 'LR DOOR ASSY', 2, 0, 0, 'kzz', '', 'kzz', '2023-07-21 16:20:24'),
	(18, '2023-07-21', 11, 'YGN', 'test1', 'Cleaner', 1, 0, 0, 'kzz', '', 'kzz', '2023-07-21 16:21:12'),
	(19, '2023-07-21', 11, 'YGN', 'test1', 'Cleaner', 2, 0, 0, 'kzz', '', 'kzz', '2023-07-21 16:21:21'),
	(20, '2023-07-21', 11, 'YGN', 'test1', 'Cleaner', 2, 0, 0, 'kzz', '', 'kzz', '2023-07-21 16:21:28'),
	(21, '2023-07-26', 13, 'YGN', '0001', 'wiper', 1, 0, 0, 'kzz', '', 'kzz', '2023-07-26 11:31:25'),
	(22, '2023-07-26', 13, 'YGN', '0001', 'wiper', 2, 0, 0, 'kzz', '', 'kzz', '2023-07-26 11:31:25'),
	(23, '2023-07-26', 13, 'YGN', '5075038300C15', 'LF DOOR ASSY', 3, 0, 0, 'kzz', '', 'kzz', '2023-07-26 11:31:25'),
	(24, '2023-07-26', 11, 'YGN', '5075038100C15', 'RF DOOR ASSY', 1, 0, 0, 'kzz', '', 'kzz', '2023-07-26 11:33:11'),
	(25, '2023-07-26', 12, 'YGN', '5075038100C15', 'RF DOOR ASSY', 2, 0, 0, 'kzz', '', 'kzz', '2023-07-26 12:03:44'),
	(26, '2023-07-26', 12, 'YGN', '5075038100C15', 'RF DOOR ASSY', 1, 0, 0, 'kzz', '', 'kzz', '2023-07-26 12:05:27'),
	(27, '2023-07-26', 14, 'YGN', '0001', 'wiper', 2, 0, 0, 'kzz', '', 'kzz', '2023-07-26 12:13:26'),
	(28, '2023-07-26', 14, 'YGN', 'papwp001', 'PartTesting', 5, 0, 0, 'kzz', '', 'kzz', '2023-07-26 12:13:26'),
	(29, '2023-07-26', 13, 'YGN', 'test1', 'Cleaner', 2, 0, 0, 'kzz', '', 'kzz', '2023-07-26 12:16:17'),
	(30, '2023-07-26', 15, 'YGN', '0001', 'wiper', 1, 0, 0, 'kzz', '', 'kzz', '2023-07-26 12:52:02'),
	(31, '2023-07-26', 16, 'YGN', 'papwp001', 'PartTesting', 2, 0, 0, 'kzz', '', 'kzz', '2023-07-26 12:53:19'),
	(32, '2024-03-25', 0, 'YGN', 'C4592', 'PS', 5, 1, 0, 'kzz', '', 'kzz', '2024-03-25 15:24'),
	(33, '2024-03-25', 33, 'YGN', 'C4592', 'PS', 1, 0, 0, 'kzz', '', 'kzz', '2024-03-25 15:42:48'),
	(34, '2024-03-25', 33, 'YGN', '5062031900C15', 'BACK DOOR SHEET METAL ASSY', 1, 0, 0, 'kzz', '', 'kzz', '2024-03-25 15:42:48'),
	(35, '2024-03-25', 33, 'YGN', '5062031900C15', 'BACK DOOR SHEET METAL ASSY', 1, 0, 0, 'kzz', '', 'kzz', '2024-03-25 15:43:20');

-- Dumping structure for table geely_db1.sparepart_stock_receive
DROP TABLE IF EXISTS `sparepart_stock_receive`;
CREATE TABLE IF NOT EXISTS `sparepart_stock_receive` (
  `id` int(11) NOT NULL AUTO_INCREMENT,
  `transfer_no` varchar(100) NOT NULL DEFAULT '',
  `date` varchar(25) NOT NULL DEFAULT '',
  `store_name` varchar(100) NOT NULL DEFAULT '',
  `sparepart_code` varchar(50) NOT NULL DEFAULT '',
  `sparepart_name` varchar(150) NOT NULL DEFAULT '',
  `quantity` int(11) NOT NULL DEFAULT 0,
  `receive_by` varchar(100) NOT NULL DEFAULT '',
  `entry_by` varchar(100) NOT NULL DEFAULT '',
  `entry_date_time` varchar(25) NOT NULL DEFAULT '',
  PRIMARY KEY (`id`) USING BTREE
) ENGINE=InnoDB AUTO_INCREMENT=3 DEFAULT CHARSET=utf8mb4 COLLATE=utf8mb4_unicode_ci;

-- Dumping data for table geely_db1.sparepart_stock_receive: ~2 rows (approximately)
INSERT INTO `sparepart_stock_receive` (`id`, `transfer_no`, `date`, `store_name`, `sparepart_code`, `sparepart_name`, `quantity`, `receive_by`, `entry_by`, `entry_date_time`) VALUES
	(1, '2023070001', '2023-07-14', 'MDY', '5062031900C15', 'BACK DOOR SHEET METAL ASSY', 2, 'Hsu Hnin', 'zm', '2023-07-14 13:58:15'),
	(2, '2023070001', '2023-07-14', 'MDY', '5075038300C15', 'LF DOOR ASSY', 3, 'Hsu Hnin', 'zm', '2023-07-14 13:58:15');

-- Dumping structure for table geely_db1.sparepart_stock_return
DROP TABLE IF EXISTS `sparepart_stock_return`;
CREATE TABLE IF NOT EXISTS `sparepart_stock_return` (
  `id` int(11) NOT NULL AUTO_INCREMENT,
  `date` varchar(25) NOT NULL DEFAULT '',
  `store_name` varchar(150) NOT NULL DEFAULT '',
  `supplier_id` int(11) NOT NULL DEFAULT 0,
  `sparepart_code` varchar(50) NOT NULL DEFAULT '',
  `sparepart_name` varchar(150) NOT NULL DEFAULT '',
  `quantity` int(11) NOT NULL DEFAULT 0,
  `return_by` varchar(100) NOT NULL DEFAULT '',
  `remark` text NOT NULL,
  `entry_by` varchar(100) NOT NULL DEFAULT '',
  `entry_date_time` varchar(25) NOT NULL DEFAULT '',
  PRIMARY KEY (`id`) USING BTREE
) ENGINE=InnoDB AUTO_INCREMENT=4 DEFAULT CHARSET=utf8mb4 COLLATE=utf8mb4_unicode_ci;

-- Dumping data for table geely_db1.sparepart_stock_return: ~3 rows (approximately)
INSERT INTO `sparepart_stock_return` (`id`, `date`, `store_name`, `supplier_id`, `sparepart_code`, `sparepart_name`, `quantity`, `return_by`, `remark`, `entry_by`, `entry_date_time`) VALUES
	(1, '2023-07-14', 'YGN', 1, '5035052700C15', 'LF FENDER', 1, 'Ko Zaw Zaw', 'Testing', 'kzz', '2023-07-14 14:09:40'),
	(2, '2023-07-18', 'YGN', 1, '5075038300C15', 'LF DOOR ASSY', 1, 'kzz', '', 'kzz', '2023-07-18 01:28:47'),
	(3, '2023-07-18', 'YGN', 1, '5075038300C15', 'LF DOOR ASSY', 1, 'kzz', '', 'kzz', '2023-07-18 01:29:30');

-- Dumping structure for table geely_db1.sparepart_stock_transfer
DROP TABLE IF EXISTS `sparepart_stock_transfer`;
CREATE TABLE IF NOT EXISTS `sparepart_stock_transfer` (
  `id` int(11) NOT NULL AUTO_INCREMENT,
  `date` varchar(25) NOT NULL DEFAULT '',
  `transfer_no` varchar(50) NOT NULL DEFAULT '',
  `store_name_from` varchar(150) NOT NULL DEFAULT '',
  `store_name_to` varchar(150) NOT NULL DEFAULT '',
  `sparepart_code` varchar(50) NOT NULL DEFAULT '',
  `sparepart_name` varchar(150) NOT NULL DEFAULT '',
  `quantity` int(11) NOT NULL DEFAULT 0,
  `stock_transfer_by` varchar(100) NOT NULL DEFAULT '',
  `remark` text NOT NULL,
  `entry_by` varchar(100) NOT NULL DEFAULT '',
  `entry_date_time` varchar(25) NOT NULL DEFAULT '',
  PRIMARY KEY (`id`) USING BTREE
) ENGINE=InnoDB AUTO_INCREMENT=6 DEFAULT CHARSET=utf8mb4 COLLATE=utf8mb4_unicode_ci;

-- Dumping data for table geely_db1.sparepart_stock_transfer: ~5 rows (approximately)
INSERT INTO `sparepart_stock_transfer` (`id`, `date`, `transfer_no`, `store_name_from`, `store_name_to`, `sparepart_code`, `sparepart_name`, `quantity`, `stock_transfer_by`, `remark`, `entry_by`, `entry_date_time`) VALUES
	(1, '2023-07-14', '2023070001', 'YGN', 'MDY', '5075038300C15', 'LF DOOR ASSY', 3, 'kzz', 'Testing', 'kzz', '2023-07-14 13:21:41'),
	(2, '2023-07-14', '2023070001', 'YGN', 'MDY', '5062031900C15', 'BACK DOOR SHEET METAL ASSY', 2, 'kzz', 'Testing', 'kzz', '2023-07-14 13:21:41'),
	(3, '2023-07-18', '2023070002', 'YGN', '', '5075038300C15', 'LF DOOR ASSY', 1, 'kzz', '', 'kzz', '2023-07-18 01:26:49'),
	(4, '2023-07-24', '2023070003', 'YGN', '', 'DB001', 'DashboardCleaner', 8, 'kzz', 'Examples of luxuriant\nThese examples are from corpora and from sources on the web. Any opinions in the examples do not represent the opinion of the Cambridge Dictionary editors or of Cambridge University Press or its licensors.\nThe risk of infection can be substantially reduced by avoiding habitats with high tick density, such as wooded areas with luxuriant undergrowth and dense vegetation.\nFrom the Cambridge English Corpus\nAlthough alpha-stat regulation has been believed to maintain coupling, cerebral blood flow becomes increasingly luxuriant at lower temperatures in children using alpha-stat regulation.\nFrom the Cambridge English Corpus\nIf monotheistic and anagogic doctrines of creation underwrite the piety of luxuriant landscaping, they are necessary but not sufficient conditions for its emergence.', 'kzz', '2023-07-24 09:41:15'),
	(5, '2023-07-24', '2023070004', 'YGN', '', 'DB001', 'DashboardCleaner', 3, 'kzz', '', 'kzz', '2023-07-24 09:41:50');

-- Dumping structure for table geely_db1.sparepart_store
DROP TABLE IF EXISTS `sparepart_store`;
CREATE TABLE IF NOT EXISTS `sparepart_store` (
  `id` int(11) NOT NULL AUTO_INCREMENT,
  `name` varchar(150) NOT NULL DEFAULT '',
  PRIMARY KEY (`id`) USING BTREE
) ENGINE=InnoDB AUTO_INCREMENT=9 DEFAULT CHARSET=utf8mb4 COLLATE=utf8mb4_unicode_ci;

-- Dumping data for table geely_db1.sparepart_store: ~6 rows (approximately)
INSERT INTO `sparepart_store` (`id`, `name`) VALUES
	(1, 'YGN'),
	(2, 'MDY'),
	(3, 'NPT'),
	(4, 'MLM'),
	(5, 'MDY 2'),
	(6, 'MDY 3'),
	(7, 'YGN 1'),
	(8, 'CCC');

-- Dumping structure for table geely_db1.sparepart_store_stock_level
DROP TABLE IF EXISTS `sparepart_store_stock_level`;
CREATE TABLE IF NOT EXISTS `sparepart_store_stock_level` (
  `id` int(11) NOT NULL AUTO_INCREMENT,
  `sparepart_store_id` int(11) NOT NULL DEFAULT 0,
  `sparepart_code` varchar(50) NOT NULL DEFAULT '',
  `sparepart_name` varchar(255) NOT NULL DEFAULT '',
  `minimum` int(11) NOT NULL DEFAULT 0,
  `maximum` int(11) NOT NULL DEFAULT 0,
  `entry_by` varchar(50) NOT NULL DEFAULT '',
  `entry_date_time` varchar(50) NOT NULL DEFAULT '',
  PRIMARY KEY (`id`) USING BTREE
) ENGINE=InnoDB AUTO_INCREMENT=12 DEFAULT CHARSET=utf8mb4 COLLATE=utf8mb4_unicode_ci;

-- Dumping data for table geely_db1.sparepart_store_stock_level: ~11 rows (approximately)
INSERT INTO `sparepart_store_stock_level` (`id`, `sparepart_store_id`, `sparepart_code`, `sparepart_name`, `minimum`, `maximum`, `entry_by`, `entry_date_time`) VALUES
	(1, 1, '5035052700C15', 'LF FENDER', 10, 50, 'kzz', '2023-07-07 21:51:17'),
	(2, 1, '5062031900C15', 'BACK DOOR SHEET METAL ASSY', 5, 20, 'kzz', '2023-07-07 21:53:18'),
	(3, 2, '5062031900C15', 'BACK DOOR SHEET METAL ASSY', 5, 50, 'kzz', '2023-07-18 11:00:19'),
	(4, 2, 'S6523', 'Air filter', 5, 30, 'kzz', '2023-07-20 16:06:18'),
	(5, 2, 'papwp001', 'PartTesting', 10, 20, 'kzz', '2023-07-20 16:08:55'),
	(6, 1, '5075038100C15', 'RF DOOR ASSY', 3, 20, 'kzz', '2023-07-20 16:09:17'),
	(7, 7, '0001', 'wiper', 5, 5, 'kzz', '2023-07-20 16:10:48'),
	(8, 7, '5035052700C15', 'LF FENDER', 6, 6, 'kzz', '2023-07-20 16:11:29'),
	(9, 4, 'S6523', 'Air filter', 5, 5, 'kzz', '2023-07-24 20:02:54'),
	(10, 1, '0001', 'wiper', 4, 5, 'kzz', '2023-10-09 14:14:37'),
	(11, 2, '1', '1', 10, 20, 'kzz', '2023-10-09 14:35:36');

-- Dumping structure for table geely_db1.sparepart_sub_group
DROP TABLE IF EXISTS `sparepart_sub_group`;
CREATE TABLE IF NOT EXISTS `sparepart_sub_group` (
  `id` int(11) NOT NULL AUTO_INCREMENT,
  `group_name` varchar(255) NOT NULL DEFAULT '',
  `name` varchar(255) NOT NULL DEFAULT '',
  PRIMARY KEY (`id`) USING BTREE
) ENGINE=InnoDB AUTO_INCREMENT=4 DEFAULT CHARSET=utf8mb4 COLLATE=utf8mb4_unicode_ci;

-- Dumping data for table geely_db1.sparepart_sub_group: ~0 rows (approximately)
INSERT INTO `sparepart_sub_group` (`id`, `group_name`, `name`) VALUES
	(1, 'Accessories', 'Interior Accessories'),
	(2, 'Parts', 'Auto Parts Washing Pot'),
	(3, 'G ONE', 'SUB G ONE');

-- Dumping structure for table geely_db1.sparepart_sub_store
DROP TABLE IF EXISTS `sparepart_sub_store`;
CREATE TABLE IF NOT EXISTS `sparepart_sub_store` (
  `id` int(11) NOT NULL AUTO_INCREMENT,
  `sparepart_store_id` int(11) NOT NULL DEFAULT 0,
  `sub_store` varchar(150) NOT NULL DEFAULT '',
  `shelves_no` varchar(100) NOT NULL DEFAULT '',
  `row` int(11) NOT NULL DEFAULT 0,
  `column` int(11) NOT NULL DEFAULT 0,
  PRIMARY KEY (`id`) USING BTREE
) ENGINE=InnoDB AUTO_INCREMENT=12 DEFAULT CHARSET=utf8mb4 COLLATE=utf8mb4_unicode_ci;

-- Dumping data for table geely_db1.sparepart_sub_store: ~10 rows (approximately)
INSERT INTO `sparepart_sub_store` (`id`, `sparepart_store_id`, `sub_store`, `shelves_no`, `row`, `column`) VALUES
	(1, 1, 'Sub Store 1', '1', 5, 5),
	(2, 1, 'Sub Store 2', '2', 5, 5),
	(3, 1, 'Sub Store 3', '3', 5, 5),
	(4, 2, 'Sub Store 1', '5', 5, 5),
	(5, 2, 'Sub Store5', '7', 7, 7),
	(6, 1, 'Sub Store 4', '6', 8, 5),
	(7, 7, 'YGN 1 SUB STORE', '13', 9, 1),
	(9, 5, 'Sub Store 3', 'A1', 5, 5),
	(10, 2, 'Sub1', 'A5', 3, 3),
	(11, 5, 'Sub Store 4', 'A1', 10, 10);

-- Dumping structure for table geely_db1.sparepart_unit
DROP TABLE IF EXISTS `sparepart_unit`;
CREATE TABLE IF NOT EXISTS `sparepart_unit` (
  `id` int(11) NOT NULL AUTO_INCREMENT,
  `name` varchar(150) NOT NULL DEFAULT '',
  PRIMARY KEY (`id`) USING BTREE
) ENGINE=InnoDB AUTO_INCREMENT=4 DEFAULT CHARSET=utf8mb4 COLLATE=utf8mb4_unicode_ci;

-- Dumping data for table geely_db1.sparepart_unit: ~0 rows (approximately)
INSERT INTO `sparepart_unit` (`id`, `name`) VALUES
	(1, 'Pcs'),
	(2, 'Test'),
	(3, 'List');

-- Dumping structure for table geely_db1.sparepart_waiting_list
DROP TABLE IF EXISTS `sparepart_waiting_list`;
CREATE TABLE IF NOT EXISTS `sparepart_waiting_list` (
  `id` int(11) NOT NULL AUTO_INCREMENT,
  `wl_id` varchar(10) NOT NULL DEFAULT '',
  `service_center` varchar(150) NOT NULL DEFAULT '',
  `service_customer_id` int(11) NOT NULL DEFAULT 0,
  `service_car_id` int(11) NOT NULL DEFAULT 0,
  `plate_no` varchar(50) NOT NULL DEFAULT '',
  `remark` text NOT NULL,
  `pre_order` tinyint(4) NOT NULL DEFAULT 0,
  `cancel` tinyint(4) NOT NULL DEFAULT 0,
  `entry_by` varchar(100) NOT NULL DEFAULT '',
  `entry_date_time` varchar(25) NOT NULL DEFAULT '',
  `cancel_by` varchar(100) NOT NULL DEFAULT '',
  `cancel_date_time` varchar(25) NOT NULL DEFAULT '',
  PRIMARY KEY (`id`) USING BTREE
) ENGINE=InnoDB AUTO_INCREMENT=21 DEFAULT CHARSET=utf8mb4 COLLATE=utf8mb4_unicode_ci;

-- Dumping data for table geely_db1.sparepart_waiting_list: ~14 rows (approximately)
INSERT INTO `sparepart_waiting_list` (`id`, `wl_id`, `service_center`, `service_customer_id`, `service_car_id`, `plate_no`, `remark`, `pre_order`, `cancel`, `entry_by`, `entry_date_time`, `cancel_by`, `cancel_date_time`) VALUES
	(1, '000001', 'YGN Kamayut', 2, 3, 'YGN 12 EE-0291', 'Testing', 1, 0, 'kzz', '2023-07-13 19:18:11', 'kzz', '2023-07-13 19:25:42'),
	(2, '000002', 'YGN Kamayut', 1, 1, 'YGN 12 1D-2345', 'Testing', 1, 0, 'kzz', '2023-07-14 17:51:39', '', ''),
	(3, '000003', 'YGN Kamayut', 5, 0, '', '', 1, 0, 'kzz', '2023-07-18 00:38:37', '', ''),
	(4, '000004', 'YGN Kamayut', 6, 7, 'YGN 45 63-3256', '', 1, 0, 'kzz', '2023-07-18 00:42:20', '', ''),
	(5, '000005', 'YGN Kamayut', 6, 7, 'YGN 45 63-3256', '', 1, 0, 'kzz', '2023-07-18 01:18:47', '', ''),
	(6, '000006', 'YGN Kamayut', 3, 4, 'AYY 04 45-3266', '', 1, 0, 'kzz', '2023-07-19 19:31:03', '', ''),
	(7, '000007', 'YGN Kamayut', 5, 0, '', '', 1, 0, 'kzz', '2023-07-26 14:03:34', '', ''),
	(8, '000008', 'YGN Kamayut', 11, 0, '', '', 1, 0, 'kzz', '2023-07-26 14:14:11', '', ''),
	(9, '000009', 'YGN Kamayut', 10, 3, 'YGN 12 EE-0291', 'remark c', 1, 0, 'kzz', '2023-07-26 14:22:32', '', ''),
	(10, '000010', 'YGN Kamayut', 7, 5, 'MON 45 69-3266', 'remark d', 1, 0, 'kzz', '2023-07-26 14:27:57', '', ''),
	(11, '000011', 'YGN Kamayut', 11, 9, 'YGN 12 K-1234', 'remark e', 1, 0, 'kzz', '2023-07-26 14:29:17', '', ''),
	(12, '000012', 'YGN Kamayut', 6, 8, 'TNI 96 36-6655', 'remark g', 1, 0, 'kzz', '2023-07-26 14:30:31', '', ''),
	(13, '000013', 'YGN Kamayut', 1, 5, 'MON 45 69-3266', 'remark h', 0, 1, 'kzz', '2023-07-26 14:31:05', 'kzz', '2023-07-26 14:32:10'),
	(14, '000014', 'YGN Kamayut', 4, 9, 'YGN 12 K-1234', 'remark i', 1, 0, 'kzz', '2023-07-26 14:32:53', '', ''),
	(15, '000015', 'YGN Kamayut', 8, 6, 'YGN 96 32-6366', 'REMARK AA', 1, 0, 'kzz', '2023-07-26 15:01:38', '', ''),
	(16, '000016', 'YGN Kamayut', 3, 4, 'AYY 04 45-3266', '', 1, 0, 'kzz', '2023-09-22 15:23:56', '', ''),
	(17, '000017', 'YGN Kamayut', 8, 0, '', '', 0, 0, 'kzz', '2023-10-13 14:27:54', '', ''),
	(18, '000018', 'YGN Kamayut', 5, 5, 'MON 45 69-3266', '', 1, 0, 'kzz', '2024-01-16 22:05:31', '', ''),
	(19, '000019', 'YGN Kamayut', 6, 5, 'MON 45 69-3266', '', 1, 0, 'kzz', '2024-02-13 10:59:03', '', ''),
	(20, '000020', 'YGN Kamayut', 5, 10, 'YGN 75 3K-5699', '', 1, 0, 'kzz', '2024-03-25 16:04:29', '', '');

-- Dumping structure for table geely_db1.sparepart_waiting_list_detail
DROP TABLE IF EXISTS `sparepart_waiting_list_detail`;
CREATE TABLE IF NOT EXISTS `sparepart_waiting_list_detail` (
  `id` int(11) NOT NULL AUTO_INCREMENT,
  `waiting_list_id` int(11) NOT NULL DEFAULT 0,
  `sparepart_code` varchar(50) NOT NULL DEFAULT '',
  `sparepart_name` varchar(150) NOT NULL DEFAULT '',
  `quantity` int(11) NOT NULL DEFAULT 0,
  PRIMARY KEY (`id`) USING BTREE
) ENGINE=InnoDB AUTO_INCREMENT=34 DEFAULT CHARSET=utf8mb4 COLLATE=utf8mb4_unicode_ci;

-- Dumping data for table geely_db1.sparepart_waiting_list_detail: ~23 rows (approximately)
INSERT INTO `sparepart_waiting_list_detail` (`id`, `waiting_list_id`, `sparepart_code`, `sparepart_name`, `quantity`) VALUES
	(4, 1, '5075038300C15', 'LF DOOR ASSY', 1),
	(5, 1, '5035052700C15', 'LF FENDER', 2),
	(6, 1, '5081040300C15', 'LR DOOR ASSY', 1),
	(7, 1, '5075038100C15', 'RF DOOR ASSY', 1),
	(8, 2, '5075038100C15', 'RF DOOR ASSY', 1),
	(9, 3, 'DB001', 'DashboardCleaner', 1),
	(10, 4, 'DB001', 'DashboardCleaner', 1),
	(11, 5, '5081040300C15', 'LR DOOR ASSY', 1),
	(12, 6, '0001', 'wiper', 1),
	(14, 7, 'DB001', 'DashboardCleaner', 25),
	(15, 7, '000999', 'U Myo', 5),
	(16, 8, 'S3256', 'Spark plugs', 1),
	(17, 9, 'S3256', 'Spark plugs', 5),
	(18, 9, '5075038100C15', 'RF DOOR ASSY', 10),
	(19, 9, 'S6523', 'Air filter', 5),
	(20, 10, 'S6523', 'Air filter', 15),
	(21, 11, '0001', 'wiper', 201),
	(22, 12, 'test1', 'Cleaner', 51),
	(24, 13, '5062031900C15', 'BACK DOOR SHEET METAL ASSY', 2),
	(25, 13, '000999', 'U Myo', 10),
	(26, 14, 'C4592', 'PS', 100),
	(27, 14, '5075038100C15', 'RF DOOR ASSY', 31),
	(28, 15, '5081040300C15', 'LR DOOR ASSY', 31),
	(29, 16, '0001', 'wiper', 1),
	(30, 17, '5062031900C15', 'BACK DOOR SHEET METAL ASSY', 1),
	(31, 18, '5035052700C15', 'LF FENDER', 1),
	(32, 19, '1231', 'aaaa', 2),
	(33, 20, '00123', 'Testing', 5);

-- Dumping structure for table geely_db1.staff
DROP TABLE IF EXISTS `staff`;
CREATE TABLE IF NOT EXISTS `staff` (
  `id` int(11) NOT NULL AUTO_INCREMENT,
  `card_no` varchar(50) NOT NULL DEFAULT '',
  `name` varchar(150) DEFAULT '',
  `join_date` varchar(50) DEFAULT '',
  `department` varchar(150) DEFAULT '',
  `position` varchar(150) DEFAULT '',
  `sa_id` int(11) NOT NULL DEFAULT 0,
  `dob` varchar(20) DEFAULT '',
  `nrc_no` varchar(50) DEFAULT '',
  `gender` tinyint(1) NOT NULL DEFAULT 0,
  `marital_status` tinyint(4) NOT NULL DEFAULT 0,
  `phone` varchar(50) DEFAULT '',
  `email` varchar(50) DEFAULT '',
  `contact_address` varchar(255) DEFAULT '',
  `permanent_address` varchar(255) DEFAULT '',
  `signature` varchar(100) DEFAULT '',
  `id_card` varchar(100) DEFAULT '',
  `reporting_to_id` int(11) NOT NULL DEFAULT 0,
  `wt_monday` varchar(100) DEFAULT '',
  `wt_tuesday` varchar(100) DEFAULT '',
  `wt_wednesday` varchar(100) DEFAULT '',
  `wt_thursday` varchar(100) DEFAULT '',
  `wt_friday` varchar(100) DEFAULT '',
  `wt_saturday` varchar(100) DEFAULT '',
  `wt_sunday` varchar(100) DEFAULT '',
  `entry_by` varchar(100) DEFAULT '',
  `entry_date_time` varchar(25) DEFAULT '',
  PRIMARY KEY (`id`) USING BTREE
) ENGINE=MyISAM AUTO_INCREMENT=89 DEFAULT CHARSET=utf8mb4 COLLATE=utf8mb4_unicode_ci ROW_FORMAT=DYNAMIC;

-- Dumping data for table geely_db1.staff: 70 rows
/*!40000 ALTER TABLE `staff` DISABLE KEYS */;
INSERT INTO `staff` (`id`, `card_no`, `name`, `join_date`, `department`, `position`, `sa_id`, `dob`, `nrc_no`, `gender`, `marital_status`, `phone`, `email`, `contact_address`, `permanent_address`, `signature`, `id_card`, `reporting_to_id`, `wt_monday`, `wt_tuesday`, `wt_wednesday`, `wt_thursday`, `wt_friday`, `wt_saturday`, `wt_sunday`, `entry_by`, `entry_date_time`) VALUES
	(1, 'AAA001065', 'Kyaw Win Tun', '2023-06-20', 'Brand & Sales Management', 'Sales Supervisor', 0, '1986-06-09', '9/SaKaTa(N)075463', 0, 0, '', 'kyawwintun@gmail.com', '', '', '2023.06.20.10.42.07.png', '2023.06.20.10.42.07.jpg', 0, '08:00 AM-05:00 PM', '08:00 AM-05:00 PM', '08:00 AM-05:00 PM', '08:00 AM-08:00 AM', '08:00 AM-05:00 PM', '08:00 AM-05:00 PM', '', 'hr_admin', '2023-06-20 10:42'),
	(2, 'AAA0001090', 'Paing Soe Ko', '2023-06-20', 'Brand & Sales Management', 'Sales Manager', 0, '1984-02-23', '9/MaHaMa(N)011962', 0, 0, '', 'paingsoeko@pal.com.mm', '', '', '2023.06.20.10.58.52.png', '2023.06.20.10.58.52.jpg', 0, '08:00 AM-05:00 PM', '08:00 AM-05:00 PM', '08:00 AM-05:00 PM', '08:00 AM-08:00 AM', '08:00 AM-05:00 PM', '08:00 AM-05:00 PM', '', 'hr_admin', '2023-06-27 16:08'),
	(3, 'AAA001062', 'Wai Lu Aung', '2023-06-20', 'Brand & Sales Management', 'Sales Executive', 4, '1998-06-17', '9/AhMaZa(N)047718', 0, 0, '', 'wailuaung@pal.com.mm', '', '', '2023.06.20.11.01.33.png', '2023.06.20.11.01.33.jpg', 0, '08:00 AM-05:00 PM', '08:00 AM-05:00 PM', '08:00 AM-05:00 PM', '08:00 AM-08:00 AM', '08:00 AM-05:00 PM', '08:00 AM-05:00 PM', '', 'hr_admin', '2023-06-20 11:01'),
	(4, 'AAA001022', 'Nyein Lei Mon', '2023-06-20', 'Brand & Sales Management', 'Sales Admin', 0, '1994-02-02', '1/AhGaYa(N)012934', 1, 0, '', 'nyeinleimon@pal.com.mm', '', '', '2023.06.20.11.04.11.png', '2023.06.20.11.04.11.jpg', 0, '08:00 AM-05:00 PM', '08:00 AM-05:00 PM', '08:00 AM-05:00 PM', '08:00 AM-08:00 AM', '08:00 AM-05:00 PM', '08:00 AM-05:00 PM', '', 'hr_admin', '2023-06-20 11:04'),
	(5, 'AAA003410', 'Soe Mon Oo', '2023-06-20', 'Finance', 'Finance Manager', 0, '1991-03-01', '4/HtaTaLa(N)340192', 1, 0, '', 'soemonoo@pal.com.mm', '', '', '2023.06.20.11.05.04.png', '2023.06.20.11.05.04.jpg', 0, '08:00 AM-05:00 PM', '08:00 AM-05:00 PM', '08:00 AM-05:00 PM', '08:00 AM-08:00 AM', '08:00 AM-05:00 PM', '08:00 AM-05:00 PM', '', 'hr_admin', '2023-06-20 11:05'),
	(6, 'AAA005420', 'Aye Aye Soe', '2023-06-20', 'SCM & Import & Logistics', 'SCM Manager', 0, '1990-02-01', '9/AhMaYa(N)921111', 1, 0, '', 'ayeayesoe@pal.com.mm', '', '', '2023.06.20.11.29.59.png', '2023.06.20.11.29.59.jpg', 0, '08:00 AM-05:00 PM', '08:00 AM-05:00 PM', '08:00 AM-05:00 PM', '08:00 AM-08:00 AM', '08:00 AM-05:00 PM', '08:00 AM-05:00 PM', '', 'hr_admin', '2023-06-20 11:29'),
	(45, 'A55', 'test marketing', '2024-05-06', 'Marketing', 'Marketing Manager', 0, '1980-03-14', '5/KaNaNa(P)124125', 0, 0, '1251251245', 'orange@gmail.com', '', '', '2024.05.06.13.04.20.jpg', '2024.05.06.13.04.20.jpg', 0, '08:00 AM-05:00 PM', '08:00 AM-05:00 PM', '08:00 AM-05:00 PM', '08:00 AM-08:00 AM', '08:00 AM-05:00 PM', '08:00 AM-05:00 PM', '08:00 AM-05:00 PM', 'hr_admin', '2024-05-06 13:04'),
	(46, 'A00123', 'hr test', '2024-06-12', 'HR & Admin', 'HR & Admin Manager', 0, '2020-02-04', '2/DaMaSa(N)111111', 0, 0, '091251231', 'hrtesting@gmail.com', 'ygn', '', '2024.06.12.09.10.17.jpg', '2024.06.12.09.10.17.jpg', 0, '08:00 AM-05:00 PM', '08:00 AM-05:00 PM', '08:00 AM-05:00 PM', '08:00 AM-08:00 AM', '08:00 AM-05:00 PM', '08:00 AM-05:00 PM', '08:00 AM-05:00 PM', 'hr_admin', '2024-06-12 09:10'),
	(47, 'A000112233', 'hr admin testing ', '2024-06-12', 'HR & Admin', 'HR & Admin Manager', 0, '1985-07-07', '6/PaLaNa(N)111111', 0, 0, '09123456', 'hradmintest@gmail.com', 'ygn', '', '2024.06.12.10.01.23.jpg', '2024.06.12.10.01.23.jpg', 0, '08:00 AM-05:00 PM', '08:00 AM-05:00 PM', '08:00 AM-05:00 PM', '08:00 AM-08:00 AM', '08:00 AM-05:00 PM', '08:00 AM-05:00 PM', '08:00 AM-05:00 PM', 'hr_admin', '2024-06-12 10:01'),
	(48, 'A123', 'Aye', '2024-07-03', 'HR & Admin', 'Driver', 0, '1999-03-15', '12/KaTaNa(N)123654', 1, 0, '', 'lynnyaung1997@gmail.com', '', '', '2024.07.03.10.18.49.jpg', '2024.07.03.10.18.49.PNG', 47, '08:00 AM-05:00 PM', '08:00 AM-05:00 PM', '08:00 AM-05:00 PM', '08:00 AM-08:00 AM', '08:00 AM-05:00 PM', '08:00 AM-05:00 PM', '08:00 AM-05:00 PM', 'hradmintesting', '2024-07-03 10:18'),
	(49, '1', 'Hsu', '2024-07-03', 'HR & Admin', 'HR & Admin Executive', 0, '1992-02-10', '7/KaTaKha(N)987987', 1, 0, '', 'abc@gmail.com', '', '', '2024.07.03.10.26.43.jpg', '2024.07.03.10.26.43.PNG', 47, '08:00 AM-05:00 PM', '08:00 AM-05:00 PM', '08:00 AM-05:00 PM', '08:00 AM-08:00 AM', '08:00 AM-05:00 PM', '', '', 'hradmintesting', '2024-07-03 10:26'),
	(50, '2', 'Hsu Yee', '2024-07-03', 'Marketing', 'Asst. Marketing Manager(Digital Marketing)', 0, '1995-03-11', '4/HaKhaNa(N)123456', 1, 0, '', 'abc@gmail.com', '', '', '2024.07.03.10.59.21.jpg', '2024.07.03.10.59.21.jpg', 34, '08:00 AM-05:00 PM', '08:00 AM-05:00 PM', '08:00 AM-05:00 PM', '08:00 AM-08:00 AM', '08:00 AM-05:00 PM', '', '', 'hradmintesting', '2024-07-03 10:59'),
	(51, '3', 'Aye Mya', '2024-05-01', 'Finance', 'Chief Accountant', 0, '1995-04-07', '12/KaTaNa(N)123456', 1, 0, '', 'abc@gmail.com', '', '', '2024.07.03.11.13.26.jpg', '2024.07.03.11.13.26.jpg', 5, '08:00 AM-05:00 PM', '08:00 AM-05:00 PM', '08:00 AM-05:00 PM', '08:00 AM-08:00 AM', '09:00 AM-04:00 PM', '', '', 'hradmintesting', '2024-07-03 11:13'),
	(52, '4', 'Aye', '2024-07-03', 'HR & Admin', 'Fleet & Admin Executive', 0, '', '12/KaTaNa(N)123456', 0, 0, '', 'abc@gmail.com', '', '', '', '', 20, '08:00 AM-05:00 PM', '08:00 AM-05:00 PM', '08:00 AM-05:00 PM', '08:00 AM-08:00 AM', '08:00 AM-05:00 PM', '', '', 'hradmintesting', '2024-07-03 11:14'),
	(53, '5', 'AAb', '2024-07-03', 'Finance', 'Chief Accountant', 0, '', '12/KaTaNa(N)123456', 1, 0, '', 'aveer@gmail.com', '', '', '2024.07.03.11.16.29.jpg', '2024.07.03.11.16.29.jpg', 5, '08:00 AM-05:00 PM', '08:00 AM-05:00 PM', '08:00 AM-05:00 PM', '08:00 AM-08:00 AM', '08:00 AM-05:00 PM', '', '', 'hradmintesting', '2024-07-03 11:16'),
	(54, '6', 'Yee Yee', '2024-07-03', 'Finance', 'Chief Accountant', 0, '1997-05-12', '12/KaTaNa(N)123456', 1, 0, '', 'abcdefg@gmail.com', '', '', '2024.07.03.11.32.47.jpg', '2024.07.03.11.32.47.PNG', 5, '08:00 AM-05:00 PM', '08:00 AM-05:00 PM', '08:00 AM-05:00 PM', '08:00 AM-08:00 AM', '08:00 AM-05:00 PM', '', '', 'hradmintesting', '2024-07-03 11:32'),
	(55, '7', 'Yati Su', '2024-07-03', 'Finance', 'Chief Accountant', 0, '1998-05-15', '12/KaTaNa(N)123456', 1, 0, '', 'abc@gmail.com', '', '', '2024.07.03.13.15.03.jpg', '2024.07.03.13.15.03.jpg', 5, '08:00 AM-05:00 PM', '08:00 AM-05:00 PM', '08:00 AM-05:00 PM', '08:00 AM-08:00 AM', '08:00 AM-05:00 PM', '', '', 'hradmintesting', '2024-07-03 13:15'),
	(56, '17', 'Su ', '2024-07-03', 'Finance', 'Chief Accountant', 0, '1997-05-20', '12/KaTaNa(N)123456', 1, 0, '', '123@gmail.com', '', '', '2024.07.03.13.19.00.jpg', '2024.07.03.13.19.00.jpg', 0, '08:00 AM-05:00 PM', '08:00 AM-05:00 PM', '08:00 AM-05:00 PM', '08:00 AM-08:00 AM', '08:00 AM-05:00 PM', '', '', 'hradmintesting', '2024-07-03 13:19'),
	(19, 'AAA001111', 'Operation Supervisor dum', '2023-06-26', 'Brand & Sales Management', 'Operation Supervisor', 0, '1990-03-03', '1/AhGaYa(N)123456', 0, 0, '', 'operation@gmail.com', '', '', '2023.06.26.11.32.15.jpg', '2023.06.26.11.32.15.jpg', 0, '08:00 AM-05:00 PM', '08:00 AM-05:00 PM', '08:00 AM-05:00 PM', '08:00 AM-08:00 AM', '08:00 AM-05:00 PM', '08:00 AM-05:00 PM', '', 'hr_admin', '2023-08-11 16:16'),
	(20, '000928', 'Yu', '2023-06-26', 'Brand & Sales Management', 'Sales Executive', 4, '1995-05-04', '9/MaHaMa(N)098876', 1, 0, '09128488843', 'ppk@gmail.com', 'Mdy', 'Mdy', '2023.06.26.12.03.39.JPG', '2023.06.26.12.03.39.JPG', 2, '08:00 AM-05:00 PM', '08:00 AM-05:00 PM', '08:00 AM-05:00 PM', '08:00 AM-08:00 AM', '08:00 AM-05:00 PM', '08:00 AM-05:00 PM', '', 'hr_admin', '2023-06-30 14:54'),
	(21, 'CDG0001', 'Daw Aye Aye', '2023-06-26', 'Brand & Sales Management', 'Sales Admin', 0, '1980-01-12', '12/LaMaNa(N)111222', 1, 1, '09777766668', 'ayeaye@gmail.com', 'Yangon', 'Hlaing', '2023.06.26.14.59.45.png', '2023.06.26.14.59.45.png', 24, '08:00 AM-05:00 PM', '08:00 AM-05:00 PM', '08:00 AM-05:00 PM', '08:00 AM-08:00 AM', '08:00 AM-05:00 PM', '08:00 AM-05:00 PM', '', 'hr_admin', '2023-07-07 14:54'),
	(44, '001', 'CEO Test', '2024-01-22', 'PAL Management - HO', 'Chief Executive Officer', 0, '1998-06-07', '12/KhaMaSa(N)123114', 0, 0, '0951241241', 'ceo@gmail.com', '', '', '2024.01.22.01.53.29.png', '2024.01.22.01.53.29.png', 0, '08:00 AM-05:00 PM', '08:00 AM-05:00 PM', '08:00 AM-05:00 PM', '08:00 AM-08:00 AM', '08:00 AM-05:00 PM', '08:00 AM-05:00 PM', '08:00 AM-05:00 PM', 'hr_admin', '2024-01-22 01:53'),
	(23, 'AAA006359', 'Ko Oo', '2023-06-27', 'Brand & Sales Management', 'Sales Executive', 4, '1974-04-06', '3/BaGaLa(N)235698', 0, 1, '09692603689', 'ooko@pal.com.mm', 'Lorem Ipsum is simply dummy text of the printing and typesetting industry. Lorem Ipsum has been the industry\'s standard dummy text ever since the 1500s, when an unknown printer took a galley of type and scrambled it to make a type specimen book. It has su', 'It is a long established fact that a reader will be distracted by the readable content of a page when looking at its layout. The point of using Lorem Ipsum is that it has a more-or-less normal distribution of letters, as opposed to using \'Content here, co', '2023.06.27.21.58.45.jpg', '2023.06.27.21.58.45.jpg', 4, '08:00 AM-05:00 PM', '08:00 AM-05:00 PM', '08:00 AM-05:00 PM', '08:00 AM-08:00 AM', '08:00 AM-05:00 PM', '08:00 AM-12:00 AM', '08:00 AM-05:00 PM', 'hr_admin', '2023-07-04 12:19'),
	(24, 'CDG0002', 'Daw Yu Yu', '2023-06-28', 'Brand & Sales Management', 'Sales Executive', 4, '1981-02-02', '12/AhSaNa(N)111333', 1, 1, '09777788990', 'yu@gmail.com', 'Yangon', 'Insein', '2023.06.28.10.15.56.jpg', '2023.06.28.10.15.56.png', 21, '08:00 AM-05:00 PM', '08:00 AM-05:00 PM', '08:00 AM-05:00 PM', '08:00 AM-08:00 AM', '08:00 AM-05:00 PM', '08:00 AM-05:00 PM', '08:00 AM-05:00 PM', 'hr_admin', '2023-06-28 10:15'),
	(25, 'AAA032689', 'Ji Ji', '2023-06-28', 'Brand & Sales Management', 'Sales Executive', 4, '1983-08-09', '6/KhaMaKa(N)236591', 0, 0, '09692684756', 'jiji@capitalconnect.com.mm', '#$@Lorem Ipsum is simply dummy text of the printing and typesetting industry. Lorem Ipsum has been the industry\'s standard dummy text ever since the 1500s, when an unknown printer took a galley of type and scrambled it to make a type specimen book. It has', 'Lorem Ipsum is simply dummy text of the printing and typesetting industry. Lorem Ipsum has been the industry\'s standard dummy text ever since the 1500s, when an unknown printer took a galley of type and scrambled it to make a type specimen book. It has su', '2023.06.28.10.35.08.jpg', '2023.06.28.10.35.08.jpg', 2, '08:00 AM-06:00 PM', '08:00 AM-06:00 PM', '08:00 AM-06:00 PM', '08:00 AM-08:00 AM', '08:00 AM-06:00 PM', '', '', 'hr_admin', '2023-06-28 11:35'),
	(26, 'AAA001256', 'Zay Yar Kyaw', '2023-06-30', 'Brand & Sales Management', 'Sales Manager', 0, '1998-06-04', '4/KaPaLa(N)235412', 0, 0, '096958632596', 'zayyarkyaw@pal.com.mm', 'Lorem Ipsum es simplemente el texto de relleno de las imprentas y archivos de texto. Lorem Ipsum ha sido el texto de relleno estándar de las industrias desde el año 1500, cuando un impresor (N. del T. persona que se dedica a la imprenta) desconocido usó u', 'Lorem Ipsum es simplemente el texto de relleno de las imprentas y archivos de texto. Lorem Ipsum ha sido el texto de relleno estándar de las industrias desde el año 1500, cuando un impresor (N. del T. persona que se dedica a la imprenta) desconocido usó u', '2023.06.30.15.15.04.jpg', '2023.06.30.15.15.04.jpg', 5, '07:00 AM-06:00 PM', '07:00 AM-06:00 PM', '07:00 AM-06:00 PM', '07:00 AM-07:00 AM', '', '', '', 'hr_admin', '2023-06-30 15:15'),
	(27, 'AAA002598', 'Zaw One', '2023-06-30', 'Brand & Sales Management', 'Sales Executive', 4, '2021-07-04', '2/BaLaKha(N)235684', 0, 1, '09278896542', 'zawone@pal.com.mm', 'Es un hecho establecido hace demasiado tiempo que un lector se distraerá con el contenido del texto de un sitio mientras que mira su diseño. El punto de usar Lorem Ipsum es que tiene una distribución más o menos normal de las letras, al contrario de usar ', 'Es un hecho establecido hace demasiado tiempo que un lector se distraerá con el contenido del texto de un sitio mientras que mira su diseño. El punto de usar Lorem Ipsum es que tiene una distribución más o menos normal de las letras, al contrario de usar ', '2023.06.30.16.14.27.jpg', '2023.06.30.16.14.27.jpg', 26, '', '08:00 AM-05:00 PM', '08:00 AM-05:00 PM', '08:00 AM-08:00 AM', '', '', '', 'hr_admin', '2023-06-30 19:34'),
	(28, '09998', 'Shoon', '2023-07-03', 'Aftersales Management', 'CRM Executive', 0, '1993-03-04', '5/WaThaNa(N)567865', 1, 0, '0976865544', 'shoon@gamil.com', 'Ygn', 'Ygn', '2023.07.03.10.17.49.JPG', '2023.07.03.10.17.49.JPG', 2, '08:00 AM-05:00 PM', '08:00 AM-05:00 PM', '08:00 AM-05:00 PM', '08:00 AM-08:00 AM', '08:00 AM-05:00 PM', '08:00 AM-05:00 PM', '08:00 AM-05:00 PM', 'hr_admin', '2023-07-03 10:17'),
	(29, 'AAA99999', 'Hsu Hnin Ye', '2023-07-05', 'Brand & Sales Management', 'Sales Executive', 40, '1998-02-10', '12/KaMaYa(N)999999', 1, 0, '09239457383', 'hsuhnin0@gmail.com', 'Yangon', 'Yangon', '2023.07.05.09.50.24.png', '2023.07.05.09.50.24.jpg', 4, '08:00 AM-05:00 PM', '08:00 AM-05:00 PM', '08:00 AM-05:00 PM', '08:00 AM-08:00 AM', '08:00 AM-05:00 PM', '', '', 'hr_admin', '2023-07-05 09:50'),
	(30, 'AAA001119', 'Ko Zaw Zaw', '2023-07-05', 'Service', 'Service Manager', 0, '1991-04-02', '12/AhLaNa(N)232455', 0, 0, '09238383932', 'zawzaw@gmail.com', 'Yangon', 'Yangon', '2023.07.05.13.20.05.png', '2023.07.05.13.20.05.png', 0, '08:00 AM-05:00 PM', '08:00 AM-05:00 PM', '08:00 AM-05:00 PM', '08:00 AM-08:00 AM', '08:00 AM-05:00 PM', '', '', 'hr_admin', '2023-07-05 13:20'),
	(42, '123412', 'aaaaa', '2024-01-09', 'Brand & Sales Management', 'Sales Supervisor', 4, '2022-02-02', '2/DaMaSa(P)124124', 0, 0, '12314125', '43214@gmail.com', 'adsda', 'sadads', '2024.01.09.12.32.36.jpg', '2024.01.09.12.32.36.jpg', 0, '08:00 AM-05:00 PM', '08:00 AM-05:00 PM', '08:00 AM-05:00 PM', '08:00 AM-08:00 AM', '08:00 AM-05:00 PM', '08:00 AM-05:00 PM', '08:00 AM-05:00 PM', 'hr_admin', '2024-01-09 12:32'),
	(43, '001', 'GM Test', '2024-01-22', 'PAL Management - HO', 'GM', 0, '2023-02-02', '4/HtaTaLa(N)124123', 0, 0, '091231241241', 'gm@gmail.com', '', '', '2024.01.22.01.52.38.png', '2024.01.22.01.52.38.png', 0, '08:00 AM-05:00 PM', '08:00 AM-05:00 PM', '08:00 AM-05:00 PM', '08:00 AM-08:00 AM', '08:00 AM-05:00 PM', '08:00 AM-05:00 PM', '08:00 AM-05:00 PM', 'hr_admin', '2024-01-22 01:52'),
	(41, 'AAA632589', 'super', '2023-08-07', 'Brand & Sales Management', 'Sales Executive', 4, '1984-04-16', '5/HaKhaNa(N)565832', 0, 1, '09969696', 'super@pal.com.mm', 'blah street, 4 block, Main Road, West Coast Township, Ayyeyarwady State', 'No.99, Bo Street, Upper Main Road, 35 blocks, Botahtaung', '2023.08.07.15.39.19.jpg', '2023.08.07.15.39.20.jpg', 2, '08:00 AM-05:00 PM', '08:00 AM-05:00 PM', '08:00 AM-05:00 PM', '08:00 AM-08:00 AM', '08:00 AM-05:00 PM', '', '', 'hr_admin', '2023-08-07 15:39'),
	(32, 'AAA220365', 'BM Test ', '2023-07-06', 'Brand & Sales Management', 'Brand Manager', 0, '1974-04-05', '3/LaBaNa(N)023658', 0, 0, '09532587469', 'bmtest@pal.com.mm', 'Lorem Ipsum es simplemente el texto de relleno de las imprentas y archivos de texto. Lorem Ipsum ha sido el texto de relleno estándar de las industrias desde el año 1500, cuando un impresor (N. del T. persona que se dedica a la imprenta) desconocido usó u', 'Lorem Ipsum es simplemente el texto de relleno de las imprentas y archivos de texto. Lorem Ipsum ha sido el texto de relleno estándar de las industrias desde el año 1500, cuando un impresor (N. del T. persona que se dedica a la imprenta) desconocido usó u', '2023.07.06.16.18.34.jpg', '2023.07.06.16.18.34.png', 5, '08:00 AM-05:00 PM', '08:00 AM-05:00 PM', '08:00 AM-05:00 PM', '08:00 AM-08:00 AM', '08:00 AM-05:00 PM', '', '', 'hr_admin', '2023-07-06 16:32'),
	(34, '0003', 'Kyaw', '2023-07-07', 'Marketing', 'Asst. Marketing Manager(Digital Marketing)', 0, '1999-01-07', '12/TaTaNa(N)093848', 0, 0, '09952590306', 'kyaw@gmail.com', 'Ygn', 'ygn', '2023.07.07.10.52.21.JPG', '2023.07.07.10.52.21.JPG', 4, '08:00 AM-05:00 PM', '08:00 AM-05:00 PM', '08:00 AM-05:00 PM', '08:00 AM-08:00 AM', '08:00 AM-05:00 PM', '08:00 AM-05:00 PM', '08:00 AM-05:00 PM', 'hr_admin', '2023-07-07 10:52'),
	(35, 'AAA002222', 'Ko Tun Lin', '2023-07-09', 'Service', 'Technician', 0, '1992-02-01', '1/BaMaNa(P)234354', 0, 0, '09233939292', 'tunlin@gmail.com', '', '', '2023.07.09.17.35.38.png', '2023.07.09.17.35.38.jpg', 30, '08:00 AM-05:00 PM', '08:00 AM-05:00 PM', '08:00 AM-05:00 PM', '08:00 AM-08:00 AM', '08:00 AM-05:00 PM', '', '', 'hr_admin', '2023-07-09 17:35'),
	(36, 'AAA003333', 'Ko Nyi Nyi', '2023-07-09', 'Service', 'Service Advisor', 0, '1992-02-02', '1/AhGaYa(N)343545', 0, 0, '09238282821', 'nyinyi@gmail.com', '', '', '2023.07.09.17.36.54.png', '2023.07.09.17.36.54.jpg', 30, '08:00 AM-05:00 PM', '08:00 AM-05:00 PM', '08:00 AM-05:00 PM', '08:00 AM-08:00 AM', '08:00 AM-05:00 PM', '', '', 'hr_admin', '2023-07-09 17:36'),
	(37, 'AAA092392', 'Zin Myo', '2023-07-13', 'Service', 'Service Manager', 0, '1992-01-01', '2/DaMaSa(N)098348', 0, 0, '09239399933', 'zinmyo@gmail.com', '', '', '2023.07.13.08.00.04.png', '2023.07.13.08.00.04.jpg', 30, '08:00 AM-05:00 PM', '08:00 AM-05:00 PM', '08:00 AM-05:00 PM', '08:00 AM-08:00 AM', '08:00 AM-05:00 PM', '', '', 'hr_admin', '2023-07-13 08:00'),
	(38, 'AAA000945', ' Soe Paing  ', '2020-08-01', 'Service', 'Junior Technician', 0, '1987-09-01', '9/PaThaKa(N)109221', 0, 0, '09402721145', 'soepaing@gmail.com', 'No(53), Ka Naung  Min Thar Gyi St, Between(50x51),Industrial Zone(2), Pyi Gyi Tagon Tsp,Mandalay', '', '2023.07.13.18.47.06.png', '2023.07.13.18.47.06.jpg', 30, '08:30 AM-05:30 PM', '08:30 AM-05:30 PM', '08:30 AM-05:30 PM', '08:30 AM-08:30 AM', '08:30 AM-05:30 PM', '', '', 'hr_admin', '2023-07-13 18:47'),
	(39, 'AAA001089', 'Phone Kyaw', '2021-01-25', 'Service', 'Senior Technician', 0, '1992-06-02', '9/PaKaKha(N)022522', 0, 1, '09451823338', 'phonekyaw@gmail.com', 'Nya Nya / 34-11(Ka), Thinpan Kone Quarter, Pyi Gyita Gon Tsp.Mandalay.', '', '2023.07.13.18.50.13.png', '2023.07.13.18.50.13.jpg', 30, '08:30 AM-05:30 PM', '08:30 AM-05:30 PM', '08:30 AM-05:30 PM', '08:30 AM-08:30 AM', '08:30 AM-05:30 PM', '', '', 'hr_admin', '2023-07-13 18:50'),
	(40, 'pp7', 'wppp', '2023-07-17', 'Brand & Sales Management', 'Sales Admin', 0, '', '', 1, 0, '', 'wppp@gmail.com', '', '', '2023.07.17.12.22.25.png', '2023.07.17.12.22.25.png', 2, '08:00 AM-05:00 PM', '08:00 AM-05:00 PM', '08:00 AM-05:00 PM', '08:00 AM-08:00 AM', '08:00 AM-05:00 PM', '08:00 AM-05:00 PM', '08:00 AM-05:00 PM', 'hr_admin', '2023-07-25 13:52'),
	(57, '8', 'Pa Pa', '2024-07-03', 'Finance', 'Finance Manager', 0, '1994-08-10', '12/KaTaNa(N)123456', 1, 0, '', '123@gmail.com', '', '', '2024.07.03.13.39.50.jpg', '2024.07.03.13.39.50.jpg', 0, '08:00 AM-05:00 PM', '08:00 AM-05:00 PM', '08:00 AM-05:00 PM', '08:00 AM-08:00 AM', '08:00 AM-05:00 PM', '', '', 'hradmintesting', '2024-07-03 13:39'),
	(58, '8', 'Pa Pa', '2024-07-03', 'Finance', 'Finance Manager', 0, '2001-07-10', '12/KaTaNa(N)123456', 1, 1, '', '123@gmail.com', '', '', '2024.07.03.13.43.48.jpg', '2024.07.03.13.43.48.jpg', 0, '08:00 AM-05:00 PM', '08:00 AM-05:00 PM', '08:00 AM-05:00 PM', '08:00 AM-08:00 AM', '08:00 AM-05:00 PM', '', '', 'hradmintesting', '2024-07-03 13:43'),
	(59, '8', 'Pa Pa', '2024-07-03', 'Finance', 'Finance Manager', 0, '2016-01-17', '12/KaTaNa(N)123456', 1, 0, '', '123@gmail.com', '', '', '2024.07.03.13.45.46.jpg', '2024.07.03.13.45.46.jpg', 0, '08:00 AM-05:00 PM', '08:00 AM-05:00 PM', '08:00 AM-05:00 PM', '08:00 AM-08:00 AM', '08:00 AM-05:00 PM', '', '', 'hradmintesting', '2024-07-03 13:45'),
	(60, '9', 'Khine', '2024-07-03', 'HR & Admin', 'HR & Admin Manager', 0, '1998-04-15', '12/KaTaNa(N)123456', 1, 1, '', '1456@gmail.com', '', '', '2024.07.03.14.33.09.jpg', '2024.07.03.14.33.09.jpg', 0, '08:00 AM-05:00 PM', '08:00 AM-05:00 PM', '08:00 AM-05:00 PM', '08:00 AM-08:00 AM', '08:00 AM-05:00 PM', '', '', 'hradmintesting', '2024-07-03 14:33'),
	(61, '9', 'AA', '2024-07-03', 'Brand & Sales Management', 'Sales Executive', 0, '1997-05-10', '12/KaTaNa(N)12345', 1, 0, '', '123@gmail.com', '', '', '2024.07.03.15.04.00.jpg', '2024.07.03.15.04.00.jpg', 0, '08:00 AM-05:00 PM', '08:00 AM-05:00 PM', '08:00 AM-05:00 PM', '08:00 AM-08:00 AM', '08:00 AM-05:00 PM', '', '', 'hradmintesting', '2024-07-03 15:04'),
	(62, '10', 'Zaw', '2024-07-03', 'Brand & Sales Management', 'Sales Manager', 0, '1992-03-10', '11/AhMaNa(N)123456', 1, 0, '', '123456@gmail.com', '', '', '2024.07.03.15.08.21.jpg', '2024.07.03.15.08.21.jpg', 0, '08:00 AM-05:00 PM', '08:00 AM-05:00 PM', '08:00 AM-05:00 PM', '08:00 AM-08:00 AM', '08:00 AM-05:00 PM', '', '', 'hradmintesting', '2024-07-03 15:08'),
	(63, '10', 'Aye Myat', '2024-07-04', 'Finance', 'Finance Manager', 0, '1997-03-10', '12/PaZaTa(N)123456', 1, 0, '', '123@gmail.com', '', '', '2024.07.04.10.58.59.PNG', '2024.07.04.10.58.59.jpg', 0, '08:00 AM-05:00 PM', '08:00 AM-05:00 PM', '08:00 AM-05:00 PM', '08:00 AM-08:00 AM', '08:00 AM-05:00 PM', '', '', 'hradmintesting', '2024-07-04 10:58'),
	(64, '11', 'Hsu Yee', '2024-07-04', 'Brand & Sales Management', 'Sales Executive', 0, '1995-05-14', '7/KaKaNa(N)123456', 1, 0, '', '1234@gmail.com', '', '', '2024.07.04.13.10.55.jpg', '2024.07.04.13.10.55.PNG', 0, '08:00 AM-05:00 PM', '08:00 AM-05:00 PM', '08:00 AM-05:00 PM', '08:00 AM-08:00 AM', '08:00 AM-05:00 PM', '', '', 'hradmintesting', '2024-07-04 13:10'),
	(65, '12', 'Phoo ', '2024-07-04', 'Brand & Sales Management', 'Sales Executive', 0, '1998-02-05', '', 1, 0, '', '1234@gmail.com', '', '', '2024.07.04.14.09.59.jpg', '2024.07.04.14.09.59.PNG', 0, '08:00 AM-05:00 PM', '08:00 AM-05:00 PM', '08:00 AM-05:00 PM', '08:00 AM-08:00 AM', '08:00 AM-05:00 PM', '', '', 'hradmintesting', '2024-07-04 14:09'),
	(66, '12', 'Abcde', '2024-07-04', 'Brand & Sales Management', 'Sales Executive', 0, '1997-03-11', '', 1, 0, '', '123@gmail.com', '', '', '2024.07.04.14.17.05.jpg', '2024.07.04.14.17.05.jpg', 0, '08:00 AM-05:00 PM', '08:00 AM-05:00 PM', '08:00 AM-05:00 PM', '08:00 AM-08:00 AM', '08:00 AM-03:00 PM', '', '', 'hradmintesting', '2024-07-04 14:17'),
	(67, '12', 'Aye Su', '2024-07-04', 'Brand & Sales Management', 'Sales Executive', 0, '1998-04-11', '10/KaMaYa(N)123456', 1, 0, '', '123@gmail.com', '', '', '2024.07.04.14.24.49.jpg', '2024.07.04.14.24.49.jpg', 0, '08:00 AM-05:00 PM', '08:00 AM-05:00 PM', '08:00 AM-05:00 PM', '08:00 AM-08:00 AM', '08:00 AM-03:00 PM', '', '', 'hradmintesting', '2024-07-04 14:24'),
	(68, '13', 'Su Su win', '2024-07-04', 'Brand & Sales Management', 'Sales Executive', 0, '1998-05-06', '12/AhLaNa(N)123456', 1, 0, '', '123@gmail.com', '', '', '2024.07.04.14.36.47.jpg', '2024.07.04.14.36.47.jpg', 0, '08:00 AM-05:00 PM', '08:00 AM-05:00 PM', '08:00 AM-05:00 PM', '08:00 AM-08:00 AM', '08:00 AM-05:00 PM', '', '', 'hradmintesting', '2024-07-04 14:36'),
	(69, '14', 'Ma Win Win Htay', '2024-07-04', 'Brand & Sales Management', 'Sales Executive', 0, '2000-04-09', '4/HtaTaLa(N)12345', 1, 0, '', '123@gmail.com', '', '', '2024.07.04.14.43.26.jpg', '2024.07.04.14.43.26.jpg', 0, '08:00 AM-05:00 PM', '08:00 AM-05:00 PM', '08:00 AM-05:00 PM', '08:00 AM-08:00 AM', '08:00 AM-05:00 PM', '', '', 'hradmintesting', '2024-07-04 14:43'),
	(70, '13', 'Aye Myat Khine', '2024-07-05', 'Brand & Sales Management', 'Sales Executive', 0, '1997-05-16', '10/KaMaYa(N)123456', 1, 0, '', '123@gmail.com', '', '', '2024.07.05.09.00.38.jpg', '2024.07.05.09.00.38.PNG', 0, '08:00 AM-05:00 PM', '08:00 AM-05:00 PM', '08:00 AM-05:00 PM', '08:00 AM-08:00 AM', '08:00 AM-05:00 PM', '', '', 'hradmintesting', '2024-07-05 09:00'),
	(71, '14', 'chaw ', '2024-07-07', 'Brand & Sales Management', 'Sales Executive', 0, '1997-03-06', '12/KaTaNa(N)123456', 1, 0, '', '123@gmail.com', '', '', '2024.07.07.19.58.33.jpg', '2024.07.07.19.58.33.jpg', 0, '08:00 AM-05:00 PM', '08:00 AM-05:00 PM', '08:00 AM-05:00 PM', '08:00 AM-08:00 AM', '08:00 AM-05:00 PM', '', '', 'hradmintesting', '2024-07-07 19:58'),
	(72, '15', 'Aye Su Myat', '2024-07-09', 'Brand & Sales Management', 'Sales Executive', 0, '1998-02-13', '', 1, 0, '', '12@gmail.com', '', '', '2024.07.09.13.54.16.jpg', '2024.07.09.13.54.16.jpg', 0, '08:00 AM-05:00 PM', '08:00 AM-05:00 PM', '08:00 AM-05:00 PM', '08:00 AM-08:00 AM', '08:00 AM-05:00 PM', '', '', 'hradmintesting', '2024-07-09 13:54'),
	(73, '16', 'Aye Mya', '2024-07-09', 'Brand & Sales Management', 'Sales Executive', 0, '1999-03-13', '', 0, 0, '', '12345@gmail.com', '', '', '2024.07.09.13.56.48.jpg', '2024.07.09.13.56.48.jpg', 0, '08:00 AM-05:00 PM', '08:00 AM-05:00 PM', '08:00 AM-05:00 PM', '08:00 AM-08:00 AM', '08:00 AM-05:00 PM', '', '', 'hradmintesting', '2024-07-09 13:56'),
	(74, '17', 'Wai Wai', '2024-07-09', 'Brand & Sales Management', 'Sales Executive', 0, '1998-06-14', '12/KaMaTa(N)987987', 1, 0, '', '123@gmail.com', '', '', '2024.07.09.13.58.49.jpg', '2024.07.09.13.58.49.jpg', 0, '08:00 AM-05:00 PM', '08:00 AM-05:00 PM', '08:00 AM-05:00 PM', '08:00 AM-08:00 AM', '08:00 AM-05:00 PM', '', '', 'hradmintesting', '2024-07-09 13:58'),
	(75, '16', 'May Hsu', '2024-07-09', 'Brand & Sales Management', 'Sales Executive', 0, '1997-04-10', '12/KaKaKa(N)123456', 1, 1, '', 'abc@gmail.com', '', '', '2024.07.09.14.07.04.jpg', '2024.07.09.14.07.04.jpg', 0, '08:00 AM-05:00 PM', '08:00 AM-05:00 PM', '08:00 AM-05:00 PM', '08:00 AM-08:00 AM', '08:00 AM-05:00 PM', '', '', 'hradmintesting', '2024-07-09 14:07'),
	(76, '17', 'Mya', '2024-07-09', 'Brand & Sales Management', 'Sales Executive', 0, '1999-04-15', '', 0, 0, '', '123@gmail.com', '', '', '2024.07.09.16.06.59.jpg', '2024.07.09.16.06.59.jpg', 0, '08:00 AM-05:00 PM', '08:00 AM-05:00 PM', '08:00 AM-05:00 PM', '08:00 AM-08:00 AM', '08:00 AM-05:00 PM', '', '', 'hradmintesting', '2024-07-09 16:06'),
	(77, '18', 'AA', '2024-07-09', 'Brand & Sales Management', 'Sales Executive', 0, '', '', 0, 0, '', '123@gmail.com', '', '', '2024.07.09.16.18.13.jpg', '2024.07.09.16.18.13.jpg', 0, '08:00 AM-05:00 PM', '08:00 AM-05:00 PM', '08:00 AM-05:00 PM', '08:00 AM-08:00 AM', '08:00 AM-05:00 PM', '08:00 AM-05:00 PM', '08:00 AM-05:00 PM', 'hradmintesting', '2024-07-09 16:18'),
	(78, 'asd', 'dsa', '2024-07-09', 'Brand & Sales Management', 'Dealer Development AM', 0, '2022-03-03', '4/KaKhaNa(P)1241', 0, 0, '', 'asdasda@gmail.com', '', '', '2024.07.09.18.42.13.png', '2024.07.09.18.42.13.png', 0, '08:00 AM-05:00 PM', '08:00 AM-05:00 PM', '08:00 AM-05:00 PM', '08:00 AM-08:00 AM', '08:00 AM-05:00 PM', '08:00 AM-05:00 PM', '08:00 AM-05:00 PM', 'hradmintesting', '2024-07-09 18:42'),
	(79, 'asd', 'asda', '2024-07-09', 'Aftersales Management', 'CRM Executive', 0, '2022-02-02', '1/BaMaNa(N)121212', 1, 0, '', 'aaaa@gmail.com', '', '', '2024.07.09.18.44.33.jpg', '2024.07.09.18.44.33.jpg', 0, '08:00 AM-05:00 PM', '08:00 AM-05:00 PM', '08:00 AM-05:00 PM', '08:00 AM-08:00 AM', '08:00 AM-05:00 PM', '08:00 AM-05:00 PM', '08:00 AM-05:00 PM', 'hradmintesting', '2024-07-09 18:44'),
	(80, '31231', 'asdasda', '2024-07-09', 'Finance', 'Chief Accountant', 0, '2021-03-02', '1/BaMaNa(A)124124', 0, 0, '', 'aasscc@gmail.com', '', '', '2024.07.09.18.45.54.jpg', '2024.07.09.18.45.54.jpg', 0, '08:00 AM-05:00 PM', '08:00 AM-05:00 PM', '08:00 AM-05:00 PM', '08:00 AM-08:00 AM', '08:00 AM-05:00 PM', '08:00 AM-05:00 PM', '08:00 AM-05:00 PM', 'hradmintesting', '2024-07-09 18:45'),
	(81, '19', 'Zar', '2024-07-09', 'Brand & Sales Management', 'Sales Executive', 0, '1999-07-10', '6/PaKaMa(N)987987', 1, 0, '09250035045', '123@gmail.com', 'ygn', 'ygn', '2024.07.09.21.46.53.jpg', '2024.07.09.21.46.53.jpg', 0, '08:00 AM-05:00 PM', '08:00 AM-05:00 PM', '08:00 AM-05:00 PM', '08:00 AM-08:00 AM', '08:00 AM-05:00 PM', '08:00 AM-05:00 PM', '08:00 AM-05:00 PM', 'hradmintesting', '2024-07-09 21:46'),
	(82, '18', 'Hsu Yie', '2024-07-10', 'Brand & Sales Management', 'Sales Executive', 0, '1999-04-15', '12/KaTaNa(N)123456', 1, 0, '09250035045', '1234@gmail.com', 'Ygn', 'Ygn', '2024.07.10.13.49.14.jpg', '2024.07.10.13.49.14.jpg', 0, '08:00 AM-05:00 PM', '08:00 AM-05:00 PM', '08:00 AM-05:00 PM', '08:00 AM-08:00 AM', '08:00 AM-05:00 PM', '', '', 'hradmintesting', '2024-07-10 13:49'),
	(83, '19', 'Mya Kyaing', '2024-07-10', 'Brand & Sales Management', 'Brand Manager', 0, '1998-05-15', '12/KaTaNa(N)123456', 0, 0, '09250035045', '123@gmail.com', 'Ygn', 'Ygn', '2024.07.10.13.51.21.jpg', '2024.07.10.13.51.21.jpg', 0, '08:00 AM-05:00 PM', '08:00 AM-05:00 PM', '08:00 AM-05:00 PM', '08:00 AM-08:00 AM', '08:00 AM-05:00 PM', '08:00 AM-05:00 PM', '08:00 AM-05:00 PM', 'hradmintesting', '2024-07-10 13:51'),
	(84, '20', 'Su Su', '2024-07-10', 'Brand & Sales Management', 'Brand Manager', 0, '1998-08-11', '12/KaTaNa(N)123456', 1, 0, '09250035045', '123@gmail.com', 'Ygn', 'Ygn', '2024.07.10.13.53.45.jpg', '2024.07.10.13.53.45.jpg', 0, '08:00 AM-05:00 PM', '08:00 AM-05:00 PM', '08:00 AM-05:00 PM', '08:00 AM-08:00 AM', '08:00 AM-05:00 PM', '08:00 AM-05:00 PM', '08:00 AM-05:00 PM', 'hradmintesting', '2024-07-10 13:53'),
	(85, '21', 'Hsu Myat', '2024-07-10', 'Brand & Sales Management', 'Brand Manager', 0, '1998-03-08', '12/KaTaNa(N)123456', 0, 0, '09250035045', '123@gmail.com', 'Ygn', 'Ygn', '2024.07.10.14.06.59.jpg', '2024.07.10.14.06.59.jpg', 0, '08:00 AM-05:00 PM', '08:00 AM-05:00 PM', '08:00 AM-05:00 PM', '08:00 AM-08:00 AM', '08:00 AM-05:00 PM', '', '', 'hradmintesting', '2024-07-10 14:06'),
	(86, '101', 'Yie ', '2024-07-11', 'Brand & Sales Management', 'Sales Executive', 0, '1999-08-10', '12/KaTaNa(N)123457', 0, 0, '09250035060', '123@gmail.com', 'Ygn', 'Ygn', '2024.07.11.11.27.59.jpg', '2024.07.11.11.27.59.jpg', 0, '08:00 AM-05:00 PM', '08:00 AM-05:00 PM', '08:00 AM-05:00 PM', '08:00 AM-08:00 AM', '08:00 AM-05:00 PM', '', '', 'hradmintesting', '2024-07-11 11:27'),
	(87, '102', 'AA', '2024-07-11', 'Brand & Sales Management', 'Sales Executive', 0, '1999-03-06', '12/KaTaNa(N)123458', 0, 0, '09250035042', '123@gmail.com', 'Ygn', 'Ygn', '2024.07.11.11.31.26.PNG', '2024.07.11.11.31.26.PNG', 0, '08:00 AM-05:00 PM', '08:00 AM-05:00 PM', '08:00 AM-05:00 PM', '08:00 AM-08:00 AM', '08:00 AM-05:00 PM', '', '', 'hradmintesting', '2024-07-11 11:31'),
	(88, '103', 'Mya ', '2024-07-11', 'Brand & Sales Management', 'Sales Executive', 0, '1998-03-09', '12/KaTaNa(N)123459', 0, 0, '092250035042', '123@gmail.com', 'ygn\n', 'Ygn', '2024.07.11.11.38.02.jpg', '2024.07.11.11.38.02.PNG', 0, '08:00 AM-05:00 PM', '08:00 AM-05:00 PM', '08:00 AM-05:00 PM', '08:00 AM-08:00 AM', '08:00 AM-05:00 PM', '', '', 'hradmintesting', '2024-07-11 11:38');
/*!40000 ALTER TABLE `staff` ENABLE KEYS */;

-- Dumping structure for table geely_db1.staff_bk
DROP TABLE IF EXISTS `staff_bk`;
CREATE TABLE IF NOT EXISTS `staff_bk` (
  `id` int(11) NOT NULL AUTO_INCREMENT,
  `card_no` varchar(50) NOT NULL DEFAULT '',
  `name` varchar(150) DEFAULT '',
  `join_date` varchar(50) DEFAULT '',
  `department` varchar(150) DEFAULT '',
  `position` varchar(150) DEFAULT '',
  `sa_id` int(11) NOT NULL DEFAULT 0,
  `dob` varchar(20) DEFAULT '',
  `nrc_no` varchar(50) DEFAULT '',
  `gender` tinyint(1) NOT NULL DEFAULT 0,
  `marital_status` tinyint(4) NOT NULL DEFAULT 0,
  `phone` varchar(50) DEFAULT '',
  `email` varchar(50) DEFAULT '',
  `contact_address` varchar(255) DEFAULT '',
  `permanent_address` varchar(255) DEFAULT '',
  `signature` varchar(100) DEFAULT '',
  `id_card` varchar(100) DEFAULT '',
  `reporting_to_id` int(11) NOT NULL DEFAULT 0,
  `wt_monday` varchar(100) DEFAULT '',
  `wt_tuesday` varchar(100) DEFAULT '',
  `wt_wednesday` varchar(100) DEFAULT '',
  `wt_thursday` varchar(100) DEFAULT '',
  `wt_friday` varchar(100) DEFAULT '',
  `wt_saturday` varchar(100) DEFAULT '',
  `wt_sunday` varchar(100) DEFAULT '',
  `entry_by` varchar(100) DEFAULT '',
  `entry_date_time` varchar(25) DEFAULT '',
  PRIMARY KEY (`id`) USING BTREE
) ENGINE=MyISAM AUTO_INCREMENT=91 DEFAULT CHARSET=utf8mb4 COLLATE=utf8mb4_unicode_ci ROW_FORMAT=DYNAMIC;

-- Dumping data for table geely_db1.staff_bk: 61 rows
/*!40000 ALTER TABLE `staff_bk` DISABLE KEYS */;
INSERT INTO `staff_bk` (`id`, `card_no`, `name`, `join_date`, `department`, `position`, `sa_id`, `dob`, `nrc_no`, `gender`, `marital_status`, `phone`, `email`, `contact_address`, `permanent_address`, `signature`, `id_card`, `reporting_to_id`, `wt_monday`, `wt_tuesday`, `wt_wednesday`, `wt_thursday`, `wt_friday`, `wt_saturday`, `wt_sunday`, `entry_by`, `entry_date_time`) VALUES
	(24, '', 'Sale Executive 4', '2020-12-24', 'Brand & Sales Management', 'Sales Executive', 0, '--', '', 0, 0, '', '', '', '', '', '', 0, '', '', '', '', '', '', '', '', ''),
	(23, '', 'Sale Executive 3', '2020-12-24', 'Brand & Sales Management', 'Sales Executive', 0, '--', '', 0, 0, '', '', '', '', '', '', 0, '', '', '', '', '', '', '', '', ''),
	(22, '', 'Sale Executive 2', '2020-12-24', 'Brand & Sales Management', 'Sales Executive', 0, '--', '', 0, 0, '', '', '', '', '', '', 0, '', '', '', '', '', '', '', '', ''),
	(39, '', 'Ko Myat Min Ko', '2021-01-27', 'Brand & Sales Management', 'Showroom Manager', 0, '--', '', 0, 0, '', '', '', '', '', '', 0, '', '', '', '', '', '', '', '', ''),
	(7, '', 'Ma Shoon Lai Tin Win', '2020-12-02', 'Brand & Sales Management', 'Brand Manager', 0, '--', '', 1, 0, '090000000', '', '', '', '', '', 0, '', '', '', '', '', '', '', '', ''),
	(19, '', 'U Khin Tun', '2020-12-13', 'Brand & Sales Management', 'Admin', 0, '--', '', 0, 0, '', '', '', '', '', '', 0, '', '', '', '', '', '', '', '', ''),
	(20, '', 'Idris Ong', '2020-12-13', 'Brand & Sales Management', 'Admin', 0, '--', '', 0, 0, '', '', '', '', '', '', 0, '', '', '', '', '', '', '', '', ''),
	(18, '', 'Ko Kyaw Swar Myint', '2020-12-10', 'Brand & Sales Management', 'Service Manager', 0, '--', '', 0, 0, '', '', '', '', '', '', 0, '', '', '', '', '', '', '', '', ''),
	(11, '', 'Ko Thiha', '2020-12-10', 'Brand & Sales Management', 'Sales Executive', 0, '--', '', 0, 0, '', '', '', '', '', '', 0, '', '', '', '', '', '', '', '', ''),
	(12, '', 'Ko Zay Myo', '2020-12-10', 'Brand & Sales Management', 'Sales Executive', 0, '--', '', 0, 0, '', '', '', '', '', '', 0, '', '', '', '', '', '', '', '', ''),
	(13, '', 'Ma Su Naing Tun', '2020-12-10', 'Brand & Sales Management', 'Sales Executive', 0, '--', '', 1, 0, '', '', '', '', '', '', 0, '', '', '', '', '', '', '', '', ''),
	(14, '', 'Ma Chit Chit Tun', '2020-12-10', 'Brand & Sales Management', 'Sales Executive', 0, '--', '', 1, 0, '', '', '', '', '', '', 0, '', '', '', '', '', '', '', '', ''),
	(15, '', 'K Zar Chan Nyein', '2020-12-10', 'Brand & Sales Management', 'Sales Executive', 0, '--', '', 1, 0, '', '', '', '', '', '', 0, '', '', '', '', '', '', '', '', ''),
	(16, '', 'Ma Soe Mon Oo', '2020-12-10', 'Finance', 'Finance Manager', 0, '--', '', 1, 0, '', '', '', '', '', '', 0, '', '', '', '', '', '', '', '', ''),
	(17, '', 'Ma Aye Aye Soe', '2020-12-10', 'Brand & Sales Management', 'Logistic Manager', 0, '--', '', 1, 0, '', '', '', '', '', '', 0, '', '', '', '', '', '', '', '', ''),
	(25, '', 'Ma Moh Moh Aye', '2020-12-26', 'Brand & Sales Management', 'Sales Executive', 47, '--', '', 1, 0, '', '', '', '', '', '', 0, '', '', '', '', '', '', '', '', ''),
	(26, '', 'Kyaw Win Tun', '2021-01-04', 'Brand & Sales Management', 'Sales Executive', 0, '--', '', 0, 0, '', '', '', '', '', '', 0, '', '', '', '', '', '', '', '', ''),
	(27, '', 'Thiha Aung', '2021-01-04', 'Brand & Sales Management', 'Sales Executive', 0, '--', '', 0, 0, '', '', '', '', '', '', 0, '', '', '', '', '', '', '', '', ''),
	(28, '', 'Wai Lu Aung', '2021-01-04', 'Brand & Sales Management', 'Sales Executive', 0, '--', '', 0, 0, '', '', '', '', '', '', 0, '', '', '', '', '', '', '', '', ''),
	(29, '', 'Kaung Khant Htet', '2021-01-06', 'Brand & Sales Management', 'Sales Executive', 0, '--', '', 0, 0, '', '', '', '', '', '', 0, '', '', '', '', '', '', '', '', ''),
	(30, '', 'Thi Ha', '2021-01-06', 'Brand & Sales Management', 'Sales Executive', 0, '--', '', 0, 0, '', '', '', '', '', '', 0, '', '', '', '', '', '', '', '', ''),
	(31, '', 'Thar Htet Han', '2021-01-06', 'Brand & Sales Management', 'Sales Executive', 0, '--', '', 1, 0, '', '', '', '', '', '', 0, '', '', '', '', '', '', '', '', ''),
	(32, '', 'Wai Yan Lin', '2021-01-06', 'Brand & Sales Management', 'Sales Executive', 0, '--', '', 0, 0, '', '', '', '', '', '', 0, '', '', '', '', '', '', '', '', ''),
	(33, '', 'Hnin Eaindra Naing', '2021-01-06', 'Brand & Sales Management', 'Sales Executive', 0, '--', '', 1, 0, '', '', '', '', '', '', 0, '', '', '', '', '', '', '', '', ''),
	(34, '', 'Ko Khant Nyar Zaw', '2021-01-14', 'Brand & Sales Management', 'Sales Executive', 0, '--', '', 0, 0, '', '', '', '', '', '', 0, '', '', '', '', '', '', '', '', ''),
	(35, '', 'Ko Wai Phyo Oo', '2021-01-19', 'Brand & Sales Management', 'Sales Executive', 0, '--', '', 0, 0, '', '', '', '', '', '', 0, '', '', '', '', '', '', '', '', ''),
	(36, '', 'Aung Thura', '2021-01-20', 'Brand & Sales Management', 'Service Manager', 0, '--', '', 0, 0, '', '', '', '', '', '', 0, '', '', '', '', '', '', '', '', ''),
	(40, '', 'Ma Khin Moh Moh Kyaw', '2021-01-27', 'Brand & Sales Management', 'Sales Executive', 0, '--', '', 1, 0, '', '', '', '', '', '', 0, '', '', '', '', '', '', '', '', ''),
	(42, '', 'Ko Pai Soe Ko', '2021-01-31', 'Brand & Sales Management', 'Showroom Manager', 0, '--', '', 0, 0, '', '', '', '', '', '', 0, '', '', '', '', '', '', '', '', ''),
	(41, '', 'Naing Myo Win', '2021-01-27', 'Brand & Sales Management', 'Sales Executive', 0, '--', '', 0, 0, '', '', '', '', '', '', 0, '', '', '', '', '', '', '', '', ''),
	(43, '', 'Chiang Teng Boo', '2021-11-30', 'Brand & Sales Management', 'Sales Executive', 0, '--', '', 0, 0, '', '', '', '', '', '', 0, '', '', '', '', '', '', '', '', ''),
	(44, '', 'Kyaw Zin Wynn', '2021-11-30', 'Sales', '', 0, '--', '', 0, 0, '', '', '', '', '', '', 0, '', '', '', '', '', '', '', '', ''),
	(45, '', 'Super Admin', '2022-01-21', 'Sales', '', 0, '--', '', 0, 0, '', '', '', '', '', '', 0, '', '', '', '', '', '', '', '', ''),
	(47, '', 'PAL Sales Admin', '', 'Brand & Sales Management', 'Sales Admin', 0, '', '', 0, 0, '', '', '', '', '', '', 0, '', '', '', '', '', '', '', '', ''),
	(48, '', 'PAL Sales Manager', '', 'Brand & Sales Management', 'Sales Manager', 0, '', '', 0, 0, '', '', '', '', '', '', 0, '', '', '', '', '', '', '', '', ''),
	(62, 'test1', 'dd', '2023-01-23', 'Aftersales Management', 'CRM Executive', 0, '2023-01-01', '2/LaKaNa(A)121425', 0, 0, '123', 'dd@gmail.com', '123', '213', '2023.04.19.15.07.10.png', '2023.04.19.15.07.10.png', 0, '08:00 AM-05:00 PM', '08:00 AM-05:00 PM', '08:00 AM-05:00 PM', '08:00 AM-05:00 PM', '08:00 AM-05:00 PM', '08:00 AM-05:00 PM', '08:00 AM-05:00 PM', 'cluspedia', '2023-04-19 15:07'),
	(61, 'AAA001113', 'Pa Pa', '2023-01-23', 'Brand & Sales Management', 'Sales Executive', 0, '2022-02-03', '3/BaAhNa(N)111111', 1, 0, '09874652', 'papa@gmail.com', 'address testing', 'add test', './signature/2023.01.27.09.57.06.jpg', './id_card/2023.01.27.09.57.06.jpg', 0, '08:00 AM-05:00 PM', '08:00 AM-05:00 PM', '08:00 AM-05:00 PM', '08:00 AM-05:00 PM', '08:00 AM-05:00 PM', '', '', 'cluspedia', '2023-01-27 09:57'),
	(63, '', 'test123', '2023-01-23', 'Marketing', 'Marketing Executive', 0, '2023-02-04', '3/BaGaLa(P)123242', 0, 0, '123241', 'dddd', 'dddd', '', '', '', 0, '08:00 AM-05:00 PM', '08:00 AM-05:00 PM', '08:00 AM-05:00 PM', '08:00 AM-05:00 PM', '08:00 AM-05:00 PM', '08:00 AM-05:00 PM', '08:00 AM-05:00 PM', 'cluspedia', '2023-01-26 23:17'),
	(64, 'AAA000003', 'test', '2023-01-23', 'Finance', 'Faw Finance', 0, '2022-02-03', '9/MaHtaLa(P)123456', 0, 0, '', '', '', '', '', '', 0, '08:00 AM-05:00 PM', '08:00 AM-05:00 PM', '08:00 AM-05:00 PM', '08:00 AM-05:00 PM', '08:00 AM-05:00 PM', '08:00 AM-05:00 PM', '08:00 AM-05:00 PM', 'cluspedia', '2023-01-23 10:20'),
	(73, 'AAA001115', 'apple', '2023-01-04', 'Service', 'Jr Texhnician', 0, '2015-10-08', '11/MaOuNa(P)123456', 1, 0, '', '', '', '', '', '', 0, '08:00 AM-05:00 PM', '08:00 AM-05:00 PM', '08:00 AM-05:00 PM', '08:00 AM-05:00 PM', '08:00 AM-05:00 PM', '08:00 AM-05:00 PM', '08:00 AM-05:00 PM', 'cluspedia', '2023-01-26 23:31'),
	(66, 'AAA000002', 'TEST', '2023-01-23', 'Aftersales Management', 'CRM Executive', 0, '2023-02-02', '1/AhGaYa(N)123456', 0, 0, '', '', '', '', '', '', 0, '08:00 AM-05:00 PM', '08:00 AM-05:00 PM', '08:00 AM-05:00 PM', '08:00 AM-05:00 PM', '08:00 AM-05:00 PM', '08:00 AM-05:00 PM', '08:00 AM-05:00 PM', 'cluspedia', '2023-03-28 16:41'),
	(67, 'AAA000004', 'ddddd', '2023-01-23', 'Brand & Sales Management', 'Cashier', 0, '2022-02-01', '2/BaLaKha(N)123456', 0, 0, '', '', '', '', '', '', 0, '08:00 AM-05:00 PM', '08:00 AM-05:00 PM', '08:00 AM-05:00 PM', '08:00 AM-05:00 PM', '08:00 AM-05:00 PM', '08:00 AM-05:00 PM', '08:00 AM-05:00 PM', 'cluspedia', '2023-01-23 15:19'),
	(68, 'AAA000006', 'Test_Phyu Phyu', '2023-01-23', 'Aftersales Management', 'CRM Executive', 0, '1986-01-03', '1/LaGaNa(N)898989', 1, 1, '091234567', 'phyuphyu@gmail.com', 'Testing Address', 'Testing Address', '', '', 0, '08:00 AM-05:00 PM', '08:00 AM-05:00 PM', '08:00 AM-05:00 PM', '08:00 AM-05:00 PM', '08:00 AM-05:00 PM', '08:00 AM-05:00 PM', '08:00 AM-05:00 PM', 'cluspedia', '2023-01-23 15:53'),
	(74, 'AAA001117', '123', '2022-11-29', 'PAL Management - HO', 'Chief Executive Officer', 0, '2014-08-09', '10/ThaPhaYa(A)333333', 1, 0, '', '', '', '', '', '', 0, '08:00 AM-05:00 PM', '08:00 AM-05:00 PM', '08:00 AM-05:00 PM', '08:00 AM-05:00 PM', '08:00 AM-05:00 PM', '08:00 AM-05:00 PM', '08:00 AM-05:00 PM', 'cluspedia', '2023-01-26 23:40'),
	(70, 'AAA001112', 'Test_June', '2023-01-24', 'Finance', 'Geely Finance', 0, '1993-01-02', '2/DaMaSa(N)999999', 0, 0, '0978892354', 'testjune@gmail.com', 'testing', 'testing', NULL, NULL, 0, '08:00 AM-05:00 PM', '08:00 AM-05:00 PM', '08:00 AM-05:00 PM', '08:00 AM-05:00 PM', '08:00 AM-05:00 PM', '', '', 'cluspedia', '2023-01-27 10:30'),
	(71, 'AAA001114', 'test', '2023-01-26', 'Brand & Sales Management', 'Cleaner', 0, '2022-02-01', '2/BaLaKha(N)123421', 0, 0, '', '', '', '', '', '', 0, '08:00 AM-05:00 PM', '08:00 AM-05:00 PM', '08:00 AM-05:00 PM', '08:00 AM-05:00 PM', '08:00 AM-05:00 PM', '08:00 AM-05:00 PM', '08:00 AM-05:00 PM', 'cluspedia', '2023-01-26 23:04'),
	(72, 'AAA001116', 'apple', '2023-01-26', 'Brand & Sales Management', 'Cashier', 0, '2023-01-01', '1/AhGaYa(N)123241', 0, 0, '', '', '', '', '', '', 0, '08:00 AM-05:00 PM', '08:00 AM-05:00 PM', '08:00 AM-05:00 PM', '08:00 AM-05:00 PM', '08:00 AM-05:00 PM', '08:00 AM-05:00 PM', '08:00 AM-05:00 PM', 'cluspedia', '2023-01-26 23:39'),
	(75, 'AAA001118', 'testapp', '2023-01-04', 'Finance', 'Chief Accountant', 0, '2021-02-02', '2/LaKaNa(N)555555', 1, 0, '', '', '', '', '2023.01.31.01.17.04.jpg', '2023.01.31.01.17.04.PNG', 0, '08:00 AM-05:00 PM', '08:00 AM-05:00 PM', '08:00 AM-05:00 PM', '08:00 AM-05:00 PM', '08:00 AM-05:00 PM', '08:00 AM-05:00 PM', '08:00 AM-05:00 PM', 'cluspedia', '2023-01-31 01:17'),
	(76, 'AAA001119', 'Ko Zaw Zaw', '2022-12-15', 'Service', 'Service Advisor', 0, '2021-09-08', '10/MaDaNa(A)111111', 1, 0, '', '', '', '', '2023.01.31.01.18.58.jpg', '2023.01.31.01.18.24.PNG', 0, '08:00 AM-05:00 PM', '08:00 AM-05:00 PM', '08:00 AM-05:00 PM', '08:00 AM-05:00 PM', '08:00 AM-05:00 PM', '08:00 AM-05:00 PM', '08:00 AM-05:00 PM', 'cluspedia', '2023-01-31 01:18'),
	(77, 'AAA001120', 'Jay Jay', '2022-11-22', 'Aftersales Management', 'Parts Supervisor', 0, '1985-01-01', '1/AhGaYa(N)777777', 1, 0, '09686778', 'jay@gmail.com', 'testing', 'testing', '2023.01.31.16.15.13.jpg', '2023.01.31.16.15.13.jpg', 0, '08:00 AM-05:00 PM', '08:00 AM-05:00 PM', '08:00 AM-05:00 PM', '08:00 AM-05:00 PM', '08:00 AM-05:00 PM', '08:00 AM-05:00 PM', '08:00 AM-05:00 PM', 'cluspedia', '2023-01-31 16:15'),
	(78, 'AAA001121', 'Kay Kay_test', '2021-03-03', 'Finance', 'Geely Finance', 0, '1985-02-02', '1/AhGaYa(N)222222', 1, 0, '098795423', 'kay@gmail.com', 'test', 'test', '2023.02.06.14.16.57.jpg', '2023.02.06.14.16.57.jpg', 0, '08:00 AM-05:00 PM', '08:00 AM-05:00 PM', '08:00 AM-05:00 PM', '08:00 AM-05:00 PM', '08:00 AM-05:00 PM', '', '', 'cluspedia', '2023-02-06 14:16'),
	(79, '', 'Ko Zaw Zaw', '2020-01-01', 'Service', 'Technician', 0, '', '', 0, 0, '', '', '', '', '', '', 0, '', '', '', '', '', '', '', '', ''),
	(80, '', 'Ko Tun Lin', '2020-01-01', 'Service', 'Technician', 0, '', '', 0, 0, '', '', '', '', '', '', 0, '', '', '', '', '', '', '', '', ''),
	(81, '', 'Ko Nyi Nyi', '2020-01-01', 'Service', 'Technician', 0, '', '', 0, 0, '', '', '', '', '', '', 0, '', '', '', '', '', '', '', '', ''),
	(82, 'AAA001122', 'TEST ', '2022-09-12', 'Finance', 'Faw Finance', 0, '2000-08-30', '12/PaZaTa(N)121212', 0, 0, 'TESTTETESTESTATE', 'ETSSTETT', 'TEST', 'TEST', '', '', 0, '08:00 AM-06:00 AM', '08:00 AM-05:00 PM', '08:00 AM-05:00 PM', '08:00 AM-05:00 PM', '08:00 AM-05:00 PM', '08:00 AM-05:00 PM', '08:00 AM-05:00 PM', 'cluspedia', '2023-03-28 14:33'),
	(83, 'AAA001123', 'rehdfshsd', '', '', '', 0, '--', '1/AhGaYa(N)436436', 1, 0, '', 'fa@gmail.com', '', '', '2023.04.03.09.10.37.png', '2023.04.03.09.10.37.png', 0, '08:00 AM-05:00 PM', '08:00 AM-05:00 PM', '08:00 AM-05:00 PM', '08:00 AM-05:00 PM', '08:00 AM-05:00 PM', '08:00 AM-05:00 PM', '08:00 AM-05:00 PM', 'cluspedia', '2023-04-03 09:10'),
	(84, 'AAA001124', 'TEST', '2023-04-05', 'HR & Admin', 'HR & Admin Executive', 0, '1992-06-29', '10/MaLaMa(N)212134', 0, 0, '09778865497', 'gmail@gmail.com', 'Guest House ', 'Good House\n', '2023.04.04.14.50.15.png', '2023.04.04.14.50.15.png', 0, '', '', '', '', '', '', '', 'cluspedia', '2023-04-04 14:50'),
	(85, '', 'Test', '2023-04-04', 'HR & Admin', 'IT Supervisor', 0, '1999-08-29', '9/KhaMaSa(N)121232', 0, 0, '09778865497', 'email@gmail.com', 'Contact me', 'Contact me', '2023.04.04.14.56.15.png', '2023.04.04.14.56.15.png', 0, '', '', '', '', '', '', '', 'cluspedia', '2023-04-04 14:56'),
	(87, 'G00010', 'Yin Nwe Myint', '2023-06-01', 'Brand & Sales Management', 'Cashier', 0, '1993-01-01', '1/AhGaYa(N)120340', 1, 0, '09238393939', 'yinnwe@gmail.com', 'Taunggyi', 'Yangon', '2023.06.09.19.03.39.jpg', '2023.06.09.19.03.39.jpg', 39, '08:00 AM-05:00 PM', '08:00 AM-05:00 PM', '08:00 AM-05:00 PM', '08:00 AM-08:00 AM', '08:00 AM-05:00 PM', '08:00 AM-01:00 PM', '', 'hr_admin', '2023-06-09 19:22'),
	(88, 'G00011', 'Zwe Ya Tu', '2023-06-10', 'SCM & Import & Logistics', 'SCM Manager', 0, '1993-01-01', '1/AhGaYa(N)120394', 0, 0, '09963245678', 'zweyatu@gmail.com', '', '', '2023.06.10.10.44.59.jpg', '2023.06.10.10.44.59.jpg', 17, '08:00 AM-05:00 PM', '08:00 AM-05:00 PM', '08:00 AM-05:00 PM', '08:00 AM-08:00 AM', '08:00 AM-05:00 PM', '08:00 AM-05:00 PM', '', 'hr_admin', '2023-06-10 10:44'),
	(90, 'G00020', 'Min Min Myat', '2023-06-17', 'SCM & Import & Logistics', 'Operation Supervisor', 0, '1990-03-01', '2/BaLaKha(N)120938', 0, 1, '09229393578', 'mmm@gmail.com', '', '', '2023.06.17.12.31.33.jpg', '2023.06.17.12.31.33.jpg', 0, '08:00 AM-05:00 PM', '08:00 AM-05:00 PM', '08:00 AM-05:00 PM', '08:00 AM-08:00 AM', '08:00 AM-05:00 PM', '08:00 AM-05:00 PM', '', 'hr_admin', '2023-06-17 12:31');
/*!40000 ALTER TABLE `staff_bk` ENABLE KEYS */;

-- Dumping structure for table geely_db1.staff_sales_center
DROP TABLE IF EXISTS `staff_sales_center`;
CREATE TABLE IF NOT EXISTS `staff_sales_center` (
  `id` int(11) NOT NULL AUTO_INCREMENT,
  `staff_id` int(11) NOT NULL DEFAULT 0,
  `sales_center_id` int(11) NOT NULL DEFAULT 0,
  `sales_center` varchar(100) NOT NULL DEFAULT '',
  `entry_by` varchar(100) NOT NULL DEFAULT '',
  `entry_date_time` varchar(25) NOT NULL DEFAULT '',
  PRIMARY KEY (`id`)
) ENGINE=InnoDB AUTO_INCREMENT=42 DEFAULT CHARSET=utf8mb4 COLLATE=utf8mb4_unicode_ci;

-- Dumping data for table geely_db1.staff_sales_center: ~26 rows (approximately)
INSERT INTO `staff_sales_center` (`id`, `staff_id`, `sales_center_id`, `sales_center`, `entry_by`, `entry_date_time`) VALUES
	(2, 3, 4, 'Mandalay', 'hr_admin', '2023-06-20 11:18:33'),
	(9, 21, 6, 'Ygn Main Show Room', 'hr_admin', '2023-06-27 15:59:54'),
	(10, 21, 5, 'Junction Square', 'admin', '2023-06-28 09:58:09'),
	(11, 21, 7, 'Capital Hypermarket', 'hr_admin', '2023-06-28 10:00:09'),
	(13, 24, 8, 'Ever Thrive', 'hr_admin', '2023-06-28 10:20:28'),
	(14, 23, 4, 'Mandalay', 'hr_admin', '2023-07-04 14:03:05'),
	(15, 25, 4, 'Mandalay', 'hr_admin', '2023-07-04 14:03:55'),
	(16, 29, 6, 'Ygn Main Show Room', 'pskko', '2023-07-05 09:58:38'),
	(17, 41, 5, 'Junction Square', 'hr_admin', '2023-08-07 15:47:35'),
	(18, 39, 8, 'Ever Thrive', 'pskko', '2024-01-09 12:51:33'),
	(19, 24, 3, 'Geely Inspire Auto Mandalay Showroom', 'pskko', '2024-01-09 12:52:57'),
	(20, 42, 8, 'Ever Thrive', 'pskko', '2024-01-09 12:54:31'),
	(21, 3, 8, 'Ever Thrive', 'hradmintesting', '2024-06-12 10:07:40'),
	(25, 64, 7, 'Capital Hypermarket', 'hradmintesting', '2024-07-04 13:12:22'),
	(27, 67, 3, 'Geely Inspire Auto Mandalay Showroom', 'hradmintesting', '2024-07-04 14:25:36'),
	(28, 67, 8, 'Ever Thrive', 'hradmintesting', '2024-07-04 14:25:41'),
	(29, 68, 7, 'Capital Hypermarket', 'hradmintesting', '2024-07-04 14:37:32'),
	(30, 68, 3, 'Geely Inspire Auto Mandalay Showroom', 'hradmintesting', '2024-07-04 14:37:45'),
	(31, 69, 8, 'Ever Thrive', 'hradmintesting', '2024-07-04 14:44:20'),
	(32, 69, 4, 'Geely Inspire Auto Yangon Showroom', 'hradmintesting', '2024-07-04 14:44:32'),
	(33, 70, 1, 'Yangon Showroom', 'hradmintesting', '2024-07-05 09:02:59'),
	(35, 71, 7, 'Capital Hypermarket', 'hradmintesting', '2024-07-07 19:59:15'),
	(36, 75, 7, 'Capital Hypermarket', 'hradmintesting', '2024-07-09 14:09:50'),
	(37, 75, 3, 'Geely Inspire Auto Mandalay Showroom', 'hradmintesting', '2024-07-09 14:10:14'),
	(38, 61, 8, 'Ever Thrive', 'hradmintesting', '2024-07-09 16:21:00'),
	(39, 61, 3, 'Geely Inspire Auto Mandalay Showroom', 'hradmintesting', '2024-07-09 16:21:06'),
	(40, 81, 7, 'Capital Hypermarket', 'hradmintesting', '2024-07-09 21:47:38'),
	(41, 81, 3, 'Geely Inspire Auto Mandalay Showroom', 'hradmintesting', '2024-07-09 21:48:00');

-- Dumping structure for table geely_db1.staff_service_center
DROP TABLE IF EXISTS `staff_service_center`;
CREATE TABLE IF NOT EXISTS `staff_service_center` (
  `id` int(11) NOT NULL AUTO_INCREMENT,
  `staff_id` int(11) NOT NULL DEFAULT 0,
  `service_center_id` int(11) NOT NULL DEFAULT 0,
  `service_center` varchar(100) NOT NULL DEFAULT '',
  `store_name` varchar(100) NOT NULL DEFAULT '',
  `entry_by` varchar(100) NOT NULL DEFAULT '',
  `entry_date_time` varchar(25) NOT NULL DEFAULT '',
  PRIMARY KEY (`id`)
) ENGINE=InnoDB AUTO_INCREMENT=17 DEFAULT CHARSET=utf8mb4 COLLATE=utf8mb4_unicode_ci;

-- Dumping data for table geely_db1.staff_service_center: ~6 rows (approximately)
INSERT INTO `staff_service_center` (`id`, `staff_id`, `service_center_id`, `service_center`, `store_name`, `entry_by`, `entry_date_time`) VALUES
	(1, 30, 2, 'YGN Kamayut', 'YGN', 'kzz', '2023-07-13 18:17:13'),
	(2, 35, 2, 'YGN Kamayut', 'YGN', 'kzz', '2023-07-13 18:17:30'),
	(5, 34, 2, 'YGN Kamayut', 'YGN', 'kzz', '2023-07-20 14:42:51'),
	(10, 20, 2, 'YGN Kamayut', 'YGN', 'kzz', '2023-07-21 14:49:08'),
	(14, 36, 2, 'YGN Kamayut', 'YGN', 'kzz', '2024-01-16 22:20:13'),
	(15, 39, 2, 'YGN Kamayut', 'YGN', 'kzz', '2024-01-16 22:20:33'),
	(16, 37, 2, 'YGN Kamayut', 'YGN', 'kzz', '2024-03-25 14:56:24');

-- Dumping structure for table geely_db1.supplier
DROP TABLE IF EXISTS `supplier`;
CREATE TABLE IF NOT EXISTS `supplier` (
  `id` int(11) NOT NULL AUTO_INCREMENT,
  `name` varchar(255) NOT NULL DEFAULT '',
  `entry_by` varchar(100) NOT NULL DEFAULT '',
  `entry_date_time` varchar(25) NOT NULL DEFAULT '',
  PRIMARY KEY (`id`)
) ENGINE=InnoDB AUTO_INCREMENT=3 DEFAULT CHARSET=utf8mb4 COLLATE=utf8mb4_unicode_ci;

-- Dumping data for table geely_db1.supplier: ~2 rows (approximately)
INSERT INTO `supplier` (`id`, `name`, `entry_by`, `entry_date_time`) VALUES
	(1, 'Geely', '', ''),
	(2, 'FAW', '', '');

-- Dumping structure for table geely_db1.survey
DROP TABLE IF EXISTS `survey`;
CREATE TABLE IF NOT EXISTS `survey` (
  `id` int(11) NOT NULL AUTO_INCREMENT,
  `ser_one` tinyint(255) NOT NULL DEFAULT 0,
  `ser_two` tinyint(4) NOT NULL DEFAULT 0,
  `ser_three` tinyint(4) NOT NULL DEFAULT 0,
  `ser_four` tinyint(4) NOT NULL DEFAULT 0,
  `ser_five` int(11) NOT NULL DEFAULT 0,
  `contact_name` varchar(150) NOT NULL DEFAULT '',
  `contact_phone` varchar(50) NOT NULL DEFAULT '',
  `entry_by` varchar(100) NOT NULL DEFAULT '',
  `entry_date_time` varchar(25) NOT NULL DEFAULT '',
  PRIMARY KEY (`id`) USING BTREE
) ENGINE=InnoDB AUTO_INCREMENT=2 DEFAULT CHARSET=utf8mb4 COLLATE=utf8mb4_unicode_ci;

-- Dumping data for table geely_db1.survey: ~0 rows (approximately)
INSERT INTO `survey` (`id`, `ser_one`, `ser_two`, `ser_three`, `ser_four`, `ser_five`, `contact_name`, `contact_phone`, `entry_by`, `entry_date_time`) VALUES
	(1, 1, 1, 1, 1, 8, 'Hsu Hnin Ye', '092910102034', 'kzz', '2023-07-08 13:41:44');

-- Dumping structure for table geely_db1.test_drive
DROP TABLE IF EXISTS `test_drive`;
CREATE TABLE IF NOT EXISTS `test_drive` (
  `id` int(11) NOT NULL AUTO_INCREMENT,
  `customer_id` int(11) NOT NULL DEFAULT 0,
  `sales_executive_id` int(11) NOT NULL DEFAULT 0,
  `license_no` varchar(50) NOT NULL DEFAULT '',
  `date` varchar(50) NOT NULL DEFAULT '',
  `time` varchar(25) NOT NULL DEFAULT '',
  `model` varchar(150) NOT NULL DEFAULT '',
  `plate_no` varchar(50) NOT NULL DEFAULT '',
  `time_out` varchar(25) NOT NULL DEFAULT '',
  `time_in` varchar(25) NOT NULL DEFAULT '',
  `drive_route` text NOT NULL,
  `feedback` mediumtext NOT NULL,
  `sales_executive` varchar(100) NOT NULL DEFAULT '',
  `agree` tinyint(1) NOT NULL DEFAULT 0,
  `exterior` varchar(50) NOT NULL DEFAULT '',
  `interior` varchar(50) NOT NULL DEFAULT '',
  `acceleration` varchar(50) NOT NULL DEFAULT '',
  `braking` varchar(50) NOT NULL DEFAULT '',
  `stability` varchar(50) NOT NULL DEFAULT '',
  `visibility` varchar(50) NOT NULL DEFAULT '',
  `comfort` varchar(50) NOT NULL DEFAULT '',
  `noice_level` varchar(50) NOT NULL DEFAULT '',
  `booking_entry_by` varchar(100) NOT NULL DEFAULT '',
  `booking_entry_date_time` varchar(25) NOT NULL DEFAULT '',
  `test_drive_entry_by` varchar(100) NOT NULL DEFAULT '',
  `test_drive_entry_date_time` varchar(25) NOT NULL DEFAULT '',
  PRIMARY KEY (`id`) USING BTREE
) ENGINE=MyISAM AUTO_INCREMENT=7 DEFAULT CHARSET=utf8mb4 COLLATE=utf8mb4_unicode_ci;

-- Dumping data for table geely_db1.test_drive: 6 rows
/*!40000 ALTER TABLE `test_drive` DISABLE KEYS */;
INSERT INTO `test_drive` (`id`, `customer_id`, `sales_executive_id`, `license_no`, `date`, `time`, `model`, `plate_no`, `time_out`, `time_in`, `drive_route`, `feedback`, `sales_executive`, `agree`, `exterior`, `interior`, `acceleration`, `braking`, `stability`, `visibility`, `comfort`, `noice_level`, `booking_entry_by`, `booking_entry_date_time`, `test_drive_entry_by`, `test_drive_entry_date_time`) VALUES
	(1, 25, 3, 'test123', '2023-11-19', '14:00', 'Coolray', 'SGG 65 AD-2156', '13:00', '13:30', 'kamauyt', 'sanchaung', 'Wai Lu Aung', 1, 'Good', 'Poor', 'Very Poor', 'Poor', 'Good', 'Excellent', 'Average', 'Average', 'wla', '2023-11-19 23:14:06', 'wla', '2023-11-20 00:01:40'),
	(2, 25, 3, '', '2023-11-20', '12:30', 'Coolray', 'SGG 65 AD-2156', '', '', '', '', '', 1, '', '', '', '', '', '', '', '', 'wla', '2023-11-20 00:11:50', '', ''),
	(3, 25, 3, 'cccc', '2023-11-20', '14:30', 'Coolray', 'YGN 11 CC-1234', '14:30', '15:00', 'asd', 'asd', 'Wai Lu Aung', 1, 'Poor', 'Average', 'Poor', 'Good', 'Average', 'Average', 'Good', 'Average', 'wla', '2023-11-20 01:31:19', 'wla', '2023-11-20 01:32:03'),
	(4, 38, 3, '', '2024-03-04', '10:00', 'Coolray', 'BGO 65 56-3269', '', '', '', '', '', 0, '', '', '', '', '', '', '', '', 'wla', '2024-03-04 21:59:32', '', ''),
	(5, 37, 3, '', '2024-03-04', '11:00', 'Coolray', 'YGN 11 CC-1234', '', '', '', '', '', 0, '', '', '', '', '', '', '', '', 'wla', '2024-03-04 22:00:32', '', ''),
	(6, 37, 3, '', '2024-03-06', '11:30', 'Coolray', 'SGG 65 AD-2156', '', '', '', '', '', 0, '', '', '', '', '', '', '', '', 'wla', '2024-03-06 10:52:08', '', '');
/*!40000 ALTER TABLE `test_drive` ENABLE KEYS */;

-- Dumping structure for table geely_db1.test_drive_car
DROP TABLE IF EXISTS `test_drive_car`;
CREATE TABLE IF NOT EXISTS `test_drive_car` (
  `id` int(11) NOT NULL AUTO_INCREMENT,
  `model` varchar(150) NOT NULL DEFAULT '',
  `plate_no` varchar(50) NOT NULL DEFAULT '',
  PRIMARY KEY (`id`) USING BTREE
) ENGINE=MyISAM AUTO_INCREMENT=4 DEFAULT CHARSET=utf8mb4 COLLATE=utf8mb4_unicode_ci;

-- Dumping data for table geely_db1.test_drive_car: 3 rows
/*!40000 ALTER TABLE `test_drive_car` DISABLE KEYS */;
INSERT INTO `test_drive_car` (`id`, `model`, `plate_no`) VALUES
	(1, 'Azkarra', 'YGN 11 CC-1234'),
	(2, 'mini van', 'SGG 65 AD-2156'),
	(3, 'Corolla', 'BGO 65 56-3269');
/*!40000 ALTER TABLE `test_drive_car` ENABLE KEYS */;

-- Dumping structure for table geely_db1.township
DROP TABLE IF EXISTS `township`;
CREATE TABLE IF NOT EXISTS `township` (
  `id` int(11) NOT NULL AUTO_INCREMENT,
  `state_division` varchar(100) DEFAULT '',
  `city` varchar(100) DEFAULT '',
  `township` varchar(100) DEFAULT '',
  PRIMARY KEY (`id`)
) ENGINE=InnoDB AUTO_INCREMENT=452 DEFAULT CHARSET=utf8mb4 COLLATE=utf8mb4_unicode_ci;

-- Dumping data for table geely_db1.township: ~447 rows (approximately)
INSERT INTO `township` (`id`, `state_division`, `city`, `township`) VALUES
	(1, 'Magway Region', 'Gangaw', 'Gangaw'),
	(2, 'Magway Region', 'Gangaw', 'Kyaukhtu'),
	(3, 'Magway Region', 'Gangaw', 'Saw'),
	(4, 'Magway Region', 'Gangaw', 'Tilin'),
	(5, 'Magway Region', 'Magway', 'Chauck'),
	(6, 'Magway Region', 'Magway', 'Magway'),
	(7, 'Magway Region', 'Magway', 'Myothit'),
	(8, 'Magway Region', 'Magway', 'Natmauk'),
	(9, 'Magway Region', 'Magway', 'Taungdwingyi'),
	(10, 'Magway Region', 'Magway', 'Yenangyaung'),
	(11, 'Magway Region', 'Minbu', 'Minbu'),
	(12, 'Magway Region', 'Minbu', 'Ngape'),
	(13, 'Magway Region', 'Minbu', 'Pwintbyu'),
	(14, 'Magway Region', 'Minbu', 'Salin'),
	(15, 'Magway Region', 'Minbu', 'Sidoktaya'),
	(16, 'Magway Region', 'Pakokku', 'Myaing'),
	(17, 'Magway Region', 'Pakokku', 'Pakokku'),
	(18, 'Magway Region', 'Pakokku', 'Pauk'),
	(19, 'Magway Region', 'Pakokku', 'Seikphyu'),
	(20, 'Magway Region', 'Pakokku', 'Yesagyo'),
	(21, 'Magway Region', 'Thayet', 'Aunglan'),
	(22, 'Magway Region', 'Thayet', 'Kamma'),
	(23, 'Magway Region', 'Thayet', 'Mindon'),
	(24, 'Magway Region', 'Thayet', 'Minhla'),
	(25, 'Magway Region', 'Thayet', 'Sinbaungwe'),
	(26, 'Magway Region', 'Thayet', 'Thayet'),
	(27, 'Mandalay Region', 'Kyaukse', 'Kyaukse'),
	(28, 'Mandalay Region', 'Kyaukse', 'Myittha'),
	(29, 'Mandalay Region', 'Kyaukse', 'Sintgaing'),
	(30, 'Mandalay Region', 'Kyaukse', 'Tada-U'),
	(31, 'Mandalay Region', 'Mandalay', 'Amarapura'),
	(32, 'Mandalay Region', 'Mandalay', 'Aungmyethazan'),
	(33, 'Mandalay Region', 'Mandalay', 'Chanayethazan'),
	(34, 'Mandalay Region', 'Mandalay', 'Chanmyathazi'),
	(35, 'Mandalay Region', 'Mandalay', 'Mahaaungmye'),
	(36, 'Mandalay Region', 'Mandalay', 'Patheingyi'),
	(37, 'Mandalay Region', 'Mandalay', 'Pyigyidagun'),
	(38, 'Mandalay Region', 'Meiktila', 'Mahlaing'),
	(39, 'Mandalay Region', 'Meiktila', 'Meiktila'),
	(40, 'Mandalay Region', 'Meiktila', 'Thazi'),
	(41, 'Mandalay Region', 'Meiktila', 'Wundwin'),
	(42, 'Mandalay Region', 'Myingyan', 'Myingyan'),
	(43, 'Mandalay Region', 'Myingyan', 'Natogyi'),
	(44, 'Mandalay Region', 'Myingyan', 'Nganzun'),
	(45, 'Mandalay Region', 'Myingyan', 'Thaungtha'),
	(46, 'Mandalay Region', 'Nyaung-U', 'Kyaukpadaung'),
	(47, 'Mandalay Region', 'Nyaung-U', 'Ngathayauk'),
	(48, 'Mandalay Region', 'Nyaung-U', 'Nyaung-U'),
	(49, 'Mandalay Region', 'Pyinoolwin', 'Madaya'),
	(50, 'Mandalay Region', 'Pyinoolwin', 'Mogok'),
	(51, 'Mandalay Region', 'Pyinoolwin', 'Pyinoolwin'),
	(52, 'Mandalay Region', 'Pyinoolwin', 'Singu'),
	(53, 'Mandalay Region', 'Pyinoolwin', 'Tagaung'),
	(54, 'Mandalay Region', 'Pyinoolwin', 'Thabeikkyin'),
	(55, 'Mandalay Region', 'Yamethin', 'Pyawbwe'),
	(56, 'Mandalay Region', 'Yamethin', 'Yamethin'),
	(57, 'Naypyidaw Union Territory', 'Dekkhina (South Naypyidaw)', 'Dekkhinathiri'),
	(58, 'Naypyidaw Union Territory', 'Dekkhina (South Naypyidaw)', 'Lewe'),
	(59, 'Naypyidaw Union Territory', 'Dekkhina (South Naypyidaw)', 'Pyinmana'),
	(60, 'Naypyidaw Union Territory', 'Dekkhina (South Naypyidaw)', 'Zabuthiri'),
	(61, 'Naypyidaw Union Territory', 'Ottara (North Naypyidaw)', 'Ottarathiri'),
	(62, 'Naypyidaw Union Territory', 'Ottara (North Naypyidaw)', 'Pobbathiri'),
	(63, 'Naypyidaw Union Territory', 'Ottara (North Naypyidaw)', 'Tatkon'),
	(64, 'Naypyidaw Union Territory', 'Ottara (North Naypyidaw)', 'Zeyarthiri'),
	(65, 'Kayah State', 'Bawlakhe', 'Bawlakhe'),
	(66, 'Kayah State', 'Bawlakhe', 'Hpasawng'),
	(67, 'Kayah State', 'Bawlakhe', 'Mese'),
	(68, 'Kayah State', 'Bawlakhe', 'Ywathit'),
	(69, 'Kayah State', 'Loikaw', 'Demoso'),
	(70, 'Kayah State', 'Loikaw', 'Hpruso'),
	(71, 'Kayah State', 'Loikaw', 'Loikaw'),
	(72, 'Kayah State', 'Loikaw', 'Shadaw'),
	(73, 'Shan State', 'Kengtung', 'Kengtung'),
	(74, 'Shan State', 'Kengtung', 'Mine Pauk'),
	(75, 'Shan State', 'Kengtung', 'Minelar'),
	(76, 'Shan State', 'Kengtung', 'Mong Khet'),
	(77, 'Shan State', 'Kengtung', 'Mong La'),
	(78, 'Shan State', 'Kengtung', 'Mong Yang'),
	(79, 'Shan State', 'Mong Hpayak', 'Mineyu'),
	(80, 'Shan State', 'Mong Hpayak', 'Mong Hpayak'),
	(81, 'Shan State', 'Mong Hpayak', 'Mong Yawng'),
	(82, 'Shan State', 'Mong Hsat', 'Minekoke'),
	(83, 'Shan State', 'Mong Hsat', 'Monehta'),
	(84, 'Shan State', 'Mong Hsat', 'Mong Hsat'),
	(85, 'Shan State', 'Mong Hsat', 'Mong Ping'),
	(86, 'Shan State', 'Mong Hsat', 'Mong Tong'),
	(87, 'Shan State', 'Mong Hsat', 'Ponparkyin'),
	(88, 'Shan State', 'Mong Hsat', 'Tontar'),
	(89, 'Shan State', 'Tachileik', 'Kyaing Lap'),
	(90, 'Shan State', 'Tachileik', 'Tachileik'),
	(91, 'Shan State', 'Tachileik', 'Talay'),
	(92, 'Shan State', 'Kunlong', 'Kunlong'),
	(93, 'Shan State', 'Kyaukme', 'Hsipaw'),
	(94, 'Shan State', 'Kyaukme', 'Kyaukme'),
	(95, 'Shan State', 'Kyaukme', 'Mantong'),
	(96, 'Shan State', 'Kyaukme', 'Minelon'),
	(97, 'Shan State', 'Kyaukme', 'Minengaw'),
	(98, 'Shan State', 'Kyaukme', 'Namhsan'),
	(99, 'Shan State', 'Kyaukme', 'Namtu'),
	(100, 'Shan State', 'Kyaukme', 'Nawnghkio'),
	(101, 'Shan State', 'Lashio', 'Hsenwi'),
	(102, 'Shan State', 'Lashio', 'Lashio'),
	(103, 'Shan State', 'Lashio', 'Mongyai'),
	(104, 'Shan State', 'Lashio', 'Tangyan'),
	(105, 'Shan State', 'Laukkaing', 'Chinshwehaw'),
	(106, 'Shan State', 'Laukkaing', 'Konkyan'),
	(107, 'Shan State', 'Laukkaing', 'Laukkaing'),
	(108, 'Shan State', 'Laukkaing', 'Mawhtike'),
	(109, 'Shan State', 'Mu Se', 'Kutkai'),
	(110, 'Shan State', 'Mu Se', 'Manhero'),
	(111, 'Shan State', 'Mu Se', 'Monekoe'),
	(112, 'Shan State', 'Mu Se', 'Mu Se'),
	(113, 'Shan State', 'Mu Se', 'Namhkam'),
	(114, 'Shan State', 'Mu Se', 'Pansai'),
	(115, 'Shan State', 'Mu Se', 'Tamoenye'),
	(116, 'Shan State', 'Hopang', 'Hopang'),
	(117, 'Shan State', 'Hopang', 'Mongmao'),
	(118, 'Shan State', 'Hopang', 'Namtit'),
	(119, 'Shan State', 'Hopang', 'Pangwaun'),
	(120, 'Shan State', 'Hopang', 'Panlong'),
	(121, 'Shan State', 'Matman', 'Man Kan'),
	(122, 'Shan State', 'Matman', 'Matman'),
	(123, 'Shan State', 'Matman', 'Namphan'),
	(124, 'Shan State', 'Matman', 'Pangsang Township'),
	(125, 'Shan State', 'Mongmit', 'Mabein'),
	(126, 'Shan State', 'Mongmit', 'Mongmit'),
	(127, 'Shan State', 'Langkho', 'Homane'),
	(128, 'Shan State', 'Langkho', 'Kengtaung'),
	(129, 'Shan State', 'Langkho', 'Langkho'),
	(130, 'Shan State', 'Langkho', 'Mawkmai'),
	(131, 'Shan State', 'Langkho', 'Mong Nai'),
	(132, 'Shan State', 'Langkho', 'Mong Pan'),
	(133, 'Shan State', 'Loilen', 'Karli'),
	(134, 'Shan State', 'Loilen', 'Kholan'),
	(135, 'Shan State', 'Loilen', 'Kunhing'),
	(136, 'Shan State', 'Loilen', 'Kyethi'),
	(137, 'Shan State', 'Loilen', 'Lai-Hka'),
	(138, 'Shan State', 'Loilen', 'Loilen'),
	(139, 'Shan State', 'Loilen', 'Minenaung'),
	(140, 'Shan State', 'Loilen', 'Minesan'),
	(141, 'Shan State', 'Loilen', 'Mong Hsu'),
	(142, 'Shan State', 'Loilen', 'Mong Kung'),
	(143, 'Shan State', 'Loilen', 'Nansang'),
	(144, 'Shan State', 'Loilen', 'Panglong'),
	(145, 'Shan State', 'Taunggyi', 'Hopong'),
	(146, 'Shan State', 'Taunggyi', 'Hsi Hseng'),
	(147, 'Shan State', 'Taunggyi', 'Indaw'),
	(148, 'Shan State', 'Taunggyi', 'Kalaw'),
	(149, 'Shan State', 'Taunggyi', 'Kyauktalongyi'),
	(150, 'Shan State', 'Taunggyi', 'Lawksawk'),
	(151, 'Shan State', 'Taunggyi', 'Naungtayar'),
	(152, 'Shan State', 'Taunggyi', 'Nyaungshwe'),
	(153, 'Shan State', 'Taunggyi', 'Pekon'),
	(154, 'Shan State', 'Taunggyi', 'Pingdaya'),
	(155, 'Shan State', 'Taunggyi', 'Pinlaung'),
	(156, 'Shan State', 'Taunggyi', 'Taunggyi'),
	(157, 'Shan State', 'Taunggyi', 'Ywangan'),
	(158, 'Ayeyarwady Region', 'Hinthada', 'Hinthada'),
	(159, 'Ayeyarwady Region', 'Hinthada', 'Ingapu'),
	(160, 'Ayeyarwady Region', 'Hinthada', 'Kyangin'),
	(161, 'Ayeyarwady Region', 'Hinthada', 'Lemyethna'),
	(162, 'Ayeyarwady Region', 'Hinthada', 'Myanaung'),
	(163, 'Ayeyarwady Region', 'Hinthada', 'Zalun'),
	(164, 'Ayeyarwady Region', 'Labutta', 'Labutta'),
	(165, 'Ayeyarwady Region', 'Labutta', 'Mawlamyinegyun'),
	(166, 'Ayeyarwady Region', 'Labutta', 'Pyinsalu'),
	(167, 'Ayeyarwady Region', 'Ma-ubin', 'Danuphyu'),
	(168, 'Ayeyarwady Region', 'Ma-ubin', 'Ma-ubin'),
	(169, 'Ayeyarwady Region', 'Ma-ubin', 'Nyaungdon'),
	(170, 'Ayeyarwady Region', 'Ma-ubin', 'Pantanaw'),
	(171, 'Ayeyarwady Region', 'Myaungmya', 'Einme'),
	(172, 'Ayeyarwady Region', 'Myaungmya', 'Myaungmya'),
	(173, 'Ayeyarwady Region', 'Myaungmya', 'Wakema'),
	(174, 'Ayeyarwady Region', 'Pathein', 'Hainggyikyun'),
	(175, 'Ayeyarwady Region', 'Pathein', 'Kangyidaunk'),
	(176, 'Ayeyarwady Region', 'Pathein', 'Kyaunggon'),
	(177, 'Ayeyarwady Region', 'Pathein', 'Kyonpyaw'),
	(178, 'Ayeyarwady Region', 'Pathein', 'Ngapudaw'),
	(179, 'Ayeyarwady Region', 'Pathein', 'Ngathaingchaung'),
	(180, 'Ayeyarwady Region', 'Pathein', 'Ngayokaung'),
	(181, 'Ayeyarwady Region', 'Pathein', 'Ngwehsaung'),
	(182, 'Ayeyarwady Region', 'Pathein', 'Pathein'),
	(183, 'Ayeyarwady Region', 'Pathein', 'Shwethaungyan'),
	(184, 'Ayeyarwady Region', 'Pathein', 'Thabaung'),
	(185, 'Ayeyarwady Region', 'Pathein', 'Yekyi'),
	(186, 'Ayeyarwady Region', 'Pyapon', 'Ahmar'),
	(187, 'Ayeyarwady Region', 'Pyapon', 'Bogale'),
	(188, 'Ayeyarwady Region', 'Pyapon', 'Dedaye'),
	(189, 'Ayeyarwady Region', 'Pyapon', 'Kyaiklat'),
	(190, 'Ayeyarwady Region', 'Pyapon', 'Pyapon'),
	(191, 'Bago Region', 'Bago', 'Aungmyin'),
	(192, 'Bago Region', 'Bago', 'Bago'),
	(193, 'Bago Region', 'Bago', 'Daik-U'),
	(194, 'Bago Region', 'Bago', 'Hpayargyi'),
	(195, 'Bago Region', 'Bago', 'Intagaw'),
	(196, 'Bago Region', 'Bago', 'Kawa'),
	(197, 'Bago Region', 'Bago', 'Kyauktaga'),
	(198, 'Bago Region', 'Bago', 'Madauk'),
	(199, 'Bago Region', 'Bago', 'Nyaunglebin'),
	(200, 'Bago Region', 'Bago', 'Peinzalot'),
	(201, 'Bago Region', 'Bago', 'Penwegon'),
	(202, 'Bago Region', 'Bago', 'Pyuntaza'),
	(203, 'Bago Region', 'Bago', 'Shwegyin'),
	(204, 'Bago Region', 'Bago', 'Thanatpin'),
	(205, 'Bago Region', 'Bago', 'Waw'),
	(206, 'Bago Region', 'Taungoo', 'Kanyutkwin'),
	(207, 'Bago Region', 'Taungoo', 'Kaytumadi'),
	(208, 'Bago Region', 'Taungoo', 'Kyaukkyi'),
	(209, 'Bago Region', 'Taungoo', 'Kywebwe'),
	(210, 'Bago Region', 'Taungoo', 'Mone'),
	(211, 'Bago Region', 'Taungoo', 'Myohla'),
	(212, 'Bago Region', 'Taungoo', 'Natthangwin'),
	(213, 'Bago Region', 'Taungoo', 'Nyaungbinthar'),
	(214, 'Bago Region', 'Taungoo', 'Oktwin'),
	(215, 'Bago Region', 'Taungoo', 'Pyu'),
	(216, 'Bago Region', 'Taungoo', 'Swa'),
	(217, 'Bago Region', 'Taungoo', 'Tantabin'),
	(218, 'Bago Region', 'Taungoo', 'Taungoo'),
	(219, 'Bago Region', 'Taungoo', 'Thagara'),
	(220, 'Bago Region', 'Taungoo', 'Yaeni'),
	(221, 'Bago Region', 'Taungoo', 'Yedashe'),
	(222, 'Bago Region', 'Pyay', 'Innma'),
	(223, 'Bago Region', 'Pyay', 'Okshipin'),
	(224, 'Bago Region', 'Pyay', 'Padaung'),
	(225, 'Bago Region', 'Pyay', 'Padigone'),
	(226, 'Bago Region', 'Pyay', 'Paukkaung'),
	(227, 'Bago Region', 'Pyay', 'Paungdale'),
	(228, 'Bago Region', 'Pyay', 'Paungde'),
	(229, 'Bago Region', 'Pyay', 'Pyay'),
	(230, 'Bago Region', 'Pyay', 'Shwedaung'),
	(231, 'Bago Region', 'Pyay', 'Sinmeswe'),
	(232, 'Bago Region', 'Pyay', 'Thegon'),
	(233, 'Bago Region', 'Thayarwady', 'Gyobingauk'),
	(234, 'Bago Region', 'Thayarwady', 'Letpadan'),
	(235, 'Bago Region', 'Thayarwady', 'Minhla'),
	(236, 'Bago Region', 'Thayarwady', 'Monyo'),
	(237, 'Bago Region', 'Thayarwady', 'Nattalin'),
	(238, 'Bago Region', 'Thayarwady', 'Okpho'),
	(239, 'Bago Region', 'Thayarwady', 'Ooethegone'),
	(240, 'Bago Region', 'Thayarwady', 'Sitkwin'),
	(241, 'Bago Region', 'Thayarwady', 'Tapun'),
	(242, 'Bago Region', 'Thayarwady', 'Tharrawaddy'),
	(243, 'Bago Region', 'Thayarwady', 'Thonze'),
	(244, 'Bago Region', 'Thayarwady', 'Zigon'),
	(245, 'Yangon Region', 'East Yangon', 'Botataung'),
	(247, 'Yangon Region', 'East Yangon', 'Dagon Seikkan'),
	(248, 'Yangon Region', 'East Yangon', 'Dawbon'),
	(249, 'Yangon Region', 'East Yangon', 'East Dagon'),
	(250, 'Yangon Region', 'East Yangon', 'Mingala Taungnyunt'),
	(251, 'Yangon Region', 'East Yangon', 'North Dagon'),
	(252, 'Yangon Region', 'East Yangon', 'North Okkalapa'),
	(253, 'Yangon Region', 'East Yangon', 'Pazundaung'),
	(254, 'Yangon Region', 'East Yangon', 'South Dagon'),
	(255, 'Yangon Region', 'East Yangon', 'South Okkalapa'),
	(256, 'Yangon Region', 'East Yangon', 'Tamwe'),
	(257, 'Yangon Region', 'East Yangon', 'Thaketa'),
	(258, 'Yangon Region', 'East Yangon', 'Thingangyun'),
	(259, 'Yangon Region', 'East Yangon', 'Yankin'),
	(261, 'Yangon Region', 'North Yangon', 'Hlaingthaya'),
	(262, 'Yangon Region', 'North Yangon', 'Hlegu'),
	(263, 'Yangon Region', 'North Yangon', 'Hmawbi'),
	(264, 'Yangon Region', 'North Yangon', 'Htantabin'),
	(265, 'Yangon Region', 'North Yangon', 'Insein'),
	(266, 'Yangon Region', 'North Yangon', 'Mingaladon'),
	(267, 'Yangon Region', 'North Yangon', 'Rural'),
	(268, 'Yangon Region', 'North Yangon', 'Shwepyitha'),
	(269, 'Yangon Region', 'North Yangon', 'Taikkyi'),
	(271, 'Yangon Region', 'South Yangon', 'Cocokyun'),
	(272, 'Yangon Region', 'South Yangon', 'Dala'),
	(273, 'Yangon Region', 'South Yangon', 'Kawhmu'),
	(274, 'Yangon Region', 'South Yangon', 'Kayan'),
	(275, 'Yangon Region', 'South Yangon', 'Kungyangon'),
	(276, 'Yangon Region', 'South Yangon', 'Kyauktan'),
	(277, 'Yangon Region', 'South Yangon', 'Rural'),
	(278, 'Yangon Region', 'South Yangon', 'Seikkyi Kanaungto'),
	(279, 'Yangon Region', 'South Yangon', 'Tada'),
	(280, 'Yangon Region', 'South Yangon', 'Thanlyin'),
	(281, 'Yangon Region', 'South Yangon', 'Thongwa'),
	(282, 'Yangon Region', 'South Yangon', 'Twante'),
	(283, 'Yangon Region', 'West Yangon (Downtown)', 'Ahlon'),
	(284, 'Yangon Region', 'West Yangon (Downtown)', 'Bahan'),
	(286, 'Yangon Region', 'West Yangon (Downtown)', 'Dagon'),
	(287, 'Yangon Region', 'West Yangon (Downtown)', 'Hlaing'),
	(288, 'Yangon Region', 'West Yangon (Downtown)', 'Kamayut'),
	(289, 'Yangon Region', 'West Yangon (Downtown)', 'Kyauktada'),
	(290, 'Yangon Region', 'West Yangon (Downtown)', 'Kyimyindaing'),
	(291, 'Yangon Region', 'West Yangon (Downtown)', 'Lanmadaw'),
	(292, 'Yangon Region', 'West Yangon (Downtown)', 'Latha'),
	(293, 'Yangon Region', 'West Yangon (Downtown)', 'Mayangon'),
	(294, 'Yangon Region', 'West Yangon (Downtown)', 'Pabedan'),
	(295, 'Yangon Region', 'West Yangon (Downtown)', 'Sanchaung'),
	(296, 'Yangon Region', 'West Yangon (Downtown)', 'Seikkan'),
	(297, 'Kachin State', 'Bhamo', 'Bhamo'),
	(298, 'Kachin State', 'Bhamo', 'Dotphoneyan'),
	(299, 'Kachin State', 'Bhamo', 'Lwegel'),
	(300, 'Kachin State', 'Bhamo', 'Mansi'),
	(301, 'Kachin State', 'Bhamo', 'Momauk'),
	(302, 'Kachin State', 'Bhamo', 'Myohla'),
	(303, 'Kachin State', 'Bhamo', 'Shwegu'),
	(304, 'Kachin State', 'Mohnyin', 'Hopin'),
	(305, 'Kachin State', 'Mohnyin', 'Hpakant'),
	(306, 'Kachin State', 'Mohnyin', 'Kamine'),
	(307, 'Kachin State', 'Mohnyin', 'Mogaung'),
	(308, 'Kachin State', 'Mohnyin', 'Mohnyin'),
	(309, 'Kachin State', 'Myitkyina', 'Chipwi'),
	(310, 'Kachin State', 'Myitkyina', 'Hsadone'),
	(311, 'Kachin State', 'Myitkyina', 'Hsawlaw'),
	(312, 'Kachin State', 'Myitkyina', 'Hsinbo'),
	(313, 'Kachin State', 'Myitkyina', 'Injangyang'),
	(314, 'Kachin State', 'Myitkyina', 'Kanpaikti'),
	(315, 'Kachin State', 'Myitkyina', 'Myitkyina'),
	(316, 'Kachin State', 'Myitkyina', 'Panwa'),
	(317, 'Kachin State', 'Myitkyina', 'Shinbwayyan'),
	(318, 'Kachin State', 'Myitkyina', 'Tanai'),
	(319, 'Kachin State', 'Myitkyina', 'Waingmaw'),
	(320, 'Kachin State', 'Putao', 'Kawnglanghpu'),
	(321, 'Kachin State', 'Putao', 'Machanbaw'),
	(322, 'Kachin State', 'Putao', 'Nogmung'),
	(323, 'Kachin State', 'Putao', 'Pannandin'),
	(324, 'Kachin State', 'Putao', 'Putao'),
	(325, 'Kachin State', 'Putao', 'Sumprabum'),
	(326, 'Sagaing Region', 'Hkamti', 'Donhee'),
	(327, 'Sagaing Region', 'Hkamti', 'Hkamti'),
	(328, 'Sagaing Region', 'Hkamti', 'Homalin'),
	(329, 'Sagaing Region', 'Hkamti', 'Htanparkway'),
	(330, 'Sagaing Region', 'Hkamti', 'Lahe'),
	(331, 'Sagaing Region', 'Hkamti', 'Leshi Township'),
	(332, 'Sagaing Region', 'Hkamti', 'Mobaingluk'),
	(333, 'Sagaing Region', 'Hkamti', 'Nanyun'),
	(334, 'Sagaing Region', 'Hkamti', 'Pansaung'),
	(335, 'Sagaing Region', 'Hkamti', 'Sonemara'),
	(336, 'Sagaing Region', 'Kanbalu', 'Kanbalu'),
	(337, 'Sagaing Region', 'Kanbalu', 'Kyunhla'),
	(338, 'Sagaing Region', 'Kanbalu', 'Taze'),
	(339, 'Sagaing Region', 'Kanbalu', 'Ye-U'),
	(340, 'Sagaing Region', 'Kale', 'Kale'),
	(341, 'Sagaing Region', 'Kale', 'Kalewa'),
	(342, 'Sagaing Region', 'Kale', 'Mingin'),
	(343, 'Sagaing Region', 'Katha', 'Banmauk'),
	(344, 'Sagaing Region', 'Katha', 'Indaw'),
	(345, 'Sagaing Region', 'Katha', 'Katha'),
	(346, 'Sagaing Region', 'Katha', 'Kawlin'),
	(347, 'Sagaing Region', 'Katha', 'Pinlebu'),
	(348, 'Sagaing Region', 'Katha', 'Tigyaing'),
	(349, 'Sagaing Region', 'Katha', 'Wuntho'),
	(350, 'Sagaing Region', 'Mawlaik', 'Mawlaik'),
	(351, 'Sagaing Region', 'Mawlaik', 'Paungbyin'),
	(352, 'Sagaing Region', 'Monywa', 'Ayadaw'),
	(353, 'Sagaing Region', 'Monywa', 'Budalin'),
	(354, 'Sagaing Region', 'Monywa', 'Chaung-U'),
	(355, 'Sagaing Region', 'Monywa', 'Monywa'),
	(356, 'Sagaing Region', 'Sagaing', 'Myaung'),
	(357, 'Sagaing Region', 'Sagaing', 'Myinmu'),
	(358, 'Sagaing Region', 'Sagaing', 'Sagaing'),
	(359, 'Sagaing Region', 'Shwebo', 'Khin-U'),
	(360, 'Sagaing Region', 'Shwebo', 'Kyaukmyaung'),
	(361, 'Sagaing Region', 'Shwebo', 'Shwebo'),
	(362, 'Sagaing Region', 'Shwebo', 'Tabayin'),
	(363, 'Sagaing Region', 'Shwebo', 'Wetlet'),
	(364, 'Sagaing Region', 'Tamu', 'Khampat'),
	(365, 'Sagaing Region', 'Tamu', 'Myothit'),
	(366, 'Sagaing Region', 'Tamu', 'Tamu'),
	(367, 'Sagaing Region', 'Yinmabin', 'Kani'),
	(368, 'Sagaing Region', 'Yinmabin', 'Pale'),
	(369, 'Sagaing Region', 'Yinmabin', 'Salingyi'),
	(370, 'Sagaing Region', 'Yinmabin', 'Yinmabin'),
	(371, 'Kayin State', 'Hpa-an', 'Bawgali'),
	(372, 'Kayin State', 'Hpa-an', 'Hlaignbwe'),
	(373, 'Kayin State', 'Hpa-an', 'Hpa-an'),
	(374, 'Kayin State', 'Hpa-an', 'Leiktho'),
	(375, 'Kayin State', 'Hpa-an', 'Paingkyon'),
	(376, 'Kayin State', 'Hpa-an', 'Shan Ywathit'),
	(377, 'Kayin State', 'Hpa-an', 'Thandaunggyi'),
	(378, 'Kayin State', 'Hpapun', 'Hpapun'),
	(379, 'Kayin State', 'Hpapun', 'Kamamaung'),
	(380, 'Kayin State', 'Kawkareik', 'Kawkareik'),
	(381, 'Kayin State', 'Kawkareik', 'Kyaidon'),
	(382, 'Kayin State', 'Kawkareik', 'Kyain Seikgyi'),
	(383, 'Kayin State', 'Kawkareik', 'Payarthonezu'),
	(384, 'Kayin State', 'Myawaddy', 'Myawaddy'),
	(385, 'Kayin State', 'Myawaddy', 'Sugali'),
	(386, 'Kayin State', 'Myawaddy', 'Wawlaymyaing'),
	(387, 'Mon State', 'Mawlamyine', 'Chaungzon'),
	(388, 'Mon State', 'Mawlamyine', 'Khawzar'),
	(389, 'Mon State', 'Mawlamyine', 'Kyaikkhami'),
	(390, 'Mon State', 'Mawlamyine', 'Kyaikmaraw'),
	(391, 'Mon State', 'Mawlamyine', 'Lamine'),
	(392, 'Mon State', 'Mawlamyine', 'Mawlamyine'),
	(393, 'Mon State', 'Mawlamyine', 'Mudon'),
	(394, 'Mon State', 'Mawlamyine', 'Thanbyuzayat'),
	(395, 'Mon State', 'Mawlamyine', 'Ye'),
	(396, 'Mon State', 'Thaton', 'Bilin'),
	(397, 'Mon State', 'Thaton', 'Kyaikto'),
	(398, 'Mon State', 'Thaton', 'Mottama'),
	(399, 'Mon State', 'Thaton', 'Paung'),
	(400, 'Mon State', 'Thaton', 'Suvannawadi'),
	(401, 'Mon State', 'Thaton', 'Thaton'),
	(402, 'Mon State', 'Thaton', 'Zingyeik'),
	(403, 'Tanintharyi Region', 'Dawei', 'Dawei'),
	(404, 'Tanintharyi Region', 'Dawei', 'Kaleinaung'),
	(405, 'Tanintharyi Region', 'Dawei', 'Launglon'),
	(406, 'Tanintharyi Region', 'Dawei', 'Myitta'),
	(407, 'Tanintharyi Region', 'Dawei', 'Thayetchaung'),
	(408, 'Tanintharyi Region', 'Dawei', 'Yebyu'),
	(409, 'Tanintharyi Region', 'Kawthoung', 'Bokpyin'),
	(410, 'Tanintharyi Region', 'Kawthoung', 'Karathuri'),
	(411, 'Tanintharyi Region', 'Kawthoung', 'Kawthoung'),
	(412, 'Tanintharyi Region', 'Kawthoung', 'Khamaukgyi'),
	(413, 'Tanintharyi Region', 'Kawthoung', 'Pyigyimandaing'),
	(414, 'Tanintharyi Region', 'Myeik', 'Kyunsu'),
	(415, 'Tanintharyi Region', 'Myeik', 'Myeik'),
	(416, 'Tanintharyi Region', 'Myeik', 'Palauk'),
	(417, 'Tanintharyi Region', 'Myeik', 'Palaw'),
	(418, 'Tanintharyi Region', 'Myeik', 'Tanintharyi'),
	(419, 'Chin State', 'Falam', 'Cikha'),
	(420, 'Chin State', 'Falam', 'Falam'),
	(421, 'Chin State', 'Falam', 'Rikhuadal'),
	(422, 'Chin State', 'Falam', 'Tiddim'),
	(423, 'Chin State', 'Falam', 'Ton Zang'),
	(424, 'Chin State', 'Hakha', 'Hakha'),
	(425, 'Chin State', 'Hakha', 'Htantlang'),
	(426, 'Chin State', 'Mindat', 'Kanpetlet'),
	(427, 'Chin State', 'Mindat', 'Matupi'),
	(428, 'Chin State', 'Mindat', 'Mindat'),
	(429, 'Chin State', 'Mindat', 'Paletwa'),
	(430, 'Chin State', 'Mindat', 'Reazu'),
	(431, 'Chin State', 'Mindat', 'Sami'),
	(432, 'Rakhine State', 'Kyaukpyu', 'Ann'),
	(433, 'Rakhine State', 'Kyaukpyu', 'Kyaukpyu'),
	(434, 'Rakhine State', 'Kyaukpyu', 'Manaung'),
	(435, 'Rakhine State', 'Kyaukpyu', 'Ramree'),
	(436, 'Rakhine State', 'Maungdaw', 'Buthidaung'),
	(437, 'Rakhine State', 'Maungdaw', 'Maungdaw'),
	(438, 'Rakhine State', 'Maungdaw', 'Taungpyoletwe'),
	(439, 'Rakhine State', 'Sittwe', 'Pauktaw'),
	(440, 'Rakhine State', 'Sittwe', 'Ponnagyun'),
	(441, 'Rakhine State', 'Sittwe', 'Rathedaung'),
	(442, 'Rakhine State', 'Sittwe', 'Sittwe'),
	(443, 'Rakhine State', 'Thandwe', 'Gaw'),
	(444, 'Rakhine State', 'Thandwe', 'Kyeintali'),
	(445, 'Rakhine State', 'Thandwe', 'Maei'),
	(446, 'Rakhine State', 'Thandwe', 'Thandwe'),
	(447, 'Rakhine State', 'Thandwe', 'Toungup'),
	(448, 'Rakhine State', 'Mrauk-U', 'Kyauktaw'),
	(449, 'Rakhine State', 'Mrauk-U', 'Minbya'),
	(450, 'Rakhine State', 'Mrauk-U', 'Mrauk-U'),
	(451, 'Rakhine State', 'Mrauk-U', 'Myebon');

-- Dumping structure for table geely_db1.transfer_reason
DROP TABLE IF EXISTS `transfer_reason`;
CREATE TABLE IF NOT EXISTS `transfer_reason` (
  `id` int(11) NOT NULL AUTO_INCREMENT,
  `reason` varchar(255) NOT NULL DEFAULT '',
  PRIMARY KEY (`id`)
) ENGINE=InnoDB AUTO_INCREMENT=5 DEFAULT CHARSET=utf8mb4 COLLATE=utf8mb4_unicode_ci;

-- Dumping data for table geely_db1.transfer_reason: ~4 rows (approximately)
INSERT INTO `transfer_reason` (`id`, `reason`) VALUES
	(1, 'Services'),
	(2, 'Road Show'),
	(3, 'Other Showroom Display'),
	(4, 'Courtesy');

-- Dumping structure for table geely_db1.trial_balance
DROP TABLE IF EXISTS `trial_balance`;
CREATE TABLE IF NOT EXISTS `trial_balance` (
  `id` int(11) NOT NULL AUTO_INCREMENT,
  `gl_code` varchar(50) NOT NULL DEFAULT '',
  `date_time` varchar(25) DEFAULT '',
  `transaction_id` int(11) DEFAULT 0,
  `gl_code_ref` varchar(50) DEFAULT '',
  `statement` varchar(255) DEFAULT '',
  `debit` int(11) DEFAULT 0,
  `credit` int(11) DEFAULT 0,
  `entry_by` varchar(150) DEFAULT '',
  `entry_date_time` varchar(25) DEFAULT '',
  PRIMARY KEY (`id`)
) ENGINE=InnoDB AUTO_INCREMENT=416 DEFAULT CHARSET=latin1 COLLATE=latin1_swedish_ci;

-- Dumping data for table geely_db1.trial_balance: ~355 rows (approximately)
INSERT INTO `trial_balance` (`id`, `gl_code`, `date_time`, `transaction_id`, `gl_code_ref`, `statement`, `debit`, `credit`, `entry_by`, `entry_date_time`) VALUES
	(1, '1000/001', '2024-01-05 10:02:18', 9, '5110/000', 'Income from 5110/000', 50000, 0, 'smo', '2024-01-05 10:02:18'),
	(2, '1000/001', '2024-01-05 10:08:53', 41, '4013/003', 'Payment for PAL-T00002-2024', 300000, 0, 'smo', '2024-01-05 10:08:53'),
	(3, '1000/001', '2024-01-05 10:43:29', NULL, '4013/001', NULL, 4000000, 0, 'smo', '2024-01-05 10:43:29'),
	(4, '1000/001', '2024-01-05 10:44:31', 43, '4013/003', 'Payment for PAL-G00001-2024', 43300000, 0, 'smo', '2024-01-05 10:44:31'),
	(5, '3015/004', '2024-01-08 23:22:50', 10, '5110/000', 'Income from 5110/000', 50000, 0, 'smo', '2024-01-08 23:22:50'),
	(6, '1000/004', '2024-01-16 23:03:25', 20, '4013/003', 'Service Payment for AYY 45 56-2542', 30000, 0, 'smo', '2024-01-16 23:03:25'),
	(7, '3015/003', '2024-02-13 11:01:54', 17, '4013/001', 'Sparepart Pre Order Payment for ', 5, 0, 'smo', '2024-02-13 11:01:54'),
	(8, '3015/004', '2024-02-23 10:27:41', 5, '', 'Account Transfer  To test 2', 0, 50000, 'smo', '2024-02-23 10:27:41'),
	(9, 'test 2', '2024-02-23 10:27:41', 5, '', 'Account Transfer  From 3015/004', 200, 0, 'smo', '2024-02-23 10:27:41'),
	(10, '3015/004', '2024-02-26 12:02:19', 9, '2011/005', 'enter gl name', 0, 4780, 'smo', '2024-02-26 12:02:19'),
	(11, '3015/005', '2024-02-26 12:10:35', 10, '1000/004', 'YGN Showroom- Advance In Hand', 0, 5000, 'smo', '2024-02-26 12:10:35'),
	(12, '3015/005', '2024-02-26 12:10:35', 11, '2005/002', 'YGN Showroom Building', 0, 6000, 'smo', '2024-02-26 12:10:35'),
	(13, '1000/002', '2024-03-11 13:32:36', 11, '5110/000', 'Income from 5110/000', 5000, 0, 'smo', '2024-03-11 13:32:36'),
	(14, '1000/002', '2024-03-11 13:34:54', 8, '4013/002', 'Advance Receipt', 500000, 0, 'smo', '2024-03-11 13:34:54'),
	(15, '3015/003', '2024-03-11 13:35:12', 8, '4013/002', 'Advance Receipt Settlement', 0, 500000, 'smo', '2024-03-11 13:35:12'),
	(16, 'test 2', '2024-03-11 13:37:30', 9, '', 'Account Transfer  To 1000/001', 0, 500, 'smo', '2024-03-11 13:37:30'),
	(17, '1000/001', '2024-03-11 13:37:30', 9, '', 'Account Transfer  From test 2', 500, 0, 'smo', '2024-03-11 13:37:30'),
	(18, '3015/004', '2024-03-11 13:39:04', 6, '', 'Account Transfer  To 3015/003', 0, 5000, 'smo', '2024-03-11 13:39:04'),
	(19, '3015/003', '2024-03-11 13:39:04', 6, '', 'Account Transfer  From 3015/004', 45, 0, 'smo', '2024-03-11 13:39:04'),
	(20, '1000/004', '2024-03-11 13:45:46', NULL, '4013/001', NULL, 1000000, 0, 'smo', '2024-03-11 13:45:46'),
	(21, '3015/003', '2024-03-11 13:47:47', 45, '4013/003', 'Payment for PAL-G00003-2024', 51500000, 0, 'smo', '2024-03-11 13:47:47'),
	(22, '1000/001', '2024-03-11 14:00:14', NULL, '4013/001', NULL, 0, 0, 'smo', '2024-03-11 14:00:14'),
	(23, '1000/004', '2024-03-11 14:18:59', 0, '4013/001', 'Deposit for PAL-G00004-2024', 1000000, 0, 'smo', '2024-03-11 14:18:59'),
	(24, '3015/003', '2024-03-11 14:42:31', 5, '4013/001', 'Deposit Refund', 0, 0, 'smo', '2024-03-11 14:42:31'),
	(25, '3015/005', '2024-03-11 14:44:37', 47, '4013/003', 'Payment for PAL-G00004-2024', 53468000, 0, 'smo', '2024-03-11 14:44:37'),
	(26, '1000/002', '2024-03-11 15:22:04', 6, '4013/001', 'Deposit Refund', 0, 1000000, 'smo', '2024-03-11 15:22:04'),
	(27, '3015/003', '2024-03-14 10:11:30', 12, '1000/003', 'Advance/Bank in Transit', 0, 250000, 'smo', '2024-03-14 10:11:30'),
	(28, '3015/004', '2024-03-14 10:11:30', 13, '1000/002', 'Main Advance - YGN', 0, 45000, 'smo', '2024-03-14 10:11:30'),
	(29, '3015/005', '2024-03-14 10:11:30', 14, '1000/003', 'Advance/Bank in Transit', 0, 100000, 'smo', '2024-03-14 10:11:30'),
	(33, '1000/001', '2024-03-14 11:04:24', 8, '1000/001', 'Settlement expense to 1000/001 (Cash in Hand-MDY)', 2780, 0, 'smo', '2024-03-14 11:04:24'),
	(34, '1000/004', '2024-03-15 10:25:47', 0, '4013/001', 'Deposit for PAL-G00005-2024', 1000000, 0, 'smo', '2024-03-15 10:25:47'),
	(35, 'test 2', '2024-03-15 10:26:20', 48, '4013/003', 'Payment for PAL-G00005-2024', 52550000, 0, 'smo', '2024-03-15 10:26:20'),
	(36, '111/11', '2024-03-15 10:48:28', 10, '', 'Account Transfer  To 1000/001', 0, 10000, 'smo', '2024-03-15 10:48:28'),
	(37, '1000/001', '2024-03-15 10:48:28', 10, '', 'Account Transfer  From 111/11', 10000, 0, 'smo', '2024-03-15 10:48:28'),
	(38, '111/11', '2024-03-15 10:51:20', 7, '', 'Account Transfer  To 333/123', 0, 20000, 'smo', '2024-03-15 10:51:20'),
	(39, '333/123', '2024-03-15 10:51:20', 7, '', 'Account Transfer  From 111/11', 5, 0, 'smo', '2024-03-15 10:51:20'),
	(40, '111/11', '2024-03-15 10:55:28', 17, '8001/000', 'Income from 8001/000', 5000, 0, 'smo', '2024-03-15 10:55:28'),
	(41, '111/11', '2024-03-15 10:57:32', 9, '4013/002', 'Advance Receipt', 1000000, 0, 'smo', '2024-03-15 10:57:32'),
	(42, '111/11', '2024-03-15 10:58:27', 9, '4013/002', 'Advance Receipt Settlement', 0, 1000000, 'smo', '2024-03-15 10:58:27'),
	(43, '111/11', '2024-03-15 11:14:21', 15, '1000/002', 'Main Advance - YGN', 0, 10000, 'smo', '2024-03-15 11:14:21'),
	(44, '111/11', '2024-03-15 11:30:18', 10, '111/11', 'Settlement expense to 111/11 (3213)', 5000, 0, 'smo', '2024-03-15 11:30:18'),
	(45, '111/11', '2024-03-15 11:36:20', 0, '4013/001', 'Deposit for PAL-G00006-2024', 1000000, 0, 'smo', '2024-03-15 11:36:20'),
	(46, '111/11', '2024-03-15 11:37:26', 49, '4013/003', 'Payment for PAL-G00006-2024', 73650000, 0, 'smo', '2024-03-15 11:37:26'),
	(47, '111/11', '2024-03-15 11:38:36', 7, '4013/001', 'Deposit Refund', 0, 1000000, 'smo', '2024-03-15 11:38:36'),
	(48, '111/11', '2024-03-15 11:45:39', 21, '4013/003', 'Service Payment for MON 45 69-3266', 50000, 0, 'smo', '2024-03-15 11:45:39'),
	(49, '111/11', '2024-03-15 14:47:53', 16, '1000/003', 'Advance/Bank in Transit', 0, 40000, 'smo', '2024-03-15 14:47:53'),
	(50, '3015/004', '2024-03-18 14:16:20', 8, '', 'Account Transfer  To test 3', 0, 5000, 'smo', '2024-03-18 14:16:20'),
	(51, 'test 3', '2024-03-18 14:16:20', 8, '', 'Account Transfer  From 3015/004', 5000, 0, 'smo', '2024-03-18 14:16:20'),
	(52, '111/11', '2024-03-18 14:20:24', 9, '', 'Account Transfer  To 3015/004', 0, 5000, 'smo', '2024-03-18 14:20:24'),
	(53, '3015/004', '2024-03-18 14:20:24', 9, '', 'Account Transfer  From 111/11', 5000, 0, 'smo', '2024-03-18 14:20:24'),
	(54, '1000/002', '2024-03-18 14:29:01', 18, '5110/000', 'Income from 5110/000', 1000, 0, 'smo', '2024-03-18 14:29:01'),
	(55, '1000/002', '2024-03-18 14:35:00', 19, '5110/001', 'Income from 5110/001', 10000, 0, 'smo', '2024-03-18 14:35:00'),
	(56, '1000/002', '2024-03-18 14:37:07', 10, '4013/002', 'Advance Receipt', 20000, 0, 'smo', '2024-03-18 14:37:07'),
	(57, '1000/002', '2024-03-18 14:38:02', 11, '4013/002', 'Advance Receipt', 30000, 0, 'smo', '2024-03-18 14:38:02'),
	(58, '1000/001', '2024-03-18 14:39:09', 12, '4013/002', 'Advance Receipt', 10000, 0, 'smo', '2024-03-18 14:39:09'),
	(59, '1000/004', '2024-03-18 14:59:07', 13, '4013/002', 'Advance Receipt', 50000, 0, 'smo', '2024-03-18 14:59:07'),
	(60, '3015/004', '2024-03-19 10:03:21', 10, '', 'Account Transfer  To test 3', 0, 10000, 'smo', '2024-03-19 10:03:21'),
	(61, 'test 3', '2024-03-19 10:03:21', 10, '', 'Account Transfer  From 3015/004', 10000, 0, 'smo', '2024-03-19 10:03:21'),
	(62, '3015/003', '2024-03-19 10:04:57', 11, '', 'Account Transfer  To 1000/004', 0, 10000, 'smo', '2024-03-19 10:04:57'),
	(63, '1000/004', '2024-03-19 10:04:57', 11, '', 'Account Transfer  From 3015/003', 10000, 0, 'smo', '2024-03-19 10:04:57'),
	(64, 'test 2', '2024-03-19 11:40:10', 11, '', 'Account Transfer  To 3015/004', 0, 100, 'smo', '2024-03-19 11:40:10'),
	(65, '3015/004', '2024-03-19 11:40:10', 11, '', 'Account Transfer  From test 2', 50000, 0, 'smo', '2024-03-19 11:40:10'),
	(66, '111/11', '2024-03-19 11:47:11', 12, '', 'Account Transfer  To 1000/002', 0, 70, 'smo', '2024-03-19 11:47:11'),
	(67, '1000/002', '2024-03-19 11:47:11', 12, '', 'Account Transfer  From 111/11', 70, 0, 'smo', '2024-03-19 11:47:11'),
	(68, '1000/001', '2024-03-19 13:36:12', 20, '5110/001', 'Income from 5110/001', 1000, 0, 'smo', '2024-03-19 13:36:12'),
	(69, '3015/003', '2024-03-19 13:39:53', 21, '5110/001', 'Income from 5110/001', 1000, 0, 'smo', '2024-03-19 13:39:53'),
	(70, '1000/001', '2024-03-19 13:43:48', 22, '5110/001', 'Income from 5110/001', 1000, 0, 'smo', '2024-03-19 13:43:48'),
	(71, '1000/002', '2024-03-19 13:44:37', 23, '5110/001', 'Income from 5110/001', 5000, 0, 'smo', '2024-03-19 13:44:37'),
	(72, '1000/001', '2024-03-19 13:45:24', 24, '5110/001', 'Income from 5110/001', 2000, 0, 'smo', '2024-03-19 13:45:24'),
	(73, '1000/001', '2024-03-19 13:46:26', 25, '5110/001', 'Income from 5110/001', 1000, 0, 'smo', '2024-03-19 13:46:26'),
	(74, '1000/001', '2024-03-19 13:47:11', 26, '5110/001', 'Income from 5110/001', 3000, 0, 'smo', '2024-03-19 13:47:11'),
	(75, '1000/001', '2024-03-19 13:47:52', 27, '5110/001', 'Income from 5110/001', 3000, 0, 'smo', '2024-03-19 13:47:52'),
	(76, '1000/001', '2024-03-19 13:48:43', 28, '5110/001', 'Income from 5110/001', 3000, 0, 'smo', '2024-03-19 13:48:43'),
	(77, '1000/001', '2024-03-19 13:50:51', 29, '5110/001', 'Income from 5110/001', 2000, 0, 'smo', '2024-03-19 13:50:51'),
	(78, '1000/001', '2024-03-19 13:56:06', 30, '5110/001', 'Income from 5110/001', 4000, 0, 'smo', '2024-03-19 13:56:06'),
	(79, '1000/001', '2024-03-19 13:56:35', 31, '5110/001', 'Income from 5110/001', 4000, 0, 'smo', '2024-03-19 13:56:35'),
	(80, '1000/001', '2024-03-19 14:06:01', 32, '5110/001', 'Income from 5110/001', 4000, 0, 'smo', '2024-03-19 14:06:01'),
	(81, '3015/004', '2024-03-19 14:08:35', 12, '', 'Account Transfer  To 333/123', 0, 20000, 'smo', '2024-03-19 14:08:35'),
	(82, '333/123', '2024-03-19 14:08:35', 12, '', 'Account Transfer  From 3015/004', 10, 0, 'smo', '2024-03-19 14:08:35'),
	(83, '1000/001', '2024-03-19 14:18:04', 33, '5110/000', 'Income from 5110/000', 5000000, 0, 'smo', '2024-03-19 14:18:04'),
	(84, '1000/001', '2024-03-19 15:29:29', 14, '4013/002', 'Advance Receipt', 1000, 0, 'smo', '2024-03-19 15:29:29'),
	(85, '1000/001', '2024-03-19 15:44:48', 15, '4013/002', 'Advance Receipt', 700000, 0, 'smo', '2024-03-19 15:44:48'),
	(86, '1000/001', '2024-03-19 15:46:58', 16, '4013/002', 'Advance Receipt', 10000, 0, 'smo', '2024-03-19 15:46:58'),
	(87, '1000/001', '2024-03-19 15:47:40', 17, '4013/002', 'Advance Receipt', 10000, 0, 'smo', '2024-03-19 15:47:40'),
	(88, '1000/002', '2024-03-19 15:48:55', 18, '4013/002', 'Advance Receipt', 5000, 0, 'smo', '2024-03-19 15:48:55'),
	(89, '1000/001', '2024-03-19 15:51:27', 19, '4013/002', 'Advance Receipt', 10000, 0, 'smo', '2024-03-19 15:51:27'),
	(90, '1000/004', '2024-03-19 15:54:55', 20, '4013/002', 'Advance Receipt', 10000, 0, 'smo', '2024-03-19 15:54:55'),
	(91, '1000/002', '2024-03-19 15:59:53', 21, '4013/002', 'Advance Receipt', 10000, 0, 'smo', '2024-03-19 15:59:53'),
	(92, '1000/001', '2024-03-19 16:10:08', 20, '4013/002', 'Advance Receipt Settlement', 0, 10000, 'smo', '2024-03-19 16:10:08'),
	(93, '333/123', '2024-03-20 10:30:18', 34, '8001/001', 'Income from 8001/001', 10000, 0, 'smo', '2024-03-20 10:30:18'),
	(94, '111/11', '2024-03-20 10:43:46', 22, '4013/002', 'Advance Receipt', 100000, 0, 'smo', '2024-03-20 10:43:46'),
	(95, '333/123', '2024-03-20 10:45:46', 35, '8001/001', 'Income from 8001/001', 10000, 0, 'smo', '2024-03-20 10:45:46'),
	(96, '333/123', '2024-03-20 10:46:14', 36, '8001/001', 'Income from 8001/001', 100, 0, 'smo', '2024-03-20 10:46:14'),
	(97, '111/11', '2024-03-20 10:48:30', 23, '4013/002', 'Advance Receipt', 100000, 0, 'smo', '2024-03-20 10:48:30'),
	(98, '111/11', '2024-03-20 10:57:32', 24, '4013/002', 'Advance Receipt', 100000, 0, 'smo', '2024-03-20 10:57:32'),
	(99, '7001/0001', '2024-03-20 11:00:30', 25, '4013/002', 'Advance Receipt', 200000, 0, 'smo', '2024-03-20 11:00:30'),
	(100, '111/11', '2024-03-20 11:08:16', 23, '4013/002', 'Advance Receipt Settlement', 0, 100000, 'smo', '2024-03-20 11:08:16'),
	(101, '111/11', '2024-03-20 11:08:35', 24, '4013/002', 'Advance Receipt Settlement', 0, 100000, 'smo', '2024-03-20 11:08:35'),
	(102, '1000/001', '2024-03-20 11:16:08', 50, '4013/001', 'Payment for PAL-G00004-2024', 3000, 0, 'smo', '2024-03-20 11:16:08'),
	(103, '1000/004', '2024-03-20 11:18:36', 51, '4013/002', 'Payment for PAL-G00004-2024', 5000, 0, 'smo', '2024-03-20 11:18:36'),
	(104, '1000/001', '2024-03-20 11:36:49', 52, '4013/002', 'Payment for PAL-G00012-2023', 2000000, 0, 'smo', '2024-03-20 11:36:49'),
	(105, '333/123', '2024-03-20 11:51:09', 13, '', 'Account Transfer  To 111/222', 0, 15, 'smo', '2024-03-20 11:51:09'),
	(106, '111/222', '2024-03-20 11:51:09', 13, '', 'Account Transfer  From 333/123', 15, 0, 'smo', '2024-03-20 11:51:09'),
	(107, '1003', '2024-03-20 11:52:02', 14, '', 'Account Transfer  To 111/222', 0, 10000, 'smo', '2024-03-20 11:52:02'),
	(108, '111/222', '2024-03-20 11:52:02', 14, '', 'Account Transfer  From 1003', 5, 0, 'smo', '2024-03-20 11:52:02'),
	(109, '3015/004', '2024-03-20 13:06:22', 37, '8001/001', 'Income from 8001/001', 10000, 0, 'smo', '2024-03-20 13:06:22'),
	(110, '7001/0001', '2024-03-20 13:09:48', 15, '', 'Account Transfer  To 111/222', 0, 500, 'smo', '2024-03-20 13:09:48'),
	(111, '111/222', '2024-03-20 13:09:48', 15, '', 'Account Transfer  From 7001/0001', 500, 0, 'smo', '2024-03-20 13:09:48'),
	(112, '1004', '2024-03-20 13:25:35', 16, '', 'Account Transfer  To 1003', 0, 10, 'smo', '2024-03-20 13:25:35'),
	(113, '1003', '2024-03-20 13:25:35', 16, '', 'Account Transfer  From 1004', 25000, 0, 'smo', '2024-03-20 13:25:35'),
	(114, '1003', '2024-03-20 13:27:17', 17, '', 'Account Transfer  To 111/11', 0, 1000, 'smo', '2024-03-20 13:27:17'),
	(115, '111/11', '2024-03-20 13:27:17', 17, '', 'Account Transfer  From 1003', 1000, 0, 'smo', '2024-03-20 13:27:17'),
	(116, '3015/004', '2024-03-20 13:44:59', 13, '', 'Account Transfer  To 1000/002', 0, 9000, 'smo', '2024-03-20 13:44:59'),
	(117, '1000/002', '2024-03-20 13:44:59', 13, '', 'Account Transfer  From 3015/004', 9000, 0, 'smo', '2024-03-20 13:44:59'),
	(118, '3015/004', '2024-03-20 13:49:34', 18, '', 'Account Transfer  To 3015/005', 0, 300000, 'smo', '2024-03-20 13:49:34'),
	(119, '3015/005', '2024-03-20 13:49:34', 18, '', 'Account Transfer  From 3015/004', 3000, 0, 'smo', '2024-03-20 13:49:34'),
	(120, '1003', '2024-03-20 14:09:54', 26, '4013/002', 'Advance Receipt', 10000, 0, 'smo', '2024-03-20 14:09:54'),
	(121, '1003', '2024-03-20 14:11:12', 22, '4013/002', 'Advance Receipt Settlement', 0, 100000, 'smo', '2024-03-20 14:11:12'),
	(122, '1003', '2024-03-20 14:12:14', 26, '4013/002', 'Advance Receipt Settlement', 0, 10000, 'smo', '2024-03-20 14:12:14'),
	(123, '3015/004', '2024-03-20 14:38:47', 17, '2001/001', 'Office Equipment', 0, 50000, 'smo', '2024-03-20 14:38:47'),
	(124, '1003', '2024-03-20 14:56:09', 11, '1003', 'Settlement expense to 1003 (SM)', 40000, 0, 'smo', '2024-03-20 14:56:09'),
	(125, '3015/003', '2024-03-20 15:41:45', 18, '2001/001', 'Office Equipment', 0, 10000, 'smo', '2024-03-20 15:41:45'),
	(126, '1005', '2024-03-21 10:04:21', 12, '1005', 'Settlement expense to 1005 (Test_SM)', 30000, 0, 'smo', '2024-03-21 10:04:21'),
	(127, '1004', '2024-03-21 10:13:40', 53, '4013/001', 'Payment for PAL-G00007-2023', 10000, 0, 'smo', '2024-03-21 10:13:40'),
	(128, '1004', '2024-03-21 11:24:17', NULL, '4013/001', NULL, 1000000, 0, 'smo', '2024-03-21 11:24:17'),
	(129, '1004', '2024-03-21 11:32:12', 55, '4013/001', 'Payment for PAL-G00008-2024', 132925000, 0, 'smo', '2024-03-21 11:32:12'),
	(130, '1004', '2024-03-21 13:46:10', NULL, '4013/001', NULL, 3000000, 0, 'smo', '2024-03-21 13:46:10'),
	(131, '1004', '2024-03-21 14:26:07', 57, '4013/001', 'Payment for PAL-G00009-2024', 300000, 0, 'smo', '2024-03-21 14:26:07'),
	(132, '1004', '2024-03-21 14:28:06', 58, '4013/001', 'Payment for PAL-G00009-2024', 70350000, 0, 'smo', '2024-03-21 14:28:06'),
	(133, '111/223', '2024-03-22 09:27:28', 38, '5110/001', 'Income from 5110/001', 10000, 0, 'smo', '2024-03-22 09:27:28'),
	(134, '1004', '2024-03-22 09:39:33', 22, '4013/003', 'Service Payment for SGG 43 52-4532', 20000, 0, 'smo', '2024-03-22 09:39:33'),
	(135, '1006', '2024-03-22 10:35:39', 19, '', 'Account Transfer  To 1003', 0, 100000, 'smo', '2024-03-22 10:35:39'),
	(136, '1003', '2024-03-22 10:35:39', 19, '', 'Account Transfer  From 1006', 100000, 0, 'smo', '2024-03-22 10:35:39'),
	(137, '1006', '2024-03-22 10:58:45', 20, '', 'Account Transfer  To 111/11', 0, 100000, 'smo', '2024-03-22 10:58:45'),
	(138, '111/11', '2024-03-22 10:58:45', 20, '', 'Account Transfer  From 1006', 100000, 0, 'smo', '2024-03-22 10:58:45'),
	(139, '1007', '2024-03-22 11:28:25', 21, '', 'Account Transfer  To 1003', 0, 10, 'smo', '2024-03-22 11:28:25'),
	(140, '1003', '2024-03-22 11:28:25', 21, '', 'Account Transfer  From 1007', 25000, 0, 'smo', '2024-03-22 11:28:25'),
	(141, '111/223', '2024-03-22 11:47:23', 22, '', 'Account Transfer  To 111/222', 0, 60000, 'smo', '2024-03-22 11:47:23'),
	(142, '111/222', '2024-03-22 11:47:23', 22, '', 'Account Transfer  From 111/223', 20, 0, 'smo', '2024-03-22 11:47:23'),
	(143, '1007', '2024-03-22 13:27:13', NULL, '4013/001', NULL, 1500000, 0, 'smo', '2024-03-22 13:27:13'),
	(144, '1007', '2024-03-22 14:09:47', 60, '4013/001', 'Payment for PAL-G00014-2024', 2000000, 0, 'smo', '2024-03-22 14:09:47'),
	(145, '1003', '2024-03-22 14:15:21', 61, '4013/001', 'Payment for PAL-G00014-2024', 50000, 0, 'smo', '2024-03-22 14:15:21'),
	(146, '1007', '2024-03-22 14:19:52', 62, '4013/001', 'Payment for PAL-G00014-2024', 5100000, 0, 'smo', '2024-03-22 14:19:52'),
	(147, '1007', '2024-03-22 14:20:34', 63, '4013/001', 'Payment for PAL-G00014-2024', 65000000, 0, 'smo', '2024-03-22 14:20:34'),
	(148, '1007', '2024-03-22 14:26:19', 23, '4013/003', 'Service Payment for AYY 65 ds-8556', 60000, 0, 'smo', '2024-03-22 14:26:19'),
	(149, '1004', '2024-03-23 21:52:18', 39, '5110/000', 'Income from 5110/000', 100000, 0, 'smo', '2024-03-23 21:52:18'),
	(150, '1004', '2024-03-23 22:09:10', 27, '4013/002', 'Advance Receipt', 50000, 0, 'smo', '2024-03-23 22:09:10'),
	(151, '3015/003', '2024-03-24 23:03:50', 19, '1001/000', 'PAID UP CAPITAL', 0, 50000, 'smo', '2024-03-24 23:03:50'),
	(152, '1000/001', '2024-03-24 23:38:02', 0, '4013/001', 'Deposit for PAL-G00013-2024', 1000000, 0, 'smo', '2024-03-24 23:38:02'),
	(153, '1000/001', '2024-03-24 23:48:28', 64, '4013/003', 'Payment for PAL-G00013-2024', 50000, 0, 'smo', '2024-03-24 23:48:28'),
	(154, '1000/001', '2024-03-25 00:19:24', 65, '4013/001', 'Deposit for PAL-G00015-2024', 1000000, 0, 'smo', '2024-03-25 00:19:24'),
	(158, '1000/001', '2024-03-25 00:37:36', 16, '4013/001', 'Deposit for PAL-G00012-2024', 2000000, 0, 'smo', '2024-03-25 00:37:36'),
	(159, '1000/002', '2024-03-25 09:40:56', 28, '4013/002', 'Advance Receipt', 100000, 0, 'smo', '2024-03-25 09:40:56'),
	(160, '1000/001', '2024-03-25 09:42:02', 29, '4013/002', 'Advance Receipt', 50000, 0, 'smo', '2024-03-25 09:42:02'),
	(161, '1004', '2024-03-25 09:45:24', 14, '', 'Account Transfer  To 1000/001', 0, 50000, 'smo', '2024-03-25 09:45:24'),
	(162, '1000/001', '2024-03-25 09:45:24', 14, '', 'Account Transfer  From 1004', 50000, 0, 'smo', '2024-03-25 09:45:24'),
	(163, '1004', '2024-03-25 09:48:44', 40, '5110/001', 'Income from 5110/001', 30000, 0, 'smo', '2024-03-25 09:48:44'),
	(164, '3015/005', '2024-03-25 10:42:38', 23, '', 'Account Transfer  To 999/111', 0, 10, 'smo', '2024-03-25 10:42:38'),
	(165, '999/111', '2024-03-25 10:42:38', 23, '', 'Account Transfer  From 3015/005', 40000, 0, 'smo', '2024-03-25 10:42:38'),
	(166, '7001/0001', '2024-03-25 10:43:48', 24, '', 'Account Transfer  To 111/222', 0, 100, 'smo', '2024-03-25 10:43:48'),
	(167, '111/222', '2024-03-25 10:43:48', 24, '', 'Account Transfer  From 7001/0001', 100, 0, 'smo', '2024-03-25 10:43:48'),
	(168, '999/111', '2024-03-25 10:47:45', 15, '', 'Account Transfer  To 1000/001', 0, 5000, 'smo', '2024-03-25 10:47:45'),
	(169, '1000/001', '2024-03-25 10:47:45', 15, '', 'Account Transfer  From 999/111', 5000, 0, 'smo', '2024-03-25 10:47:45'),
	(170, '1006', '2024-03-25 11:11:10', 20, '1004/000', 'Retained Earning(2019-20)', 0, 50000, 'smo', '2024-03-25 11:11:10'),
	(171, '999/111', '2024-03-25 11:27:16', 13, '999/111', 'Settlement expense to 999/111 (Testing Bank)', 15000, 0, 'smo', '2024-03-25 11:27:16'),
	(172, '999/111', '2024-03-25 11:58:24', 17, '4013/001', 'Deposit for PAL-G00016-2024', 1000000, 0, 'smo', '2024-03-25 11:58:24'),
	(173, '999/111', '2024-03-25 11:59:19', 66, '4013/003', 'Payment for PAL-G00016-2024', 84969000, 0, 'smo', '2024-03-25 11:59:19'),
	(174, '1005', '2024-03-25 12:16:57', 30, '4013/002', 'Advance Receipt', 5000000, 0, 'smo', '2024-03-25 12:16:57'),
	(175, '1007', '2024-03-25 12:17:13', 13, '4013/002', 'Advance Receipt Settlement', 0, 50000, 'smo', '2024-03-25 12:17:13'),
	(176, '999/111', '2024-03-25 12:19:10', 8, '4013/001', 'Deposit Refund', 0, 1000000, 'smo', '2024-03-25 12:19:10'),
	(177, '7001/0001', '2024-03-25 15:45:59', 24, '4013/003', 'Service Payment for RKE 12 BB-1241', 110700, 0, 'smo', '2024-03-25 15:45:59'),
	(178, '111/222', '2024-03-26 14:23:30', 25, '', 'Account Transfer  To 111/223', 0, 100, 'smo', '2024-03-26 14:23:30'),
	(179, '111/223', '2024-03-26 14:23:30', 25, '', 'Account Transfer  From 111/222', 350000, 0, 'smo', '2024-03-26 14:23:30'),
	(180, '111/222', '2024-03-26 14:25:58', 26, '', 'Account Transfer  To 1007', 0, 10, 'smo', '2024-03-26 14:25:58'),
	(181, '1007', '2024-03-26 14:25:58', 26, '', 'Account Transfer  From 111/222', 10, 0, 'smo', '2024-03-26 14:25:58'),
	(182, '1007', '2024-03-26 14:27:03', 27, '', 'Account Transfer  To 111/222', 0, 10, 'smo', '2024-03-26 14:27:03'),
	(183, '111/222', '2024-03-26 14:27:03', 27, '', 'Account Transfer  From 1007', 10, 0, 'smo', '2024-03-26 14:27:03'),
	(184, '111/222', '2024-03-28 11:46:31', 41, '222/111', 'Income from 222/111', 50000, 0, 'smo', '2024-03-28 11:46:31'),
	(185, '111/222', '2024-03-28 13:11:24', 31, '4013/002', 'Advance Receipt', 10000, 0, 'smo', '2024-03-28 13:11:24'),
	(186, '111/222', '2024-03-28 13:12:56', 31, '4013/002', 'Advance Receipt Settlement', 0, 10000, 'smo', '2024-03-28 13:12:56'),
	(187, '111/223', '2024-03-28 14:11:44', 21, '2004/015', 'Accumulated Dep: Plant , Machinery & Service Equipment', 0, 5000, 'smo', '2024-03-28 14:11:44'),
	(188, '111/223', '2024-03-29 10:02:55', 22, '2100/005', 'Inventory-Geely Accessories', 0, 500, 'smo', '2024-03-29 10:02:55'),
	(189, '1004', '2024-03-29 10:12:59', 23, '4013/016', 'Deferred Income', 0, 100000, 'smo', '2024-03-29 10:12:59'),
	(190, '1005', '2024-03-29 11:00:09', 16, '', 'Account Transfer  To 1000/001', 0, 1000, 'smo', '2024-03-29 11:00:09'),
	(191, '1000/001', '2024-03-29 11:00:09', 16, '', 'Account Transfer  From 1005', 1000, 0, 'smo', '2024-03-29 11:00:09'),
	(192, '111/223', '2024-03-29 11:07:04', 17, '', 'Account Transfer  To 1000/001', 0, 4500, 'smo', '2024-03-29 11:07:04'),
	(193, '1000/001', '2024-03-29 11:07:04', 17, '', 'Account Transfer  From 111/223', 4500, 0, 'smo', '2024-03-29 11:07:04'),
	(194, '1003', '2024-03-29 11:31:34', 28, '', 'Account Transfer  To 3015/004', 0, 9000, 'smo', '2024-03-29 11:31:34'),
	(195, '3015/004', '2024-03-29 11:31:34', 28, '', 'Account Transfer  From 1003', 9000, 0, 'smo', '2024-03-29 11:31:34'),
	(196, '1009', '2024-03-29 14:12:05', 24, '1001/009', 'Paid Up Capital - U Aung Myo Myat', 0, 100000, 'smo', '2024-03-29 14:12:05'),
	(197, '1009', '2024-03-29 14:29:17', 25, '1001/006', 'Paid Up Capital-UTHL(IA)', 0, 200000, 'tpt', '2024-03-29 14:29:17'),
	(198, '1009', '2024-03-29 15:17:00', 26, '4014/000', 'Loan - CDSG', 0, 100000, 'smo', '2024-03-29 15:17:00'),
	(199, '1009', '2024-03-29 15:32:33', 42, '5110/000', 'Income from 5110/000', 50000, 0, 'smo', '2024-03-29 15:32:33'),
	(200, '1009', '2024-03-29 15:36:49', 29, '', 'Account Transfer  To 1004', 0, 50000, 'smo', '2024-03-29 15:36:49'),
	(201, '1004', '2024-03-29 15:36:49', 29, '', 'Account Transfer  From 1009', 10, 0, 'smo', '2024-03-29 15:36:49'),
	(202, '1004', '2024-03-29 16:03:14', 30, '', 'Account Transfer  To 1009', 0, 1000, 'smo', '2024-03-29 16:03:14'),
	(203, '1009', '2024-03-29 16:03:14', 30, '', 'Account Transfer  From 1004', 1000000, 0, 'smo', '2024-03-29 16:03:14'),
	(204, '1004', '2024-03-29 16:05:11', 67, '4013/001', 'Deposit for PAL-G00017-2024', 1500000, 0, 'smo', '2024-03-29 16:05:11'),
	(205, '1009', '2024-03-29 16:07:13', 68, '4013/001', 'Payment for PAL-G00017-2024', 10000000, 0, 'smo', '2024-03-29 16:07:13'),
	(206, '1009', '2024-03-29 16:09:09', 69, '4013/001', 'Payment for PAL-G00017-2024', 20000000, 0, 'smo', '2024-03-29 16:09:09'),
	(207, '1004', '2024-03-29 16:10:35', 30, '4013/002', 'Advance Receipt Settlement', 0, 5000000, 'smo', '2024-03-29 16:10:35'),
	(208, '7001/0001', '2024-03-30 10:19:48', 31, '', 'Account Transfer  To test 3', 0, 100, 'smo', '2024-03-30 10:19:48'),
	(209, 'test 3', '2024-03-30 10:19:48', 31, '', 'Account Transfer  From 7001/0001', 300000, 0, 'smo', '2024-03-30 10:19:48'),
	(210, '1010', '2024-04-01 10:38:28', 43, '5110/000', 'Income from 5110/000', 100000, 0, 'smo', '2024-04-01 10:38:28'),
	(211, '1003', '2024-04-01 10:50:39', 15, '1003', 'Settlement expense to 1003 (SM)', 50000, 0, 'smo', '2024-04-01 10:50:39'),
	(212, '1009', '2024-04-01 11:24:34', 32, '', 'Account Transfer  To 1010', 0, 3000000, 'smo', '2024-04-01 11:24:34'),
	(213, '1010', '2024-04-01 11:24:34', 32, '', 'Account Transfer  From 1009', 3000000, 0, 'smo', '2024-04-01 11:24:34'),
	(214, '1010', '2024-04-01 11:25:17', 70, '4013/001', 'Deposit for PAL-G00018-2024', 1500000, 0, 'smo', '2024-04-01 11:25:17'),
	(215, '1010', '2024-04-01 11:58:31', 71, '4013/001', 'Payment for PAL-G00018-2024', 1000000, 0, 'smo', '2024-04-01 11:58:31'),
	(216, '1000/002', '2024-04-01 15:02:35', 72, '4013/001', 'Deposit for PAL-G00011-2024', 2500000, 0, 'smo', '2024-04-01 15:02:35'),
	(217, '3015/004', '2024-04-01 16:28:17', 18, '', 'Account Transfer  To 3015/005', 0, 50000, 'smo', '2024-04-01 16:28:17'),
	(218, '3015/005', '2024-04-01 16:28:17', 18, '', 'Account Transfer  From 3015/004', 50000, 0, 'smo', '2024-04-01 16:28:17'),
	(219, '1004', '2024-04-02 10:16:18', 19, '', 'Account Transfer  To 1010', 0, 100000, 'smo', '2024-04-02 10:16:18'),
	(220, '1010', '2024-04-02 10:16:18', 19, '', 'Account Transfer  From 1004', 100000, 0, 'smo', '2024-04-02 10:16:18'),
	(221, '1010', '2024-04-02 15:51:32', 73, '4013/001', 'Deposit for PAL-G00022-2024', 1000000, 0, 'smo', '2024-04-02 15:51:32'),
	(222, '1004', '2024-04-02 15:55:41', 27, '1000/003', 'Advance/Bank in Transit', 0, 50000, 'smo', '2024-04-02 15:55:41'),
	(223, '1009', '2024-04-03 09:11:50', 33, '', 'Account Transfer  To 1011', 0, 8000000, 'smo', '2024-04-03 09:11:50'),
	(224, '1011', '2024-04-03 09:11:50', 33, '', 'Account Transfer  From 1009', 8000000, 0, 'smo', '2024-04-03 09:11:50'),
	(225, '1004', '2024-04-03 09:51:26', 16, '1004', 'Settlement expense to 1004 (Test_SM)', 190000, 0, 'smo', '2024-04-03 09:51:26'),
	(226, '1004', '2024-04-03 10:37:08', 20, '', 'Account Transfer  To 1000/002', 0, 10000, 'smo', '2024-04-03 10:37:08'),
	(227, '1000/002', '2024-04-03 10:37:08', 20, '', 'Account Transfer  From 1004', 10000, 0, 'smo', '2024-04-03 10:37:08'),
	(228, '1005', '2024-04-03 10:42:48', 21, '', 'Account Transfer  To 1000/002', 0, 1000, 'smo', '2024-04-03 10:42:48'),
	(229, '1000/002', '2024-04-03 10:42:48', 21, '', 'Account Transfer  From 1005', 1000, 0, 'smo', '2024-04-03 10:42:48'),
	(230, '1004', '2024-04-03 11:10:00', 74, '4013/001', 'Deposit for PAL-G00025-2024', 1000000, 0, 'smo', '2024-04-03 11:10:00'),
	(231, '1006', '2024-04-03 11:28:16', 75, '4013/001', 'Deposit for PAL-G00020-2024', 1000000, 0, 'smo', '2024-04-03 11:28:16'),
	(232, '1006', '2024-04-03 11:30:23', 76, '4013/001', 'Payment for PAL-G00025-2024', 500000, 0, 'smo', '2024-04-03 11:30:23'),
	(233, '1011', '2024-04-03 11:44:23', 34, '', 'Account Transfer  To 1008', 0, 100000, 'smo', '2024-04-03 11:44:23'),
	(234, '1008', '2024-04-03 11:44:24', 34, '', 'Account Transfer  From 1011', 100000, 0, 'smo', '2024-04-03 11:44:24'),
	(235, '1013', '2024-04-03 11:47:36', 32, '4013/002', 'Advance Receipt', 10000, 0, 'smo', '2024-04-03 11:47:36'),
	(236, '1011', '2024-04-03 11:48:32', 33, '4013/002', 'Advance Receipt', 10000, 0, 'smo', '2024-04-03 11:48:32'),
	(237, '1004', '2024-04-03 13:42:00', 77, '4013/001', 'Deposit for PAL-G00027-2024', 1000000, 0, 'smo', '2024-04-03 13:42:00'),
	(238, '1004', '2024-04-03 13:43:25', 78, '4013/001', 'Deposit for PAL-G00027-2024', 1000000, 0, 'smo', '2024-04-03 13:43:25'),
	(239, '1004', '2024-04-03 13:47:54', 79, '4013/001', 'Payment for PAL-G00027-2024', 500000, 0, 'smo', '2024-04-03 13:47:54'),
	(240, '1006', '2024-04-03 13:59:13', 80, '4013/001', 'Deposit for PAL-T00003-2024', 1500000, 0, 'smo', '2024-04-03 13:59:13'),
	(241, '1006', '2024-04-03 14:00:09', 81, '4013/002', 'Payment for PAL-T00003-2024', 1000000, 0, 'smo', '2024-04-03 14:00:09'),
	(242, '1006', '2024-04-03 14:01:58', 82, '4013/003', 'Payment for PAL-T00003-2024', 500000, 0, 'smo', '2024-04-03 14:01:58'),
	(243, '1006', '2024-04-03 14:48:10', 83, '4013/001', 'Deposit for PAL-G00026-2024', 1000000, 0, 'smo', '2024-04-03 14:48:10'),
	(244, '1006', '2024-04-03 14:49:30', 84, '4013/003', 'Payment for PAL-G00026-2024', 500000, 0, 'smo', '2024-04-03 14:49:30'),
	(245, '1006', '2024-04-03 14:50:53', 85, '4013/002', 'Payment for PAL-G00026-2024', 100000, 0, 'smo', '2024-04-03 14:50:53'),
	(246, '1004', '2024-04-03 15:00:50', 86, '4013/001', 'Deposit for PAL-G00023-2024', 1000000, 0, 'smo', '2024-04-03 15:00:50'),
	(247, '1004', '2024-04-03 15:02:01', 87, '4013/002', 'Payment for PAL-G00023-2024', 10000000, 0, 'smo', '2024-04-03 15:02:01'),
	(248, '1011', '2024-04-03 15:28:31', 44, '5110/000', 'Income from 5110/000', 100000, 0, 'smo', '2024-04-03 15:28:31'),
	(249, '1011', '2024-04-03 15:29:39', 34, '4013/002', 'Advance Receipt', 50000, 0, 'smo', '2024-04-03 15:29:39'),
	(250, '1008', '2024-04-03 15:38:17', 35, '', 'Account Transfer  To 1011', 0, 10000, 'smo', '2024-04-03 15:38:17'),
	(251, '1011', '2024-04-03 15:38:17', 35, '', 'Account Transfer  From 1008', 10000, 0, 'smo', '2024-04-03 15:38:17'),
	(252, '1011', '2024-04-03 15:39:49', 36, '', 'Account Transfer  To 1010', 0, 50000, 'smo', '2024-04-03 15:39:49'),
	(253, '1010', '2024-04-03 15:39:49', 36, '', 'Account Transfer  From 1011', 50000, 0, 'smo', '2024-04-03 15:39:49'),
	(254, '1006', '2024-04-03 15:56:57', 35, '4013/002', 'Advance Receipt', 1000000, 0, 'smo', '2024-04-03 15:56:57'),
	(255, '1011', '2024-04-03 15:58:07', 36, '4013/002', 'Advance Receipt', 100000, 0, 'smo', '2024-04-03 15:58:07'),
	(256, '1011', '2024-04-03 16:02:08', 36, '4013/002', 'Advance Receipt Settlement', 0, 100000, 'smo', '2024-04-03 16:02:08'),
	(257, '1011', '2024-04-03 16:09:34', 22, '', 'Account Transfer  To 1006', 0, 100000, 'smo', '2024-04-03 16:09:34'),
	(258, '1006', '2024-04-03 16:09:34', 22, '', 'Account Transfer  From 1011', 100000, 0, 'smo', '2024-04-03 16:09:34'),
	(259, '1010', '2024-04-03 16:10:53', 37, '', 'Account Transfer  To 111/11', 0, 50000, 'smo', '2024-04-03 16:10:53'),
	(260, '111/11', '2024-04-03 16:10:53', 37, '', 'Account Transfer  From 1010', 50000, 0, 'smo', '2024-04-03 16:10:53'),
	(261, '1011', '2024-04-03 16:14:05', 9, '4013/001', 'Deposit Refund', 0, 1000000, 'smo', '2024-04-03 16:14:05'),
	(262, '1011', '2024-04-03 16:19:26', 88, '4013/001', 'Payment for PAL-G00027-2024', 214000, 0, 'smo', '2024-04-03 16:19:26'),
	(263, '1004', '2024-04-04 09:29:46', 23, '', 'Account Transfer  To 1000/002', 0, 10000, 'smo', '2024-04-04 09:29:46'),
	(264, '1000/002', '2024-04-04 09:29:46', 23, '', 'Account Transfer  From 1004', 10000, 0, 'smo', '2024-04-04 09:29:46'),
	(265, '1007', '2024-04-04 09:30:45', 24, '', 'Account Transfer  To 1000/001', 0, 10000, 'smo', '2024-04-04 09:30:45'),
	(266, '1000/001', '2024-04-04 09:30:45', 24, '', 'Account Transfer  From 1007', 10000, 0, 'smo', '2024-04-04 09:30:45'),
	(267, '1006', '2024-04-04 09:31:21', 25, '', 'Account Transfer  To 1000/002', 0, 50000, 'smo', '2024-04-04 09:31:21'),
	(268, '1000/002', '2024-04-04 09:31:21', 25, '', 'Account Transfer  From 1006', 50000, 0, 'smo', '2024-04-04 09:31:21'),
	(269, '1011', '2024-04-04 09:31:58', 26, '', 'Account Transfer  To 1000/002', 0, 20000, 'smo', '2024-04-04 09:31:58'),
	(270, '1000/002', '2024-04-04 09:31:58', 26, '', 'Account Transfer  From 1011', 20000, 0, 'smo', '2024-04-04 09:31:58'),
	(271, '1011', '2024-04-04 09:38:29', 38, '', 'Account Transfer  To 1014', 0, 50000, 'smo', '2024-04-04 09:38:29'),
	(272, '1014', '2024-04-04 09:38:29', 38, '', 'Account Transfer  From 1011', 50000, 0, 'smo', '2024-04-04 09:38:29'),
	(273, '1004', '2024-04-04 10:06:46', 89, '4013/001', 'Deposit for PAL-T00004-2024', 1000000, 0, 'smo', '2024-04-04 10:06:46'),
	(274, '1011', '2024-04-04 10:09:31', 90, '4013/001', 'Payment for PAL-T00004-2024', 100000, 0, 'smo', '2024-04-04 10:09:31'),
	(275, '1003', '2024-04-04 11:02:01', 91, '4013/001', 'Deposit for PAL-G00024-2024', 1500000, 0, 'smo', '2024-04-04 11:02:01'),
	(276, '1004', '2024-04-04 13:43:16', 92, '4013/001', 'Deposit for PAL-G00019-2024', 1000000, 0, 'smo', '2024-04-04 13:43:16'),
	(277, '1009', '2024-04-04 14:03:52', 37, '4013/002', 'Advance Receipt', 100000, 0, 'smo', '2024-04-04 14:03:52'),
	(278, '1004', '2024-04-04 14:47:57', 93, '4013/001', 'Payment for PAL-G00012-2024', 100000, 0, 'smo', '2024-04-04 14:47:57'),
	(279, '1006', '2024-04-04 14:52:00', 94, '4013/001', 'Payment for PAL-G00012-2024', 100000, 0, 'smo', '2024-04-04 14:52:00'),
	(280, '111/223', '2024-04-04 15:14:29', 38, '4013/002', 'Advance Receipt', 2147483647, 0, 'smo', '2024-04-04 15:14:29'),
	(281, '111/223', '2024-04-04 15:14:51', 38, '4013/002', 'Advance Receipt Settlement', 0, 2147483647, 'smo', '2024-04-04 15:14:51'),
	(282, '1006', '2024-04-05 10:55:05', 28, '1001/005', 'Paid Up Capital-DKMML (IA)', 0, 10000, 'smo', '2024-04-05 10:55:05'),
	(283, '1006', '2024-04-05 10:59:12', 29, '1001/000', 'PAID UP CAPITAL', 0, 100000, 'smo', '2024-04-05 10:59:12'),
	(284, '1008', '2024-04-09 09:38:16', 39, '', 'Account Transfer  To 1010', 0, 5000, 'smo', '2024-04-09 09:38:16'),
	(285, '1010', '2024-04-09 09:38:16', 39, '', 'Account Transfer  From 1008', 5000, 0, 'smo', '2024-04-09 09:38:16'),
	(286, '1008', '2024-04-09 09:48:03', 27, '', 'Account Transfer  To 1003', 0, 5000, 'smo', '2024-04-09 09:48:03'),
	(287, '1003', '2024-04-09 09:48:03', 27, '', 'Account Transfer  From 1008', 5000, 0, 'smo', '2024-04-09 09:48:03'),
	(288, '1010', '2024-04-09 10:47:34', 40, '', 'Account Transfer  To 1011', 0, 10000, 'smo', '2024-04-09 10:47:34'),
	(289, '1011', '2024-04-09 10:47:34', 40, '', 'Account Transfer  From 1010', 10000, 0, 'smo', '2024-04-09 10:47:34'),
	(292, '1004', '2024-04-09 15:12:55', 22, '1004', 'Settlement expense to 1004 (Test_SM)', -500, 0, 'smo', '2024-04-09 15:12:55'),
	(293, '7001/0001', '2024-04-09 15:50:09', 28, '', 'Account Transfer  To 111/222', 0, 50, 'smo', '2024-04-09 15:50:09'),
	(294, '111/222', '2024-04-09 15:50:09', 28, '', 'Account Transfer  From 7001/0001', 50, 0, 'smo', '2024-04-09 15:50:09'),
	(295, '7001/0001', '2024-04-09 15:51:13', 29, '', 'Account Transfer  To 1000/001', 0, 50, 'smo', '2024-04-09 15:51:13'),
	(296, '1000/001', '2024-04-09 15:51:13', 29, '', 'Account Transfer  From 7001/0001', 50, 0, 'smo', '2024-04-09 15:51:13'),
	(297, 'test 3', '2024-04-10 15:08:36', 39, '4013/002', 'Advance Receipt', 15000, 0, 'smo', '2024-04-10 15:08:36'),
	(298, '111/223', '2024-04-11 15:16:19', 40, '4013/002', 'Advance Receipt', 10000, 0, 'smo', '2024-04-11 15:16:19'),
	(299, '111/223', '2024-04-11 15:16:39', 41, '4013/002', 'Advance Receipt', 10000, 0, 'smo', '2024-04-11 15:16:39'),
	(300, '1009', '2024-04-12 09:52:44', 95, '4013/001', 'Payment for PAL-T00004-2024', 22000001, 0, 'smo', '2024-04-12 09:52:44'),
	(301, '1004', '2024-04-12 09:58:11', 96, '4013/001', 'Payment for PAL-T00003-2024', 102000050, 0, 'smo', '2024-04-12 09:58:11'),
	(302, '1003', '2024-04-12 10:25:39', 30, '', 'Account Transfer  To 1000/001', 0, 10000, 'smo', '2024-04-12 10:25:39'),
	(303, '1000/001', '2024-04-12 10:25:39', 30, '', 'Account Transfer  From 1003', 10000, 0, 'smo', '2024-04-12 10:25:39'),
	(304, '1006', '2024-04-12 10:28:29', 42, '4013/002', 'Advance Receipt', 2000, 0, 'smo', '2024-04-12 10:28:29'),
	(305, '1000/004', '2024-04-27 22:33:52', 23, '1000/004', 'Settlement expense to 1000/004 (YGN Showroom - Cash In Hand)', 50000, 0, 'smo', '2024-04-27 22:33:52'),
	(306, '1000/002', '2024-04-27 22:39:52', 24, '1000/002', 'Settlement expense to 1000/002 (Main Cash - YGN)', 30000, 0, 'smo', '2024-04-27 22:39:52'),
	(307, '1006', '2024-04-27 22:59:15', 30, '61003', 'Marketing Expense-Advertising', 0, 50000, 'smo', '2024-04-27 22:59:15'),
	(308, '1009', '2024-05-02 21:57:56', 31, '3500/001', 'Geely Website', 0, 50000, 'smo', '2024-05-02 21:57:56'),
	(309, '1006', '2024-05-02 22:04:23', 32, '1001/000', 'PAID UP CAPITAL', 0, 10000, 'smo', '2024-05-02 22:04:23'),
	(310, '1011', '2024-05-02 22:04:23', 33, '1001/006', 'Paid Up Capital-UTHL(IA)', 0, 20000, 'smo', '2024-05-02 22:04:23'),
	(311, '1010', '2024-05-02 22:04:23', 34, '2001/001', 'Office Equipment', 0, 40000, 'smo', '2024-05-02 22:04:23'),
	(312, '1004', '2024-05-02 22:07:45', 26, '1004', 'Settlement expense to 1004 (Test_SM)', 20000, 0, 'smo', '2024-05-02 22:07:45'),
	(313, '1010', '2024-05-03 01:29:06', 35, '1001/002', 'Paid Up Capital - UKT', 0, 444440, 'smo', '2024-05-03 01:29:06'),
	(314, '1010', '2024-05-03 01:43:09', 27, '1010', 'Settlement expense to 1010 (KS(Bank))', 144440, 0, 'smo', '2024-05-03 01:43:09'),
	(315, '1011', '2024-05-23 15:23:14', 36, '62000', 'SELLING & DISTRIBUTION EXPENSES-SPENDING', 0, 10000, 'smo', '2024-05-23 15:23:14'),
	(331, '1003', '2024-05-28 09:34:53', 50, '1000/003', 'Advance/Bank in Transit', 0, 10000, 'smo', '2024-05-28 09:34:53'),
	(332, '1014', '2024-05-28 10:44:49', 51, '1001/007', 'Paid Up Capital-UWK (IA)', 0, 500000, 'smo', '2024-05-28 10:44:49'),
	(333, '987987', '2024-06-07 15:33:09', 45, '222/111', 'Income from 222/111', 50000, 0, 'smo', '2024-06-07 15:33:09'),
	(334, '1009', '2024-06-07 15:42:28', 31, '', 'Account Transfer  To 987987', 0, 300000, 'smo', '2024-06-07 15:42:28'),
	(335, '987987', '2024-06-07 15:42:28', 31, '', 'Account Transfer  From 1009', 300000, 0, 'smo', '2024-06-07 15:42:28'),
	(336, '987987', '2024-06-07 15:56:44', 97, '4013/001', 'Deposit for PAL-C00001-2024', 1000000, 0, 'smo', '2024-06-07 15:56:44'),
	(337, '1011', '2024-06-07 16:00:27', 98, '4013/001', 'Payment for PAL-G00024-2024', 1000000, 0, 'smo', '2024-06-07 16:00:27'),
	(338, '1005', '2024-06-07 16:27:41', 99, '4013/002', 'Payment for PAL-G00017-2024', 1000000, 0, 'smo', '2024-06-07 16:27:41'),
	(339, '963852', '2024-06-08 17:12:12', 46, '8001/001', 'Income from 8001/001', 100000, 0, 'smo', '2024-06-08 17:12:12'),
	(340, '963852', '2024-06-08 17:13:23', 43, '4013/002', 'Advance Receipt', 50000, 0, 'smo', '2024-06-08 17:13:23'),
	(341, '987654', '2024-06-10 09:48:40', 47, '8001/000', 'Income from 8001/000', 50000, 0, 'smo', '2024-06-10 09:48:40'),
	(342, '987654', '2024-06-10 11:54:29', 100, '4013/001', 'Deposit for PAL-C00004-2024', 1000000, 0, 'smo', '2024-06-10 11:54:29'),
	(343, '1013', '2024-06-10 13:28:15', 10, '4013/002', 'Advance Receipt Settlement', 0, 20000, 'smo', '2024-06-10 13:28:15'),
	(344, '1013', '2024-06-10 13:29:34', 17, '4013/002', 'Advance Receipt Settlement', 0, 10000, 'smo', '2024-06-10 13:29:34'),
	(345, '987654', '2024-06-10 14:12:44', 44, '4013/002', 'Advance Receipt', 50000, 0, 'smo', '2024-06-10 14:12:44'),
	(346, '1006', '2024-06-10 16:30:10', 41, '', 'Account Transfer  To 9715', 0, 100000, 'smo', '2024-06-10 16:30:10'),
	(347, '9715', '2024-06-10 16:30:10', 41, '', 'Account Transfer  From 1006', 5000, 0, 'smo', '2024-06-10 16:30:10'),
	(348, '9715', '2024-06-10 16:32:49', 101, '4013/002', 'Payment for PAL-C00004-2024', 500000, 0, 'smo', '2024-06-10 16:32:49'),
	(349, '9715', '2024-06-10 16:33:46', 102, '4013/002', 'Payment for PAL-C00004-2024', 1500000, 0, 'smo', '2024-06-10 16:33:46'),
	(350, '1003', '2024-06-13 10:35:04', 52, '3004/007', 'Prepaid Cost', 0, 500000, 'smo', '2024-06-13 10:35:04'),
	(351, '1009', '2024-06-26 16:07:42', 53, '7001', 'Account Payable', 0, 5000, 'smo', '2024-06-26 16:07:42'),
	(352, '1011', '2024-06-26 16:07:42', 54, '62031', 'Electricity Bill', 0, 1000, 'smo', '2024-06-26 16:07:42'),
	(353, '1011', '2024-06-26 23:40:23', 55, '333/123', 'test', 0, 25000, 'smo', '2024-06-26 23:40:23'),
	(354, '1009', '2024-06-26 23:40:23', 56, '888/08', 'WPPP', 0, 25000, 'smo', '2024-06-26 23:40:23'),
	(355, '1011', '2024-06-26 23:44:58', 57, '333/123', 'test', 0, 25000, 'smo', '2024-06-26 23:44:58'),
	(356, '1009', '2024-06-26 23:44:58', 58, '888/08', 'WPPP', 0, 25000, 'smo', '2024-06-26 23:44:58'),
	(357, '1011', '2024-06-26 23:47:35', 59, '333/123', 'test', 0, 25000, 'smo', '2024-06-26 23:47:35'),
	(358, '1009', '2024-06-26 23:47:35', 60, '888/08', 'WPPP', 0, 25000, 'smo', '2024-06-26 23:47:35'),
	(359, '1011', '2024-06-26 23:50:22', 61, '333/123', 'test', 0, 25000, 'smo', '2024-06-26 23:50:22'),
	(360, '1009', '2024-06-26 23:50:22', 62, '888/08', 'WPPP', 0, 25000, 'smo', '2024-06-26 23:50:22'),
	(361, '1011', '2024-06-26 23:58:57', 63, '333/123', 'test', 0, 25000, 'smo', '2024-06-26 23:58:57'),
	(362, '1009', '2024-06-26 23:58:57', 64, '888/08', 'WPPP', 0, 25000, 'smo', '2024-06-26 23:58:57'),
	(363, '1011', '2024-06-26 23:59:47', 65, '333/123', 'test', 0, 25000, 'smo', '2024-06-26 23:59:47'),
	(364, '1009', '2024-06-26 23:59:47', 66, '888/08', 'WPPP', 0, 25000, 'smo', '2024-06-26 23:59:47'),
	(365, '1011', '2024-06-27 00:00:45', 67, '333/123', 'test', 0, 25000, 'smo', '2024-06-27 00:00:45'),
	(366, '1009', '2024-06-27 00:00:45', 68, '888/08', 'WPPP', 0, 25000, 'smo', '2024-06-27 00:00:45'),
	(367, '1011', '2024-06-27 00:02:40', 69, '333/123', 'test', 0, 25000, 'smo', '2024-06-27 00:02:40'),
	(368, '1009', '2024-06-27 00:02:40', 70, '888/08', 'WPPP', 0, 25000, 'smo', '2024-06-27 00:02:40'),
	(369, '1011', '2024-06-27 00:06:15', 71, '333/123', 'test', 0, 25000, 'smo', '2024-06-27 00:06:15'),
	(370, '1009', '2024-06-27 00:06:15', 72, '888/08', 'WPPP', 0, 25000, 'smo', '2024-06-27 00:06:15'),
	(371, '3015/003', '2024-06-27 00:08:48', 73, '888/08', 'WPPP', 0, 25000, 'smo', '2024-06-27 00:08:48'),
	(372, '963852', '2024-06-27 00:08:48', 74, '888/08', 'WPPP', 0, 25000, 'smo', '2024-06-27 00:08:48'),
	(373, '3015/003', '2024-06-27 00:09:54', 75, '888/08', 'WPPP', 0, 25000, 'smo', '2024-06-27 00:09:54'),
	(374, '963852', '2024-06-27 00:09:54', 76, '888/08', 'WPPP', 0, 25000, 'smo', '2024-06-27 00:09:54'),
	(375, '3015/003', '2024-06-27 00:12:13', 77, '888/08', 'WPPP', 0, 25000, 'smo', '2024-06-27 00:12:13'),
	(376, '963852', '2024-06-27 00:12:13', 78, '888/08', 'WPPP', 0, 25000, 'smo', '2024-06-27 00:12:13'),
	(377, '3015/003', '2024-06-27 00:12:30', 79, '888/08', 'WPPP', 0, 25000, 'smo', '2024-06-27 00:12:30'),
	(378, '963852', '2024-06-27 00:12:30', 80, '888/08', 'WPPP', 0, 25000, 'smo', '2024-06-27 00:12:30'),
	(379, '3015/003', '2024-06-27 00:14:24', 81, '888/08', 'WPPP', 0, 25000, 'smo', '2024-06-27 00:14:24'),
	(380, '963852', '2024-06-27 00:14:24', 82, '888/08', 'WPPP', 0, 25000, 'smo', '2024-06-27 00:14:24'),
	(381, '3015/003', '2024-06-27 07:34:52', 83, '888/08', 'WPPP', 0, 25000, 'smo', '2024-06-27 07:34:52'),
	(382, '963852', '2024-06-27 07:34:52', 84, '888/08', 'WPPP', 0, 25000, 'smo', '2024-06-27 07:34:52'),
	(383, '3015/003', '2024-06-27 07:35:13', 85, '888/08', 'WPPP', 0, 25000, 'smo', '2024-06-27 07:35:13'),
	(384, '963852', '2024-06-27 07:35:13', 86, '888/08', 'WPPP', 0, 25000, 'smo', '2024-06-27 07:35:13'),
	(385, '1011', '2024-06-27 07:36:09', 87, '333/123', 'test', 0, 25000, 'smo', '2024-06-27 07:36:09'),
	(386, '1010', '2024-06-27 07:36:09', 88, '1000', 'Testing Asset', 0, 25000, 'smo', '2024-06-27 07:36:09'),
	(387, '963852', '2024-06-27 07:36:49', 89, '888/08', 'WPPP', 0, 50000, 'smo', '2024-06-27 07:36:49'),
	(388, '963852', '2024-06-27 07:37:38', 90, '888/08', 'WPPP', 0, 50000, 'smo', '2024-06-27 07:37:38'),
	(389, '111/223', '2024-06-27 07:40:05', 91, '888/08', 'WPPP', 0, 50000, 'smo', '2024-06-27 07:40:05'),
	(390, '111/223', '2024-06-27 07:40:25', 92, '888/08', 'WPPP', 0, 50000, 'smo', '2024-06-27 07:40:25'),
	(391, '1013', '2024-06-27 07:45:23', 93, '888/08', 'WPPP', 0, 50000, 'smo', '2024-06-27 07:45:23'),
	(392, '1011', '2024-06-27 07:47:53', 94, '888/08', 'WPPP', 0, 25000, 'smo', '2024-06-27 07:47:53'),
	(393, '1010', '2024-06-27 07:47:53', 95, '333/123', 'test', 0, 25000, 'smo', '2024-06-27 07:47:53'),
	(394, '1011', '2024-06-27 07:56:11', 96, '7001', 'Account Payable', 0, 60000, 'smo', '2024-06-27 07:56:11'),
	(395, '1011', '2024-06-27 08:00:31', 97, '7001', 'Account Payable', 0, 60000, 'smo', '2024-06-27 08:00:31'),
	(396, '1009', '2024-06-27 08:00:31', 98, '62031', 'Electricity Bill', 0, 10000, 'smo', '2024-06-27 08:00:31'),
	(397, '1011', '2024-06-27 08:04:41', 99, '888/08', 'WPPP', 0, 60000, 'smo', '2024-06-27 08:04:41'),
	(398, '3015/003', '2024-06-27 08:04:41', 100, '333/123', 'test', 0, 10000, 'smo', '2024-06-27 08:04:41'),
	(399, '1010', '2024-06-27 08:07:39', 101, '7001', 'Account Payable', 0, 60000, 'smo', '2024-06-27 08:07:39'),
	(400, '111/11', '2024-06-27 08:07:39', 102, '62031', 'Electricity Bill', 0, 10000, 'smo', '2024-06-27 08:07:39'),
	(401, '1010', '2024-06-27 08:08:52', 103, '7001', 'Account Payable', 0, 60000, 'smo', '2024-06-27 08:08:52'),
	(402, '111/11', '2024-06-27 08:08:52', 104, '62031', 'Electricity Bill', 0, 10000, 'smo', '2024-06-27 08:08:52'),
	(403, '1011', '2024-06-27 08:12:38', 105, '62031', 'Electricity Bill', 0, 10000, 'smo', '2024-06-27 08:12:38'),
	(404, '111/223', '2024-06-27 08:12:38', 106, '7001', 'Account Payable', 0, 60000, 'smo', '2024-06-27 08:12:38'),
	(405, '3015/004', '2024-06-27 08:44:21', 107, '333/123', 'test', 0, 60000, 'smo', '2024-06-27 08:44:21'),
	(406, '1014', '2024-06-27 08:44:21', 108, '10003/123', 'elec bill no category advance', 0, -10000, 'smo', '2024-06-27 08:44:21'),
	(407, '111/11', '2024-06-27 10:44:12', 109, '123455555', 'elec payable', 0, 50000, 'smo', '2024-06-27 10:44:12'),
	(408, '1009', '2024-06-27 10:44:12', 110, '62031', 'Electricity Bill', 0, 10000, 'smo', '2024-06-27 10:44:12'),
	(409, '1011', '2024-06-27 10:59:15', 111, '10003/123', 'elec bill no category advance', 0, 50000, 'smo', '2024-06-27 10:59:15'),
	(410, '1011', '2024-06-27 10:59:15', 112, '7001', 'Account Payable', 0, -10000, 'smo', '2024-06-27 10:59:15'),
	(411, '1010', '2024-06-27 19:48:12', 103, '4013/003', 'Payment for PAL-T00004-2023', 2000, 0, 'smo', '2024-06-27 19:48:12'),
	(412, '1005', '2024-07-04 13:39:14', 104, '4013/002', 'Payment for PAL-C00001-2024', 10000, 0, 'smo', '2024-07-04 13:39:14'),
	(413, '1006', '2024-07-04 14:04:31', 113, '12345', 'Sample Testing', 0, 6000, 'smo', '2024-07-04 14:04:31'),
	(414, '1009', '2024-07-04 14:48:35', 114, '1005', 'Test_SM', 0, 60000, 'smo', '2024-07-04 14:48:35'),
	(415, '1009', '2024-07-05 09:15:22', 115, '1003', 'SM', 0, 550, 'smo', '2024-07-05 09:15:22');

-- Dumping structure for table geely_db1.user
DROP TABLE IF EXISTS `user`;
CREATE TABLE IF NOT EXISTS `user` (
  `id` int(11) NOT NULL AUTO_INCREMENT,
  `staff_id` int(11) NOT NULL DEFAULT 0,
  `staff_name` varchar(100) NOT NULL DEFAULT '',
  `username` varchar(25) NOT NULL,
  `password` varchar(50) NOT NULL,
  `userrole` varchar(50) NOT NULL,
  `dashboard` varchar(50) NOT NULL,
  `profilepicture` varchar(255) DEFAULT '',
  PRIMARY KEY (`id`) USING BTREE
) ENGINE=MyISAM AUTO_INCREMENT=67 DEFAULT CHARSET=utf8mb4 COLLATE=utf8mb4_unicode_ci;

-- Dumping data for table geely_db1.user: 29 rows
/*!40000 ALTER TABLE `user` DISABLE KEYS */;
INSERT INTO `user` (`id`, `staff_id`, `staff_name`, `username`, `password`, `userrole`, `dashboard`, `profilepicture`) VALUES
	(1, 0, '', 'admin', 'superadmin', 'KEY', 'admin', ''),
	(2, 0, '', 'hr_admin', 'superadmin', 'KEY', 'hr', ''),
	(26, 6, 'Aye Aye Soe', 'aas', '12345', 'Supply Chain Manager', 'supply_chain', ''),
	(23, 5, 'Soe Mon Oo', 'smo', '12345', 'Finance Manager', 'finance', ''),
	(22, 2, 'Paing Soe Ko', 'pskko', '12345', 'Sales Manager', 'sales', ''),
	(21, 3, 'Wai Lu Aung', 'wla', '12345', 'Sales Executive', 'sales', ''),
	(24, 4, 'Nyein Lei Mon', 'nlm', '12345', 'Sales Admin', 'sales', ''),
	(25, 1, 'Kyaw Win Tun', 'kwt', '12345', 'Sales Supervisor', 'sales', ''),
	(39, 24, 'Daw Yu Yu', 'dyy', '12345', 'Sales Executive', 'sales', ''),
	(37, 21, 'Daw Aye Aye', 'daa', '12345', 'Sales Admin', 'sales', ''),
	(35, 23, 'Oo Ko', 'okko', '246810', 'Sales Executive', 'sales', ''),
	(53, 32, 'BM Test ', 'Sales Test User', 'sales', 'Sales Test', 'sales', ''),
	(33, 19, 'Operation Supervisor dum', 'osd', '12345', 'Operation Supervisor', 'service', ''),
	(38, 20, 'Yu', 'yapp', '12345', 'Sales Executive', 'sales', ''),
	(40, 25, 'Ji Ji', 'jj', '12345', 'Sales Executive', 'sales', ''),
	(55, 41, 'super', 's', '12345', 'Sales Executive', 'sales', './upload/2023-08-07 09-11-21.jpg'),
	(44, 29, 'Hsu Hnin Ye', 'hhys', '12345', 'Sales Executive', 'sales', ''),
	(45, 30, 'Ko Zaw Zaw', 'kzz', '12345', 'Service', 'service', ''),
	(58, 42, 'aaaaa', 'aaa', '12345', 'Sales Executive', 'sales', ''),
	(54, 32, 'BM Test ', 'sup', '12345', 'Supply Chain Manager', 'supply_chain', ''),
	(51, 37, 'Zin Myo', 'zm', '12345', 'Operation Supervisor', 'service', ''),
	(52, 40, 'Thet Paing Thu', 'tpt', '12345', 'Marketing', 'marketing', ''),
	(56, 6, 'Aye Aye Soe', 'aas123', '12345', 'Testing PP', 'admin', ''),
	(57, 32, 'BM Test ', 'bmtest', '12345', 'Brand Manager', 'sales', ''),
	(60, 34, 'Kyaw', 'marketing', '12345', 'Marketing', 'marketing', ''),
	(66, 45, 'test marketing', 'tm', '12345', 'Marketing', 'marketing', ''),
	(62, 46, 'hr test', 'hrtest', '12345', 'HR Manager', 'hr', ''),
	(63, 47, 'hr admin testing ', 'hradmintesting', '12345', 'HR Manager', 'hr', ''),
	(64, 57, 'Pa Pa', 'pp', '12345', 'Sm', 'admin', ''),
	(65, 50, 'Hsu Yee', 'Test', '12345', 'Sm', 'admin', '');
/*!40000 ALTER TABLE `user` ENABLE KEYS */;

-- Dumping structure for table geely_db1.user_log
DROP TABLE IF EXISTS `user_log`;
CREATE TABLE IF NOT EXISTS `user_log` (
  `username` varchar(50) DEFAULT '',
  `ip_address` varchar(50) DEFAULT '',
  `date_time` varchar(25) DEFAULT ''
) ENGINE=MyISAM DEFAULT CHARSET=utf8mb4 COLLATE=utf8mb4_unicode_ci;

-- Dumping data for table geely_db1.user_log: 3,468 rows
/*!40000 ALTER TABLE `user_log` DISABLE KEYS */;
INSERT INTO `user_log` (`username`, `ip_address`, `date_time`) VALUES
	('admin', '86.48.10.118', '2023-06-20 09:38:41'),
	('hr_admin', '86.48.10.118', '2023-06-20 10:37:17'),
	('admin', '86.48.10.118', '2023-06-20 10:43:20'),
	('kwt', '103.134.204.111', '2023-06-20 10:52:45'),
	('hr_admin', '103.89.179.175', '2023-06-20 10:53:54'),
	('kwt', '103.89.179.175', '2023-06-20 10:54:51'),
	('hr_admin', '103.134.204.111', '2023-06-20 10:56:55'),
	('admin', '103.89.179.175', '2023-06-20 11:05:44'),
	('hr_admin', '103.89.179.175', '2023-06-20 11:17:42'),
	('wla', '103.134.204.111', '2023-06-20 11:19:04'),
	('hr_admin', '103.89.179.175', '2023-06-20 11:19:38'),
	('wla', '103.134.204.111', '2023-06-20 11:23:44'),
	('admin', '103.89.179.175', '2023-06-20 11:28:56'),
	('hr_admin', '103.89.179.175', '2023-06-20 11:29:03'),
	('admin', '103.134.204.111', '2023-06-20 11:30:12'),
	('aas', '103.134.204.111', '2023-06-20 11:31:56'),
	('wla', '103.134.204.111', '2023-06-20 11:52:06'),
	('aas', '103.134.204.111', '2023-06-20 11:54:05'),
	('hr_admin', '103.89.179.175', '2023-06-20 11:58:07'),
	('wla', '103.134.204.111', '2023-06-20 12:09:36'),
	('smo', '103.116.59.227', '2023-06-21 10:37:35'),
	('wla', '103.116.59.227', '2023-06-21 10:44:49'),
	('admin', '103.116.59.227', '2023-06-21 10:52:25'),
	('wla', '103.89.179.131', '2023-06-21 10:52:49'),
	('admin', '103.89.179.131', '2023-06-21 10:53:04'),
	('wla', '103.89.179.131', '2023-06-21 10:53:16'),
	('nlm', '103.89.179.131', '2023-06-21 10:54:18'),
	('wla', '103.89.179.131', '2023-06-21 11:01:25'),
	('psk', '103.116.59.227', '2023-06-21 11:01:45'),
	('smo', '103.89.179.131', '2023-06-21 11:02:08'),
	('psk', '103.89.179.131', '2023-06-21 11:03:32'),
	('smo', '103.116.59.227', '2023-06-21 11:03:54'),
	('wla', '103.116.59.227', '2023-06-21 11:04:32'),
	('smo', '103.116.59.227', '2023-06-21 11:05:23'),
	('wla', '103.89.179.131', '2023-06-21 11:05:57'),
	('admin', '103.116.59.227', '2023-06-21 11:06:34'),
	('wla', '103.116.59.227', '2023-06-21 11:07:06'),
	('hr_admin', '103.89.179.131', '2023-06-21 11:12:40'),
	('wla', '103.89.179.131', '2023-06-21 11:15:33'),
	('wla', '103.116.59.227', '2023-06-21 11:24:30'),
	('nlm', '103.116.59.227', '2023-06-21 11:25:50'),
	('admin', '103.89.179.131', '2023-06-21 11:26:00'),
	('psk', '103.89.179.131', '2023-06-21 11:32:44'),
	('nlm', '103.89.179.131', '2023-06-21 11:33:12'),
	('admin', '103.116.59.227', '2023-06-21 11:53:00'),
	('aas', '103.89.179.131', '2023-06-21 11:53:28'),
	('admin', '103.89.179.131', '2023-06-21 11:53:37'),
	('aas', '103.116.59.227', '2023-06-21 11:53:53'),
	('nlm', '103.89.179.131', '2023-06-21 12:00:50'),
	('wla', '103.89.179.131', '2023-06-21 12:01:48'),
	('aas', '103.116.59.227', '2023-06-21 12:03:20'),
	('admin', '103.89.179.131', '2023-06-21 12:05:40'),
	('aas', '103.89.179.131', '2023-06-21 12:05:55'),
	('admin', '103.116.59.227', '2023-06-21 12:07:30'),
	('aas', '103.116.59.227', '2023-06-21 12:07:44'),
	('nlm', '103.89.179.131', '2023-06-21 12:09:02'),
	('aas', '103.89.179.131', '2023-06-21 12:13:54'),
	('admin', '103.89.179.131', '2023-06-21 12:17:05'),
	('aas', '103.89.179.131', '2023-06-21 12:20:38'),
	('wla', '103.89.179.131', '2023-06-21 12:21:39'),
	('wla', '192.166.246.103', '2023-06-23 10:13:09'),
	('hr_admin', '37.111.50.91', '2023-06-23 10:20:45'),
	('admin', '192.166.246.103', '2023-06-23 10:26:07'),
	('admin', '37.111.50.91', '2023-06-23 10:39:33'),
	('akk', '37.111.50.91', '2023-06-23 10:58:09'),
	('akk', '37.111.50.91', '2023-06-23 10:59:50'),
	('hr_admin', '37.111.50.91', '2023-06-23 11:02:20'),
	('akk', '37.111.50.91', '2023-06-23 11:06:20'),
	('hr_admin', '37.111.50.91', '2023-06-23 11:11:00'),
	('hr_admin', '37.111.50.91', '2023-06-23 11:31:53'),
	('admin', '37.111.50.91', '2023-06-23 11:32:16'),
	('hr_admin', '37.111.50.91', '2023-06-23 11:41:39'),
	('admin', '37.111.50.91', '2023-06-23 11:46:15'),
	('wla', '192.166.246.103', '2023-06-23 11:47:09'),
	('nlm', '192.166.246.103', '2023-06-23 11:47:52'),
	('hr_admin', '37.111.50.91', '2023-06-23 11:50:07'),
	('admin', '37.111.50.91', '2023-06-23 11:53:26'),
	('hr_admin', '37.111.50.91', '2023-06-23 11:56:19'),
	('wla', '192.166.246.103', '2023-06-23 12:33:00'),
	('nlm', '192.166.246.103', '2023-06-23 12:36:26'),
	('aas', '192.166.246.103', '2023-06-23 12:37:24'),
	('smo', '192.166.246.103', '2023-06-23 12:43:47'),
	('admin', '192.166.246.103', '2023-06-23 12:57:26'),
	('hr_admin', '37.111.50.91', '2023-06-23 13:31:07'),
	('admin', '37.111.50.91', '2023-06-23 13:31:44'),
	('hr_admin', '37.111.50.91', '2023-06-23 13:36:51'),
	('admin', '37.111.50.91', '2023-06-23 13:38:22'),
	('admin', '37.111.50.91', '2023-06-23 13:40:09'),
	('hr_admin', '37.111.50.91', '2023-06-23 13:48:33'),
	('admin', '37.111.50.91', '2023-06-23 14:23:42'),
	('hr_admin', '37.111.50.91', '2023-06-23 14:29:01'),
	('admin', '37.111.50.91', '2023-06-23 14:34:11'),
	('hr_admin', '37.111.50.91', '2023-06-23 14:38:13'),
	('nlm', '192.166.246.145', '2023-06-23 14:38:18'),
	('psk', '192.166.246.145', '2023-06-23 14:38:42'),
	('smo', '192.166.246.145', '2023-06-23 14:38:55'),
	('admin', '37.111.50.91', '2023-06-23 14:48:10'),
	('wla', '192.166.246.145', '2023-06-23 14:49:13'),
	('admin', '37.111.50.91', '2023-06-23 14:55:11'),
	('hr_admin', '37.111.50.91', '2023-06-23 14:56:34'),
	('admin', '37.111.50.91', '2023-06-23 15:01:22'),
	('nlm', '192.166.246.145', '2023-06-23 15:01:47'),
	('aas', '192.166.246.145', '2023-06-23 15:22:31'),
	('hr_admin', '37.111.50.91', '2023-06-23 15:33:20'),
	('admin', '37.111.50.91', '2023-06-23 15:41:38'),
	('kwt', '37.111.50.91', '2023-06-23 15:58:34'),
	('admin', '37.111.50.91', '2023-06-23 15:58:46'),
	('alw', '37.111.50.91', '2023-06-23 15:59:16'),
	('wla', '37.111.50.91', '2023-06-23 15:59:48'),
	('admin', '37.111.50.91', '2023-06-23 16:00:16'),
	('wla', '37.111.50.91', '2023-06-23 16:00:41'),
	('wla', '192.166.246.145', '2023-06-23 16:00:50'),
	('aas', '192.166.246.145', '2023-06-23 16:01:37'),
	('admin', '37.111.50.91', '2023-06-23 16:03:38'),
	('nlm', '192.166.246.145', '2023-06-23 16:32:55'),
	('psk', '192.166.246.145', '2023-06-23 16:33:10'),
	('smo', '192.166.246.145', '2023-06-23 16:33:21'),
	('wla', '192.166.246.145', '2023-06-23 16:33:35'),
	('aas', '192.166.246.145', '2023-06-23 16:33:50'),
	('aas', '192.166.246.145', '2023-06-23 17:09:52'),
	('admin', '192.166.246.180', '2023-06-23 17:23:21'),
	('nlm', '192.166.246.180', '2023-06-23 17:23:45'),
	('admin', '192.166.246.177', '2023-06-23 21:10:50'),
	('hr_admin', '192.166.246.177', '2023-06-23 21:44:32'),
	('admin', '104.28.251.152', '2023-06-24 11:05:30'),
	('hr_admin', '104.28.251.152', '2023-06-24 11:06:03'),
	('hr_admin', '104.28.251.152', '2023-06-24 11:25:44'),
	('admin', '104.28.219.153', '2023-06-24 11:39:19'),
	('hr_admin', '104.28.251.153', '2023-06-24 12:16:31'),
	('hr_admin', '104.28.219.152', '2023-06-25 01:30:49'),
	('wla', '104.28.219.152', '2023-06-25 01:46:18'),
	('aas', '104.28.251.153', '2023-06-25 02:47:12'),
	('nlm', '104.28.219.152', '2023-06-25 04:31:42'),
	('wla', '104.28.219.152', '2023-06-25 04:34:23'),
	('aas', '104.28.219.152', '2023-06-25 04:52:27'),
	('smo', '104.28.219.153', '2023-06-25 18:13:13'),
	('smo', '104.28.219.153', '2023-06-25 19:54:37'),
	('wla', '104.28.219.153', '2023-06-25 20:13:28'),
	('nlm', '104.28.219.153', '2023-06-25 20:35:13'),
	('psk', '104.28.219.153', '2023-06-25 20:50:16'),
	('smo', '104.28.219.153', '2023-06-25 20:51:23'),
	('wla', '104.28.219.153', '2023-06-25 20:55:15'),
	('wla', '104.28.219.152', '2023-06-26 03:20:39'),
	('nlm', '104.28.219.152', '2023-06-26 03:21:24'),
	('psk', '104.28.219.152', '2023-06-26 03:21:38'),
	('smo', '104.28.219.152', '2023-06-26 03:21:49'),
	('wla', '104.28.219.152', '2023-06-26 03:22:05'),
	('smo', '104.28.219.152', '2023-06-26 03:36:12'),
	('hr_admin', '104.28.219.152', '2023-06-26 03:36:31'),
	('psk', '104.28.219.152', '2023-06-26 03:36:39'),
	('nlm', '104.28.219.152', '2023-06-26 03:41:58'),
	('smo', '104.28.219.152', '2023-06-26 04:02:34'),
	('wla', '104.28.219.152', '2023-06-26 04:02:48'),
	('nlm', '104.28.219.152', '2023-06-26 04:03:00'),
	('admin', '104.28.219.152', '2023-06-26 04:14:02'),
	('nlm', '104.28.219.152', '2023-06-26 04:17:28'),
	('aas', '104.28.219.152', '2023-06-26 05:12:01'),
	('nlm', '104.28.219.152', '2023-06-26 05:36:27'),
	('wla', '104.28.219.152', '2023-06-26 05:38:01'),
	('aas', '104.28.219.152', '2023-06-26 05:50:54'),
	('nlm', '104.28.219.152', '2023-06-26 06:22:41'),
	('aas', '104.28.219.152', '2023-06-26 06:22:51'),
	('nlm', '104.28.219.152', '2023-06-26 06:23:05'),
	('admin', '86.48.10.134', '2023-06-26 09:04:50'),
	('smo', '86.48.10.134', '2023-06-26 09:09:51'),
	('admin', '86.48.10.134', '2023-06-26 09:22:15'),
	('smo', '86.48.10.134', '2023-06-26 09:55:54'),
	('admin', '86.48.10.134', '2023-06-26 10:15:36'),
	('smo', '86.48.10.134', '2023-06-26 10:16:55'),
	('admin', '27.122.12.239', '2023-06-26 11:02:32'),
	('hr_admin', '104.28.219.152', '2023-06-26 11:18:27'),
	('smo', '86.48.10.134', '2023-06-26 11:25:02'),
	('admin', '104.28.219.152', '2023-06-26 11:32:38'),
	('osd', '104.28.219.152', '2023-06-26 11:37:21'),
	('nlm', '104.28.219.152', '2023-06-26 11:41:12'),
	('mnl', '104.28.219.152', '2023-06-26 11:42:11'),
	('nlm', '104.28.219.152', '2023-06-26 11:42:17'),
	('admin', '104.28.219.152', '2023-06-26 11:43:45'),
	('smo', '104.28.219.152', '2023-06-26 11:44:27'),
	('wla', '86.48.10.134', '2023-06-26 11:46:38'),
	('aas', '104.28.219.152', '2023-06-26 11:48:22'),
	('wla', '104.28.219.152', '2023-06-26 11:48:52'),
	('aas', '104.28.219.152', '2023-06-26 11:49:18'),
	('osd', '104.28.219.152', '2023-06-26 11:50:02'),
	('nlm', '104.28.219.152', '2023-06-26 11:50:49'),
	('osd', '104.28.219.152', '2023-06-26 11:51:01'),
	('nlm', '104.28.219.152', '2023-06-26 11:51:17'),
	('admin', '37.111.50.91', '2023-06-26 11:53:01'),
	('hr_admin', '37.111.50.91', '2023-06-26 11:55:15'),
	('hr_admin', '37.111.50.91', '2023-06-26 12:00:16'),
	('admin', '37.111.50.91', '2023-06-26 12:02:42'),
	('wla', '37.111.50.91', '2023-06-26 12:14:00'),
	('alw', '37.111.50.91', '2023-06-26 12:14:25'),
	('alw', '37.111.50.91', '2023-06-26 12:33:03'),
	('wla', '86.48.10.134', '2023-06-26 12:33:51'),
	('hr_admin', '37.111.50.91', '2023-06-26 12:34:37'),
	('hr_admin', '37.111.50.91', '2023-06-26 12:45:57'),
	('admin', '37.111.50.91', '2023-06-26 12:46:09'),
	('nlm', '86.48.10.134', '2023-06-26 12:47:02'),
	('admin', '37.111.50.91', '2023-06-26 12:51:05'),
	('hr_admin', '37.111.50.91', '2023-06-26 12:51:14'),
	('hr_admin', '37.111.50.91', '2023-06-26 13:36:07'),
	('alw', '37.111.50.91', '2023-06-26 13:55:57'),
	('smo', '192.166.246.152', '2023-06-26 14:20:23'),
	('aas', '192.166.246.152', '2023-06-26 14:28:27'),
	('admin', '119.8.42.125', '2023-06-26 14:32:11'),
	('hr_admin', '119.8.42.125', '2023-06-26 14:34:30'),
	('admin', '119.8.42.125', '2023-06-26 15:11:27'),
	('hr_admin', '119.8.42.125', '2023-06-26 15:13:03'),
	('smo', '192.166.246.152', '2023-06-26 15:18:10'),
	('hr_admin', '37.111.50.91', '2023-06-26 15:21:51'),
	('wla', '192.166.246.152', '2023-06-26 15:23:57'),
	('aas', '192.166.246.152', '2023-06-26 15:24:55'),
	('wla', '192.166.246.152', '2023-06-26 15:26:34'),
	('admin', '37.111.50.91', '2023-06-26 15:27:09'),
	('admin', '37.111.50.91', '2023-06-26 16:09:04'),
	('aas', '37.111.50.91', '2023-06-26 16:11:01'),
	('admin', '192.166.246.152', '2023-06-26 16:25:51'),
	('aas', '103.81.113.223', '2023-06-26 21:23:28'),
	('aas', '103.81.113.223', '2023-06-26 21:28:57'),
	('saa', '103.81.113.223', '2023-06-26 21:29:19'),
	('alw', '103.81.113.223', '2023-06-26 22:15:21'),
	('saa', '103.81.113.223', '2023-06-26 22:21:22'),
	('osd', '104.28.251.153', '2023-06-27 06:45:50'),
	('aas', '104.28.251.153', '2023-06-27 06:46:04'),
	('smo', '104.28.251.153', '2023-06-27 06:46:15'),
	('admin', '104.28.251.153', '2023-06-27 06:46:25'),
	('hr_admin', '104.28.251.153', '2023-06-27 06:55:47'),
	('oms', '37.111.50.91', '2023-06-27 09:24:25'),
	('smo', '37.111.50.91', '2023-06-27 09:42:45'),
	('admin', '103.134.204.62', '2023-06-27 09:57:00'),
	('alw', '37.111.50.91', '2023-06-27 10:19:51'),
	('aas', '104.28.219.152', '2023-06-27 10:28:03'),
	('hr_admin', '104.28.251.153', '2023-06-27 10:31:32'),
	('admin', '37.111.50.91', '2023-06-27 10:37:40'),
	('admin', '192.166.246.133', '2023-06-27 10:38:43'),
	('alw', '37.111.50.91', '2023-06-27 10:39:49'),
	('mnl', '37.111.50.91', '2023-06-27 10:42:37'),
	('admin', '104.28.219.153', '2023-06-27 10:49:04'),
	('alw', '37.111.50.91', '2023-06-27 10:52:37'),
	('alw', '37.111.50.91', '2023-06-27 10:53:04'),
	('alw', '37.111.50.91', '2023-06-27 10:53:18'),
	('sp', '37.111.50.91', '2023-06-27 10:54:10'),
	('oms', '37.111.50.91', '2023-06-27 10:54:59'),
	('psk', '37.111.50.91', '2023-06-27 10:57:13'),
	('sp', '37.111.50.91', '2023-06-27 10:58:21'),
	('admin', '37.111.50.91', '2023-06-27 11:05:33'),
	('mnl', '37.111.50.91', '2023-06-27 11:07:22'),
	('sp', '37.111.50.91', '2023-06-27 11:07:54'),
	('psk', '37.111.50.91', '2023-06-27 11:08:40'),
	('sp', '37.111.50.91', '2023-06-27 11:09:27'),
	('oms', '37.111.50.91', '2023-06-27 11:12:03'),
	('alw', '37.111.50.91', '2023-06-27 11:12:41'),
	('mnl', '37.111.50.91', '2023-06-27 11:13:40'),
	('sp', '37.111.50.91', '2023-06-27 11:14:11'),
	('oms', '37.111.50.91', '2023-06-27 11:14:54'),
	('psk', '185.205.140.241', '2023-06-27 11:16:31'),
	('sp', '185.205.140.241', '2023-06-27 11:18:27'),
	('psk', '185.205.140.241', '2023-06-27 11:21:46'),
	('mnl', '185.205.140.241', '2023-06-27 11:28:02'),
	('alw', '37.111.50.91', '2023-06-27 11:30:00'),
	('psk', '185.205.140.241', '2023-06-27 11:30:16'),
	('oms', '37.111.50.91', '2023-06-27 11:31:12'),
	('smo', '37.111.50.91', '2023-06-27 11:32:28'),
	('psk', '37.111.50.91', '2023-06-27 11:34:12'),
	('alw', '37.111.50.91', '2023-06-27 11:34:38'),
	('nlm', '37.111.50.91', '2023-06-27 11:35:47'),
	('mnl', '37.111.50.91', '2023-06-27 11:36:16'),
	('admin', '37.111.50.91', '2023-06-27 11:37:26'),
	('alw', '37.111.50.91', '2023-06-27 11:39:20'),
	('hr_admin', '37.111.50.91', '2023-06-27 11:46:19'),
	('alw', '37.111.50.91', '2023-06-27 11:52:11'),
	('mnl', '37.111.50.91', '2023-06-27 12:05:58'),
	('admin', '37.111.50.91', '2023-06-27 12:07:08'),
	('sp', '103.134.206.190', '2023-06-27 12:47:09'),
	('hr_admin', '103.134.206.190', '2023-06-27 12:48:01'),
	('admin', '37.111.50.91', '2023-06-27 13:03:38'),
	('alw', '37.111.50.91', '2023-06-27 13:04:34'),
	('nlm', '37.111.50.91', '2023-06-27 13:05:56'),
	('nlm', '37.111.50.91', '2023-06-27 13:06:10'),
	('sp', '37.111.50.91', '2023-06-27 13:06:45'),
	('admin', '37.111.50.91', '2023-06-27 13:08:09'),
	('sp', '37.111.50.91', '2023-06-27 13:10:05'),
	('admin', '192.166.246.45', '2023-06-27 13:10:51'),
	('mnl', '37.111.50.91', '2023-06-27 13:11:59'),
	('sp', '37.111.50.91', '2023-06-27 13:13:20'),
	('mnl', '37.111.50.91', '2023-06-27 13:15:32'),
	('wla', '192.166.246.45', '2023-06-27 13:20:48'),
	('nlm', '192.166.246.45', '2023-06-27 13:21:10'),
	('smo', '192.166.246.45', '2023-06-27 13:21:24'),
	('wla', '192.166.246.45', '2023-06-27 13:22:02'),
	('smo', '192.166.246.45', '2023-06-27 13:23:47'),
	('nlm', '37.111.50.91', '2023-06-27 13:36:23'),
	('admin', '37.111.50.91', '2023-06-27 13:53:15'),
	('aas', '37.111.50.91', '2023-06-27 13:54:47'),
	('admin', '37.111.50.91', '2023-06-27 13:55:08'),
	('aas', '37.111.50.91', '2023-06-27 13:56:23'),
	('aas', '37.111.50.91', '2023-06-27 14:36:18'),
	('hr_admin', '119.8.42.125', '2023-06-27 14:50:30'),
	('wla', '192.166.246.45', '2023-06-27 15:12:47'),
	('hr_admin', '37.111.50.91', '2023-06-27 15:40:28'),
	('mnl', '185.205.140.241', '2023-06-27 15:49:16'),
	('psk', '185.205.140.241', '2023-06-27 15:49:50'),
	('hr_admin', '185.205.140.241', '2023-06-27 15:51:05'),
	('admin', '185.205.140.241', '2023-06-27 15:52:20'),
	('oms', '185.205.140.241', '2023-06-27 15:53:30'),
	('hr_admin', '119.8.42.125', '2023-06-27 15:53:33'),
	('hr_admin', '104.28.251.152', '2023-06-27 15:54:08'),
	('admin', '104.28.251.152', '2023-06-27 15:54:40'),
	('hr_admin', '185.205.140.241', '2023-06-27 15:54:57'),
	('admin', '119.8.42.125', '2023-06-27 16:08:06'),
	('hr_admin', '119.8.42.125', '2023-06-27 16:10:37'),
	('admin', '119.8.42.125', '2023-06-27 16:15:04'),
	('hr_admin', '119.8.42.125', '2023-06-27 16:16:48'),
	('admin', '119.8.42.125', '2023-06-27 16:17:57'),
	('hr_admin', '119.8.42.125', '2023-06-27 16:26:26'),
	('aas', '92.223.85.60', '2023-06-27 16:26:27'),
	('hr_admin', '104.28.219.152', '2023-06-27 16:42:00'),
	('aas', '104.28.219.152', '2023-06-27 16:45:30'),
	('admin', '37.111.50.91', '2023-06-27 16:47:48'),
	('hr_admin', '104.28.219.152', '2023-06-27 16:48:13'),
	('admin', '37.111.50.91', '2023-06-27 16:53:02'),
	('nlm', '192.166.246.45', '2023-06-27 16:54:08'),
	('smo', '192.166.246.45', '2023-06-27 16:54:14'),
	('admin', '27.122.12.110', '2023-06-27 20:32:34'),
	('admin', '103.81.113.217', '2023-06-27 20:53:34'),
	('hr_admin', '103.81.113.217', '2023-06-27 21:09:01'),
	('admin', '103.81.113.217', '2023-06-27 21:33:10'),
	('admin', '103.81.113.217', '2023-06-27 21:53:48'),
	('hr_admin', '103.81.113.217', '2023-06-27 21:54:07'),
	('admin', '103.81.113.212', '2023-06-27 22:25:10'),
	('smo', '86.48.10.36', '2023-06-27 22:37:39'),
	('hr_admin', '103.81.113.212', '2023-06-27 22:39:57'),
	('admin', '86.48.10.36', '2023-06-27 23:04:26'),
	('smo', '86.48.10.36', '2023-06-27 23:06:22'),
	('admin', '103.81.113.212', '2023-06-27 23:24:28'),
	('admin', '86.48.10.36', '2023-06-28 00:11:51'),
	('smo', '86.48.10.36', '2023-06-28 00:12:41'),
	('admin', '86.48.10.70', '2023-06-28 08:05:34'),
	('smo', '86.48.10.70', '2023-06-28 08:05:54'),
	('wla', '104.28.251.153', '2023-06-28 08:41:44'),
	('hr_admin', '104.28.219.152', '2023-06-28 08:42:00'),
	('admin', '37.111.50.91', '2023-06-28 08:54:06'),
	('hr_admin', '37.111.50.91', '2023-06-28 08:54:23'),
	('admin', '37.111.50.91', '2023-06-28 08:57:16'),
	('admin', '104.28.251.153', '2023-06-28 09:29:49'),
	('hr_admin', '37.111.50.91', '2023-06-28 09:46:03'),
	('hr_admin', '119.8.42.125', '2023-06-28 09:52:35'),
	('admin', '37.111.50.91', '2023-06-28 09:53:52'),
	('hr_admin', '37.111.50.91', '2023-06-28 10:02:26'),
	('admin', '119.8.42.125', '2023-06-28 10:05:40'),
	('smo', '86.48.10.70', '2023-06-28 10:07:56'),
	('hr_admin', '119.8.42.125', '2023-06-28 10:11:56'),
	('admin', '119.8.42.125', '2023-06-28 10:17:00'),
	('hr_admin', '119.8.42.125', '2023-06-28 10:20:14'),
	('dyy', '119.8.42.125', '2023-06-28 10:23:37'),
	('hr_admin', '104.28.251.152', '2023-06-28 10:28:11'),
	('hr_admin', '37.111.50.91', '2023-06-28 10:36:31'),
	('admin', '37.111.50.91', '2023-06-28 10:36:37'),
	('hr_admin', '37.111.50.91', '2023-06-28 11:05:04'),
	('hr_admin', '37.111.50.91', '2023-06-28 11:12:59'),
	('smo', '103.116.58.57', '2023-06-28 11:44:46'),
	('admin', '27.122.14.84', '2023-06-28 11:57:18'),
	('hr_admin', '27.122.14.84', '2023-06-28 12:35:26'),
	('hr_admin', '27.122.14.84', '2023-06-28 12:36:03'),
	('admin', '27.122.14.84', '2023-06-28 12:36:42'),
	('smo', '149.34.253.195', '2023-06-28 13:29:27'),
	('admin', '149.34.253.195', '2023-06-28 13:41:46'),
	('smo', '149.34.253.195', '2023-06-28 13:42:10'),
	('dyy', '119.8.42.125', '2023-06-28 14:05:14'),
	('smo', '149.34.253.195', '2023-06-28 14:49:31'),
	('dyy', '119.8.42.125', '2023-06-28 15:13:07'),
	('smo', '149.34.253.195', '2023-06-28 15:43:40'),
	('hr_admin', '119.8.42.125', '2023-06-28 15:45:34'),
	('admin', '119.8.42.125', '2023-06-28 15:46:03'),
	('nlm', '119.8.42.125', '2023-06-28 15:46:45'),
	('hr_admin', '149.34.253.195', '2023-06-28 15:49:13'),
	('smo', '149.34.253.195', '2023-06-28 15:54:28'),
	('hr_admin', '37.111.50.91', '2023-06-28 16:15:03'),
	('hr_admin', '104.28.219.152', '2023-06-28 18:17:27'),
	('wla', '104.28.219.153', '2023-06-28 18:29:04'),
	('smo', '192.166.246.229', '2023-06-29 11:17:01'),
	('smo', '69.160.3.118', '2023-06-29 13:11:56'),
	('smo', '192.166.246.236', '2023-06-29 13:27:37'),
	('admin', '192.166.246.236', '2023-06-29 13:28:48'),
	('smo', '192.166.246.236', '2023-06-29 13:29:14'),
	('smo', '69.160.3.118', '2023-06-29 14:29:47'),
	('admin', '192.166.246.236', '2023-06-29 14:50:41'),
	('smo', '192.166.246.236', '2023-06-29 14:50:57'),
	('admin', '86.48.10.173', '2023-06-29 16:17:25'),
	('smo', '86.48.10.173', '2023-06-29 16:17:43'),
	('smo', '86.48.10.173', '2023-06-29 17:55:42'),
	('smo', '86.48.10.173', '2023-06-29 18:28:14'),
	('smo', '192.166.246.78', '2023-06-30 08:36:45'),
	('smo', '69.160.3.117', '2023-06-30 09:00:31'),
	('smo', '192.166.246.78', '2023-06-30 09:36:46'),
	('smo', '69.160.3.117', '2023-06-30 11:05:30'),
	('smo', '192.166.246.228', '2023-06-30 13:21:47'),
	('smo', '192.166.246.228', '2023-06-30 14:33:15'),
	('admin', '37.111.50.91', '2023-06-30 14:49:58'),
	('hr_admin', '37.111.50.91', '2023-06-30 14:51:46'),
	('admin', '37.111.50.91', '2023-06-30 14:52:32'),
	('hr_admin', '37.111.50.91', '2023-06-30 14:53:22'),
	('admin', '37.111.50.91', '2023-06-30 14:54:38'),
	('hr_admin', '37.111.50.91', '2023-06-30 14:55:39'),
	('admin', '37.111.50.91', '2023-06-30 15:15:14'),
	('hr_admin', '37.111.50.91', '2023-06-30 15:18:13'),
	('smo', '69.160.3.114', '2023-06-30 15:20:31'),
	('wla', '37.111.50.91', '2023-06-30 15:28:41'),
	('daa', '37.111.50.91', '2023-06-30 15:30:10'),
	('dyy', '37.111.50.91', '2023-06-30 15:30:31'),
	('jj', '37.111.50.91', '2023-06-30 15:30:52'),
	('jj', '37.111.50.91', '2023-06-30 15:31:13'),
	('admin', '37.111.50.91', '2023-06-30 15:31:47'),
	('admin', '37.111.50.91', '2023-06-30 15:32:17'),
	('jj', '37.111.50.91', '2023-06-30 15:33:20'),
	('jj', '37.111.50.91', '2023-06-30 15:35:38'),
	('jj', '37.111.50.91', '2023-06-30 15:35:43'),
	('hr_admin', '37.111.50.91', '2023-06-30 15:36:02'),
	('jj', '37.111.50.91', '2023-06-30 15:40:45'),
	('wla', '37.111.50.91', '2023-06-30 15:45:41'),
	('daa', '37.111.50.91', '2023-06-30 15:45:51'),
	('jj', '37.111.50.91', '2023-06-30 15:48:51'),
	('admin', '37.111.50.91', '2023-06-30 15:51:47'),
	('okko', '37.111.50.91', '2023-06-30 15:56:51'),
	('okko', '37.111.50.91', '2023-06-30 15:57:06'),
	('admin', '37.111.50.91', '2023-06-30 15:57:46'),
	('hr_admin', '37.111.50.91', '2023-06-30 15:59:37'),
	('smo', '69.160.3.114', '2023-06-30 16:00:30'),
	('admin', '37.111.50.91', '2023-06-30 16:01:15'),
	('daa', '37.111.50.91', '2023-06-30 16:07:51'),
	('dyy', '37.111.50.91', '2023-06-30 16:08:13'),
	('admin', '37.111.50.91', '2023-06-30 16:11:14'),
	('hr_admin', '37.111.50.91', '2023-06-30 16:11:24'),
	('admin', '37.111.50.91', '2023-06-30 16:26:55'),
	('hr_admin', '37.111.50.91', '2023-06-30 16:30:12'),
	('admin', '37.111.50.91', '2023-06-30 16:31:37'),
	('admin', '37.111.50.91', '2023-06-30 16:34:02'),
	('smo', '103.89.179.9', '2023-06-30 18:36:39'),
	('admin', '103.81.113.212', '2023-06-30 19:33:16'),
	('hr_admin', '103.81.113.212', '2023-06-30 19:33:48'),
	('hr_admin', '103.81.113.212', '2023-06-30 19:40:08'),
	('hr_admin', '103.81.113.212', '2023-06-30 19:40:22'),
	('admin', '103.81.113.212', '2023-06-30 19:40:29'),
	('smo', '192.166.246.92', '2023-06-30 19:49:18'),
	('smo', '192.166.246.92', '2023-06-30 20:48:22'),
	('smo', '69.160.3.118', '2023-06-30 22:16:47'),
	('smo', '69.160.3.115', '2023-07-01 10:23:53'),
	('smo', '103.116.58.55', '2023-07-02 20:54:32'),
	('smo', '104.28.251.152', '2023-07-03 07:31:00'),
	('smo', '104.28.251.152', '2023-07-03 08:22:28'),
	('admin', '103.217.156.202', '2023-07-03 09:20:32'),
	('hr_admin', '103.217.156.202', '2023-07-03 09:21:56'),
	('smo', '69.160.3.114', '2023-07-03 09:22:26'),
	('admin', '103.217.156.202', '2023-07-03 09:22:34'),
	('jj', '103.217.156.202', '2023-07-03 09:29:13'),
	('jj', '103.217.156.202', '2023-07-03 09:29:31'),
	('jj', '159.242.234.43', '2023-07-03 09:32:31'),
	('jj', '159.242.234.43', '2023-07-03 09:33:32'),
	('jj', '159.242.234.43', '2023-07-03 09:34:03'),
	('hr_admin', '37.111.50.91', '2023-07-03 09:37:11'),
	('okko', '159.242.234.43', '2023-07-03 09:42:02'),
	('okko', '159.242.234.43', '2023-07-03 09:42:27'),
	('okko', '159.242.234.43', '2023-07-03 09:43:50'),
	('admin', '159.242.234.43', '2023-07-03 09:44:02'),
	('ok', '159.242.234.43', '2023-07-03 09:45:21'),
	('smo', '192.166.246.97', '2023-07-03 09:47:04'),
	('jj', '159.242.234.43', '2023-07-03 09:47:18'),
	('dyy', '159.242.234.43', '2023-07-03 09:49:48'),
	('hr_admin', '159.242.234.43', '2023-07-03 09:54:17'),
	('psk', '159.242.234.43', '2023-07-03 09:56:28'),
	('dyy', '159.242.234.43', '2023-07-03 09:58:07'),
	('hr_admin', '159.242.234.43', '2023-07-03 09:59:06'),
	('hr_admin', '37.111.50.91', '2023-07-03 10:01:26'),
	('psk', '159.242.234.43', '2023-07-03 10:02:46'),
	('smo', '159.242.234.43', '2023-07-03 10:12:18'),
	('aas', '159.242.234.43', '2023-07-03 10:13:46'),
	('psk', '159.242.234.43', '2023-07-03 10:20:21'),
	('osd', '159.242.234.43', '2023-07-03 10:20:36'),
	('nlm', '159.242.234.43', '2023-07-03 10:20:49'),
	('aas', '159.242.234.43', '2023-07-03 10:22:25'),
	('admin', '37.111.50.91', '2023-07-03 10:23:28'),
	('admin', '37.111.50.91', '2023-07-03 10:24:49'),
	('okko', '37.111.50.91', '2023-07-03 10:31:20'),
	('dyy', '185.205.140.241', '2023-07-03 11:11:09'),
	('dyy', '185.205.140.241', '2023-07-03 11:11:28'),
	('zyk', '185.205.140.241', '2023-07-03 11:17:53'),
	('aas', '185.205.140.241', '2023-07-03 11:19:36'),
	('okko', '27.122.12.119', '2023-07-03 11:28:57'),
	('hr_admin', '37.111.50.91', '2023-07-03 12:02:37'),
	('admin', '37.111.50.91', '2023-07-03 12:02:49'),
	('aas', '37.111.50.91', '2023-07-03 12:04:12'),
	('aas', '37.111.50.91', '2023-07-03 13:16:01'),
	('smo', '192.166.246.96', '2023-07-03 13:49:09'),
	('smo', '192.166.246.96', '2023-07-03 13:54:18'),
	('aas', '37.111.50.91', '2023-07-03 14:35:00'),
	('smo', '192.166.246.96', '2023-07-03 14:37:13'),
	('admin', '37.111.50.91', '2023-07-03 15:13:47'),
	('hr_admin', '37.111.50.91', '2023-07-03 15:14:03'),
	('admin', '37.111.50.91', '2023-07-03 15:14:13'),
	('nlm', '37.111.50.91', '2023-07-03 15:15:37'),
	('dyy', '185.205.140.241', '2023-07-03 16:55:43'),
	('admin', '192.166.246.96', '2023-07-03 16:56:05'),
	('smo', '192.166.246.96', '2023-07-03 17:12:01'),
	('DYY', '104.28.251.152', '2023-07-03 17:16:35'),
	('hr_admin', '185.205.140.241', '2023-07-03 17:19:18'),
	('admin', '185.205.140.241', '2023-07-03 17:20:14'),
	('wla', '192.166.246.96', '2023-07-03 17:25:41'),
	('smo', '86.48.11.126', '2023-07-03 19:33:46'),
	('smo', '86.48.11.126', '2023-07-03 20:15:02'),
	('aas', '103.81.113.223', '2023-07-03 20:58:20'),
	('nlm', '103.81.113.223', '2023-07-03 20:59:31'),
	('aas', '103.81.113.223', '2023-07-03 21:03:37'),
	('nlm', '103.81.113.223', '2023-07-03 21:16:44'),
	('aas', '103.81.113.223', '2023-07-03 21:18:14'),
	('smo', '103.81.113.223', '2023-07-03 21:58:50'),
	('smo', '86.48.10.75', '2023-07-04 07:25:44'),
	('aas', '104.28.219.152', '2023-07-04 09:04:52'),
	('admin', '27.122.14.87', '2023-07-04 09:31:24'),
	('hr_admin', '27.122.14.87', '2023-07-04 09:32:57'),
	('smo', '37.111.50.91', '2023-07-04 11:17:16'),
	('hr_admin', '185.205.140.241', '2023-07-04 11:24:19'),
	('nlm', '37.111.50.91', '2023-07-04 11:41:10'),
	('hr_admin', '192.166.246.230', '2023-07-04 11:48:22'),
	('smo', '37.111.50.91', '2023-07-04 11:49:13'),
	('psk', '37.111.50.91', '2023-07-04 11:50:20'),
	('hr_admin', '37.111.50.91', '2023-07-04 11:50:53'),
	('admin', '37.111.50.91', '2023-07-04 11:51:24'),
	('zyk', '37.111.50.91', '2023-07-04 11:52:20'),
	('nlm', '37.111.50.91', '2023-07-04 11:53:12'),
	('admin', '192.166.246.230', '2023-07-04 11:54:06'),
	('psk', '37.111.50.91', '2023-07-04 11:54:23'),
	('nlm', '37.111.50.91', '2023-07-04 11:56:00'),
	('admin', '37.111.50.91', '2023-07-04 11:58:34'),
	('hr_admin', '37.111.50.91', '2023-07-04 11:58:40'),
	('aas', '185.205.140.241', '2023-07-04 12:09:29'),
	('admin', '185.205.140.241', '2023-07-04 12:10:02'),
	('hr_admin', '185.205.140.241', '2023-07-04 12:14:39'),
	('admin', '185.205.140.241', '2023-07-04 12:23:11'),
	('hr_admin', '192.166.246.230', '2023-07-04 12:25:41'),
	('smo', '192.166.246.230', '2023-07-04 12:32:16'),
	('aas', '37.111.50.91', '2023-07-04 13:30:56'),
	('smo', '37.111.50.91', '2023-07-04 13:31:05'),
	('hr_admin', '37.111.50.91', '2023-07-04 13:31:12'),
	('zyk', '37.111.50.91', '2023-07-04 13:33:59'),
	('nlm', '37.111.50.91', '2023-07-04 13:35:52'),
	('aas', '37.111.50.91', '2023-07-04 13:38:24'),
	('hr_admin', '37.111.50.91', '2023-07-04 13:39:31'),
	('hr_admin', '37.111.50.91', '2023-07-04 13:52:19'),
	('jj', '37.111.50.91', '2023-07-04 14:02:19'),
	('admin', '37.111.50.91', '2023-07-04 14:02:33'),
	('hr_admin', '37.111.50.91', '2023-07-04 14:02:48'),
	('jj', '37.111.50.91', '2023-07-04 14:03:13'),
	('admin', '37.111.50.91', '2023-07-04 14:03:28'),
	('hr_admin', '37.111.50.91', '2023-07-04 14:03:37'),
	('jj', '37.111.50.91', '2023-07-04 14:04:18'),
	('nlm', '37.111.50.91', '2023-07-04 14:10:36'),
	('hr_admin', '37.111.50.91', '2023-07-04 14:13:50'),
	('admin', '37.111.50.91', '2023-07-04 14:13:58'),
	('pskko', '37.111.50.91', '2023-07-04 14:14:34'),
	('smo', '37.111.50.91', '2023-07-04 14:16:17'),
	('jj', '37.111.50.91', '2023-07-04 14:17:25'),
	('jj', '37.111.50.91', '2023-07-04 14:19:02'),
	('pskko', '37.111.50.91', '2023-07-04 14:33:38'),
	('admin', '37.111.50.91', '2023-07-04 14:38:29'),
	('smo', '37.111.50.91', '2023-07-04 14:38:40'),
	('smo', '192.166.246.184', '2023-07-04 15:00:16'),
	('nlm', '27.122.12.244', '2023-07-04 15:31:45'),
	('pskko', '27.122.12.244', '2023-07-04 15:32:22'),
	('smo', '27.122.12.244', '2023-07-04 15:32:56'),
	('jj', '27.122.12.244', '2023-07-04 15:33:44'),
	('smo', '27.122.12.244', '2023-07-04 15:34:38'),
	('admin', '27.122.12.244', '2023-07-04 16:19:05'),
	('osd', '27.122.12.244', '2023-07-04 16:20:01'),
	('aas', '27.122.12.244', '2023-07-04 16:22:58'),
	('jj', '27.122.12.244', '2023-07-04 16:27:20'),
	('smo', '27.122.12.244', '2023-07-04 16:27:50'),
	('jj', '27.122.12.244', '2023-07-04 16:31:56'),
	('jj', '27.122.12.244', '2023-07-04 16:33:00'),
	('aas', '27.122.12.244', '2023-07-04 16:35:24'),
	('admin', '27.122.12.244', '2023-07-04 16:42:07'),
	('osd', '27.122.12.244', '2023-07-04 16:42:37'),
	('hr_admin', '116.206.192.37', '2023-07-04 19:00:05'),
	('admin', '192.166.246.76', '2023-07-04 19:03:56'),
	('smo', '192.166.246.76', '2023-07-04 19:04:17'),
	('admin', '116.206.192.37', '2023-07-04 19:09:22'),
	('hr_admin', '116.206.192.37', '2023-07-04 19:21:23'),
	('wla', '192.166.246.76', '2023-07-04 19:22:27'),
	('admin', '116.206.192.37', '2023-07-04 19:26:29'),
	('admin', '37.111.6.174', '2023-07-04 19:27:42'),
	('hr_admin', '37.111.6.174', '2023-07-04 19:27:58'),
	('admin', '104.28.156.153', '2023-07-04 19:29:51'),
	('hr_admin', '104.28.156.153', '2023-07-04 19:39:06'),
	('admin', '104.28.156.153', '2023-07-04 19:47:15'),
	('smo', '192.166.246.76', '2023-07-04 21:10:53'),
	('admin', '192.166.246.76', '2023-07-04 21:23:29'),
	('smo', '104.28.159.51', '2023-07-05 03:15:57'),
	('smo', '104.28.219.152', '2023-07-05 03:18:20'),
	('aas', '104.28.251.153', '2023-07-05 03:24:55'),
	('hr_admin', '104.28.219.152', '2023-07-05 03:40:12'),
	('wla', '103.116.59.249', '2023-07-05 09:10:39'),
	('admin', '86.48.11.163', '2023-07-05 09:34:16'),
	('smo', '86.48.11.163', '2023-07-05 09:34:31'),
	('wla', '86.48.11.163', '2023-07-05 09:38:08'),
	('hr_admin', '86.48.11.163', '2023-07-05 09:39:14'),
	('smo', '69.160.3.114', '2023-07-05 09:40:10'),
	('hr_admin', '86.48.11.163', '2023-07-05 09:44:27'),
	('admin', '185.205.140.241', '2023-07-05 09:49:23'),
	('admin', '86.48.11.163', '2023-07-05 09:55:04'),
	('wla', '185.205.140.241', '2023-07-05 09:56:00'),
	('hhys', '86.48.11.163', '2023-07-05 09:57:39'),
	('nlm', '86.48.11.163', '2023-07-05 09:57:52'),
	('pskko', '86.48.11.163', '2023-07-05 09:58:19'),
	('hr_admin', '86.48.11.163', '2023-07-05 09:59:12'),
	('nlm', '185.205.140.241', '2023-07-05 09:59:43'),
	('pskko', '185.205.140.241', '2023-07-05 10:01:29'),
	('kwt', '185.205.140.241', '2023-07-05 10:01:57'),
	('osd', '185.205.140.241', '2023-07-05 10:02:22'),
	('smo', '185.205.140.241', '2023-07-05 10:02:50'),
	('hhys', '86.48.11.163', '2023-07-05 10:03:26'),
	('smo', '86.48.11.163', '2023-07-05 10:29:16'),
	('hhys', '86.48.11.163', '2023-07-05 10:35:08'),
	('admin', '27.122.12.119', '2023-07-05 11:07:23'),
	('pskko', '86.48.11.163', '2023-07-05 11:08:44'),
	('nlm', '86.48.11.163', '2023-07-05 11:09:14'),
	('smo', '69.160.3.114', '2023-07-05 11:09:56'),
	('hr_admin', '185.205.140.241', '2023-07-05 11:20:10'),
	('admin', '185.205.140.241', '2023-07-05 11:20:25'),
	('smo', '86.48.11.163', '2023-07-05 11:21:55'),
	('nlm', '86.48.11.163', '2023-07-05 11:24:49'),
	('smo', '86.48.11.163', '2023-07-05 11:45:45'),
	('admin', '86.48.11.163', '2023-07-05 12:15:29'),
	('aas', '86.48.11.163', '2023-07-05 12:48:52'),
	('hhys', '86.48.11.163', '2023-07-05 12:50:07'),
	('aas', '86.48.11.163', '2023-07-05 12:51:14'),
	('aas', '86.48.11.163', '2023-07-05 12:52:41'),
	('smo', '69.160.3.114', '2023-07-05 12:58:20'),
	('hr_admin', '86.48.11.157', '2023-07-05 13:15:47'),
	('admin', '86.48.11.157', '2023-07-05 13:20:11'),
	('kzz', '86.48.11.157', '2023-07-05 13:21:07'),
	('nlm', '86.48.11.157', '2023-07-05 13:23:04'),
	('smo', '86.48.11.157', '2023-07-05 13:46:26'),
	('admin', '185.205.140.241', '2023-07-05 14:52:46'),
	('jj', '27.122.12.119', '2023-07-05 15:47:16'),
	('admin', '185.205.140.241', '2023-07-05 16:46:50'),
	('hr_admin', '185.205.140.241', '2023-07-05 17:08:08'),
	('smo', '192.166.246.191', '2023-07-06 09:12:22'),
	('hr_admin', '27.122.12.113', '2023-07-06 09:58:09'),
	('smo', '104.28.251.152', '2023-07-06 10:01:55'),
	('hhys', '86.48.10.27', '2023-07-06 10:06:29'),
	('admin', '185.205.140.241', '2023-07-06 11:18:33'),
	('hr_admin', '37.111.50.91', '2023-07-06 14:05:14'),
	('hr_admin', '37.111.50.91', '2023-07-06 14:44:41'),
	('admin', '37.111.50.91', '2023-07-06 14:45:00'),
	('admin', '37.111.50.91', '2023-07-06 14:47:52'),
	('admin', '203.96.240.183', '2023-07-06 15:14:14'),
	('pskko', '203.96.240.240', '2023-07-06 15:15:09'),
	('hr_admin', '37.111.50.91', '2023-07-06 15:15:32'),
	('admin', '37.111.50.91', '2023-07-06 15:15:52'),
	('admin', '37.111.50.91', '2023-07-06 15:19:32'),
	('hr_admin', '37.111.50.91', '2023-07-06 15:19:40'),
	('admin', '37.111.50.91', '2023-07-06 15:20:24'),
	('taki kkk78', '37.111.50.91', '2023-07-06 15:22:10'),
	('admin', '37.111.50.91', '2023-07-06 15:22:37'),
	('admin', '37.111.50.91', '2023-07-06 15:23:00'),
	('hr_admin', '37.111.50.91', '2023-07-06 15:34:30'),
	('hr_admin', '37.111.50.91', '2023-07-06 16:10:38'),
	('admin', '37.111.50.91', '2023-07-06 16:10:59'),
	('hr_admin', '37.111.50.91', '2023-07-06 16:11:26'),
	('admin', '37.111.50.91', '2023-07-06 16:33:43'),
	('hr_admin', '37.111.50.91', '2023-07-06 16:39:09'),
	('admin', '37.111.50.91', '2023-07-06 16:46:22'),
	('admin', '37.111.50.91', '2023-07-06 16:50:32'),
	('admin', '37.111.50.91', '2023-07-06 16:50:53'),
	('admin', '37.111.50.91', '2023-07-06 16:51:30'),
	('hr_admin', '37.111.50.91', '2023-07-06 16:52:00'),
	('admin', '37.111.50.91', '2023-07-06 16:59:44'),
	('sta', '37.111.50.91', '2023-07-06 17:00:48'),
	('admin', '104.28.156.140', '2023-07-06 18:44:53'),
	('admin', '103.217.156.157', '2023-07-06 18:48:43'),
	('taki kkk78', '104.28.156.140', '2023-07-06 19:21:18'),
	('admin', '185.205.140.241', '2023-07-06 19:52:59'),
	('hr_admin', '185.205.140.241', '2023-07-06 19:59:26'),
	('admin', '185.205.140.241', '2023-07-06 20:03:01'),
	('hr_admin', '185.205.140.241', '2023-07-06 20:14:19'),
	('wla', '185.205.140.241', '2023-07-06 20:44:21'),
	('pskko', '185.205.140.241', '2023-07-06 20:48:30'),
	('sta', '103.81.113.215', '2023-07-06 23:50:51'),
	('kzz', '103.116.59.193', '2023-07-07 08:13:07'),
	('kzz', '192.166.246.235', '2023-07-07 09:08:12'),
	('admin', '192.166.246.235', '2023-07-07 09:08:28'),
	('admin', '119.8.42.125', '2023-07-07 10:27:03'),
	('dyy', '119.8.42.125', '2023-07-07 10:32:34'),
	('nlm', '119.8.42.125', '2023-07-07 10:38:39'),
	('nlmnlm', '119.8.42.125', '2023-07-07 10:41:50'),
	('pskko', '119.8.42.125', '2023-07-07 10:42:35'),
	('nlm', '119.8.42.125', '2023-07-07 10:43:31'),
	('dyy', '119.8.42.125', '2023-07-07 10:45:24'),
	('hr_admin', '37.111.50.91', '2023-07-07 10:49:47'),
	('nlm', '119.8.42.125', '2023-07-07 10:50:40'),
	('hr_admin', '37.111.50.91', '2023-07-07 10:53:05'),
	('admin', '86.48.11.197', '2023-07-07 11:13:53'),
	('hr_admin', '37.111.50.91', '2023-07-07 11:21:13'),
	('admin', '119.8.42.125', '2023-07-07 11:21:23'),
	('sta', '37.111.50.91', '2023-07-07 11:21:28'),
	('smo', '119.8.42.125', '2023-07-07 11:23:44'),
	('admin', '37.111.50.91', '2023-07-07 11:24:35'),
	('dyy', '103.135.217.173', '2023-07-07 11:33:44'),
	('pskko', '103.135.217.173', '2023-07-07 11:34:23'),
	('nlm', '103.135.217.173', '2023-07-07 11:34:41'),
	('hr_admin', '103.135.217.173', '2023-07-07 11:35:00'),
	('smo', '103.135.217.173', '2023-07-07 11:36:13'),
	('admin', '86.48.11.197', '2023-07-07 11:59:10'),
	('nlm', '119.8.42.125', '2023-07-07 12:02:44'),
	('admin', '119.8.42.125', '2023-07-07 12:04:29'),
	('kzz', '119.8.42.125', '2023-07-07 12:06:14'),
	('aas', '37.111.50.91', '2023-07-07 12:12:51'),
	('admin', '86.48.11.197', '2023-07-07 12:35:36'),
	('kzz', '119.8.42.125', '2023-07-07 13:09:17'),
	('admin', '37.111.50.91', '2023-07-07 13:09:28'),
	('aas', '119.8.42.125', '2023-07-07 13:15:54'),
	('admin', '37.111.50.91', '2023-07-07 13:23:16'),
	('sta', '37.111.50.91', '2023-07-07 13:23:24'),
	('dyy', '119.8.42.125', '2023-07-07 13:23:25'),
	('aas', '37.111.50.91', '2023-07-07 13:23:56'),
	('smo', '119.8.42.125', '2023-07-07 13:32:23'),
	('dyy', '119.8.42.125', '2023-07-07 13:34:57'),
	('aas', '119.8.42.125', '2023-07-07 13:41:16'),
	('kzz', '119.8.42.125', '2023-07-07 13:46:15'),
	('nlm', '119.8.42.125', '2023-07-07 13:50:51'),
	('kzz', '119.8.42.125', '2023-07-07 13:53:18'),
	('nlm', '119.8.42.125', '2023-07-07 14:00:42'),
	('smo', '119.8.42.125', '2023-07-07 14:06:26'),
	('nlm', '37.111.50.91', '2023-07-07 14:12:21'),
	('smo', '104.28.156.150', '2023-07-07 14:12:22'),
	('kzz', '119.8.42.125', '2023-07-07 14:12:52'),
	('smo', '185.205.140.241', '2023-07-07 14:13:40'),
	('nlm', '185.205.140.241', '2023-07-07 14:15:44'),
	('nlm', '119.8.42.125', '2023-07-07 14:16:34'),
	('nlm', '104.28.156.150', '2023-07-07 14:17:03'),
	('kzz', '86.48.11.197', '2023-07-07 14:17:19'),
	('admin', '104.28.156.150', '2023-07-07 14:19:13'),
	('admin', '185.205.140.241', '2023-07-07 14:19:23'),
	('hr_admin', '185.205.140.241', '2023-07-07 14:19:39'),
	('hr_admin', '104.28.156.150', '2023-07-07 14:21:08'),
	('STA', '37.111.50.91', '2023-07-07 14:24:51'),
	('STA', '37.111.50.91', '2023-07-07 14:25:20'),
	('admin', '37.111.50.91', '2023-07-07 14:28:35'),
	('hr_admin', '104.28.156.150', '2023-07-07 14:33:05'),
	('admin', '86.48.11.197', '2023-07-07 14:33:08'),
	('nlm', '104.28.156.150', '2023-07-07 14:35:09'),
	('nlm', '104.28.156.150', '2023-07-07 14:42:00'),
	('pskko', '104.28.156.150', '2023-07-07 14:42:14'),
	('admin', '103.101.16.250', '2023-07-07 14:43:49'),
	('pskko', '119.8.42.125', '2023-07-07 14:46:02'),
	('admin', '119.8.42.125', '2023-07-07 14:48:19'),
	('STA', '37.111.50.91', '2023-07-07 14:48:24'),
	('pskko', '119.8.42.125', '2023-07-07 14:50:46'),
	('hr_admin', '119.8.42.125', '2023-07-07 14:51:53'),
	('pskko', '119.8.42.125', '2023-07-07 14:55:19'),
	('admin', '119.8.42.125', '2023-07-07 14:56:36'),
	('aas', '37.111.50.91', '2023-07-07 14:56:49'),
	('aas', '37.111.50.91', '2023-07-07 14:56:49'),
	('nlm', '37.111.50.91', '2023-07-07 14:57:44'),
	('daa', '119.8.42.125', '2023-07-07 14:58:06'),
	('pskko', '119.8.42.125', '2023-07-07 14:58:44'),
	('AAS', '37.111.50.91', '2023-07-07 15:02:51'),
	('nlm', '119.8.42.125', '2023-07-07 15:15:50'),
	('admin', '86.48.11.197', '2023-07-07 17:31:28'),
	('kzz', '86.48.11.197', '2023-07-07 17:31:58'),
	('admin', '86.48.11.197', '2023-07-07 18:30:15'),
	('aas', '103.81.113.217', '2023-07-07 19:59:59'),
	('kzz', '86.48.11.197', '2023-07-07 21:09:07'),
	('admin', '86.48.11.197', '2023-07-07 21:27:07'),
	('aas', '103.81.113.217', '2023-07-07 22:54:10'),
	('aas', '103.81.113.217', '2023-07-07 23:43:26'),
	('kzz', '192.166.246.155', '2023-07-08 11:39:18'),
	('admin', '86.48.10.54', '2023-07-08 12:50:42'),
	('kzz', '149.34.253.23', '2023-07-08 16:40:04'),
	('admin', '149.34.253.23', '2023-07-08 16:41:46'),
	('hhys', '86.48.10.53', '2023-07-09 05:49:38'),
	('nlm', '86.48.10.53', '2023-07-09 05:49:55'),
	('kzz', '86.48.10.53', '2023-07-09 05:56:31'),
	('kzz', '86.48.10.53', '2023-07-09 05:57:46'),
	('kzz', '86.48.10.53', '2023-07-09 05:59:11'),
	('kzz', '86.48.10.53', '2023-07-09 06:03:08'),
	('kzz', '86.48.10.53', '2023-07-09 06:04:45'),
	('admin', '86.48.10.53', '2023-07-09 06:13:35'),
	('kzz', '192.166.246.98', '2023-07-09 09:17:44'),
	('admin', '192.166.246.98', '2023-07-09 10:06:23'),
	('admin', '192.166.246.98', '2023-07-09 11:00:42'),
	('admin', '192.166.246.98', '2023-07-09 12:50:33'),
	('kzz', '192.166.246.98', '2023-07-09 12:50:59'),
	('kzz', '192.166.246.137', '2023-07-09 17:13:36'),
	('hr_admin', '192.166.246.137', '2023-07-09 17:34:11'),
	('admin', '192.166.246.137', '2023-07-09 17:39:12'),
	('admin', '103.134.206.188', '2023-07-09 18:28:53'),
	('kzz', '86.48.11.179', '2023-07-09 19:51:49'),
	('admin', '86.48.11.179', '2023-07-09 19:57:47'),
	('admin', '27.122.12.101', '2023-07-10 08:59:21'),
	('admin', '154.28.188.231', '2023-07-10 09:45:37'),
	('hr_admin', '154.28.188.231', '2023-07-10 09:46:39'),
	('admin', '185.205.140.242', '2023-07-10 09:57:17'),
	('hr_admin', '103.217.156.132', '2023-07-10 10:22:55'),
	('hr_admin', '103.217.156.132', '2023-07-10 10:23:20'),
	('admin', '103.217.156.132', '2023-07-10 10:23:26'),
	('pskko', '103.217.156.132', '2023-07-10 10:23:51'),
	('admin', '103.217.156.132', '2023-07-10 10:25:56'),
	('admin', '185.205.140.253', '2023-07-10 13:42:24'),
	('admin', '185.205.140.253', '2023-07-10 15:03:40'),
	('dyy', '185.205.140.253', '2023-07-10 15:35:46'),
	('aas', '27.122.12.241', '2023-07-10 16:48:59'),
	('smo', '37.111.50.91', '2023-07-10 16:59:22'),
	('admin', '192.166.246.75', '2023-07-10 17:13:18'),
	('kzz', '192.166.246.71', '2023-07-10 19:54:00'),
	('admin', '192.166.246.71', '2023-07-10 20:04:53'),
	('admin', '192.166.246.71', '2023-07-10 21:46:39'),
	('kzz', '86.48.11.113', '2023-07-11 08:17:48'),
	('admin', '86.48.11.113', '2023-07-11 08:53:40'),
	('pskko', '203.96.240.238', '2023-07-11 09:28:33'),
	('pskko', '185.205.140.253', '2023-07-11 09:32:01'),
	('admin', '37.111.50.91', '2023-07-11 10:48:21'),
	('smo', '37.111.50.91', '2023-07-11 11:02:51'),
	('kzz', '86.48.10.229', '2023-07-11 11:12:28'),
	('sta', '185.205.140.253', '2023-07-11 11:13:56'),
	('kzz', '86.48.10.229', '2023-07-11 11:16:34'),
	('admin', '86.48.10.229', '2023-07-11 11:17:12'),
	('admin', '43.242.135.170', '2023-07-11 12:00:23'),
	('kwt', '43.242.135.170', '2023-07-11 12:01:15'),
	('admin', '43.242.135.170', '2023-07-11 12:02:20'),
	('sta', '37.111.50.91', '2023-07-11 12:55:45'),
	('nlm', '37.111.50.91', '2023-07-11 12:56:48'),
	('sta', '37.111.50.91', '2023-07-11 12:59:16'),
	('hr_admin', '37.111.50.91', '2023-07-11 13:01:10'),
	('admin', '37.111.50.91', '2023-07-11 13:01:32'),
	('hr_admin', '37.111.50.91', '2023-07-11 13:01:52'),
	('nlm', '37.111.50.91', '2023-07-11 13:04:00'),
	('sta', '37.111.50.91', '2023-07-11 13:13:24'),
	('nlm', '37.111.50.91', '2023-07-11 13:14:25'),
	('admin', '37.111.50.91', '2023-07-11 13:14:56'),
	('pskko', '37.111.50.91', '2023-07-11 13:15:18'),
	('nlm', '37.111.50.91', '2023-07-11 13:15:47'),
	('admin', '86.48.10.229', '2023-07-11 13:41:40'),
	('kzz', '86.48.10.229', '2023-07-11 13:48:14'),
	('pskko', '37.111.50.91', '2023-07-11 13:48:23'),
	('smo', '37.111.50.91', '2023-07-11 13:51:56'),
	('wla', '43.242.135.170', '2023-07-11 13:53:07'),
	('admin', '37.111.50.91', '2023-07-11 13:53:47'),
	('bt', '37.111.50.91', '2023-07-11 13:54:56'),
	('pskko', '37.111.50.91', '2023-07-11 13:58:41'),
	('sta', '37.111.50.91', '2023-07-11 13:59:45'),
	('nlm', '43.242.135.170', '2023-07-11 14:00:34'),
	('pskko', '43.242.135.170', '2023-07-11 14:03:51'),
	('smo', '43.242.135.170', '2023-07-11 14:04:20'),
	('nlm', '37.111.50.91', '2023-07-11 14:04:53'),
	('nlm', '43.242.135.170', '2023-07-11 14:04:53'),
	('pskko', '37.111.50.91', '2023-07-11 14:05:28'),
	('nlm', '37.111.50.91', '2023-07-11 14:06:31'),
	('wla', '43.242.135.170', '2023-07-11 14:07:43'),
	('nlm', '43.242.135.170', '2023-07-11 14:09:02'),
	('wla', '43.242.135.170', '2023-07-11 14:16:28'),
	('nlm', '43.242.135.170', '2023-07-11 14:17:20'),
	('smo', '43.242.135.170', '2023-07-11 14:20:40'),
	('smo', '103.217.156.165', '2023-07-11 14:22:01'),
	('nlm', '43.242.135.170', '2023-07-11 14:23:49'),
	('wla', '43.242.135.170', '2023-07-11 14:28:23'),
	('smo', '43.242.135.170', '2023-07-11 14:28:36'),
	('aas', '43.242.135.170', '2023-07-11 14:32:03'),
	('pskko', '37.111.50.91', '2023-07-11 14:54:04'),
	('bt', '37.111.50.91', '2023-07-11 14:56:44'),
	('bt', '37.111.50.91', '2023-07-11 14:56:44'),
	('smo', '37.111.50.91', '2023-07-11 14:58:27'),
	('pskko', '37.111.50.91', '2023-07-11 14:59:55'),
	('nlm', '37.111.50.91', '2023-07-11 15:10:21'),
	('sta', '37.111.50.91', '2023-07-11 15:10:37'),
	('sta', '37.111.50.91', '2023-07-11 15:14:24'),
	('NLM', '37.111.50.91', '2023-07-11 15:32:09'),
	('smo', '69.160.3.115', '2023-07-11 15:34:26'),
	('pskko', '37.111.50.91', '2023-07-11 16:09:45'),
	('bt', '37.111.50.91', '2023-07-11 16:12:10'),
	('smo', '37.111.50.91', '2023-07-11 16:12:29'),
	('sta', '37.111.50.91', '2023-07-11 16:14:34'),
	('nlm', '37.111.50.91', '2023-07-11 16:16:40'),
	('pskko', '37.111.50.91', '2023-07-11 16:17:37'),
	('nlm', '37.111.50.91', '2023-07-11 16:18:32'),
	('pskko', '37.111.50.91', '2023-07-11 16:19:10'),
	('smo', '37.111.50.91', '2023-07-11 16:20:37'),
	('bt', '37.111.50.91', '2023-07-11 16:21:07'),
	('admin', '37.111.50.91', '2023-07-11 16:26:16'),
	('nlm', '37.111.50.91', '2023-07-11 16:27:16'),
	('nlm', '86.48.10.229', '2023-07-11 16:30:20'),
	('daa', '86.48.10.229', '2023-07-11 16:31:15'),
	('pskko', '37.111.50.91', '2023-07-11 16:31:38'),
	('nlm', '37.111.50.91', '2023-07-11 16:34:55'),
	('sta', '185.205.140.253', '2023-07-11 16:35:03'),
	('nlm', '185.205.140.253', '2023-07-11 16:36:51'),
	('bt', '37.111.50.91', '2023-07-11 16:43:01'),
	('nlm', '103.217.156.165', '2023-07-11 16:43:21'),
	('admin', '185.205.140.253', '2023-07-11 16:43:25'),
	('smo', '37.111.50.91', '2023-07-11 16:43:47'),
	('admin', '103.217.156.165', '2023-07-11 16:44:25'),
	('nlm', '37.111.50.91', '2023-07-11 16:45:16'),
	('nlm', '185.205.140.253', '2023-07-11 16:45:56'),
	('admin', '185.205.140.253', '2023-07-11 16:47:18'),
	('nlm', '43.242.135.170', '2023-07-11 16:48:07'),
	('nlm', '103.217.156.165', '2023-07-11 16:49:30'),
	('sta', '185.205.140.253', '2023-07-11 16:54:34'),
	('admin', '103.217.156.165', '2023-07-11 16:55:02'),
	('smo', '103.217.156.165', '2023-07-11 16:56:19'),
	('nlm', '103.217.156.165', '2023-07-11 16:56:51'),
	('admin', '185.205.140.253', '2023-07-11 16:57:00'),
	('pskko', '103.217.156.165', '2023-07-11 16:57:21'),
	('pskko', '185.205.140.253', '2023-07-11 17:04:57'),
	('admin', '86.48.10.229', '2023-07-11 17:08:42'),
	('nlm', '86.48.10.229', '2023-07-11 17:09:08'),
	('admin', '185.205.140.253', '2023-07-11 17:17:52'),
	('sta', '185.205.140.253', '2023-07-11 17:18:42'),
	('kzz', '103.134.206.171', '2023-07-12 08:06:15'),
	('aas', '37.111.50.91', '2023-07-12 09:44:30'),
	('sta', '37.111.50.91', '2023-07-12 09:45:23'),
	('kzz', '103.134.204.40', '2023-07-12 10:46:03'),
	('sta', '185.205.140.253', '2023-07-12 11:05:07'),
	('sta', '185.205.140.253', '2023-07-12 12:02:28'),
	('nlm', '185.205.140.253', '2023-07-12 12:29:42'),
	('daa', '185.205.140.253', '2023-07-12 12:30:15'),
	('sta', '185.205.140.253', '2023-07-12 12:31:10'),
	('admin', '185.205.140.253', '2023-07-12 12:32:47'),
	('nlm', '185.205.140.253', '2023-07-12 12:33:15'),
	('nlm', '185.205.140.253', '2023-07-12 14:41:39'),
	('kzz', '103.89.179.187', '2023-07-12 15:02:40'),
	('hr_admin', '192.166.246.95', '2023-07-12 15:08:28'),
	('hr_admin', '185.205.140.253', '2023-07-12 15:20:46'),
	('admin', '185.205.140.253', '2023-07-12 15:22:54'),
	('hr_admin', '185.205.140.253', '2023-07-12 15:23:07'),
	('sta', '37.111.50.91', '2023-07-12 15:45:17'),
	('admin', '192.166.246.95', '2023-07-12 15:52:43'),
	('kzz', '192.166.246.95', '2023-07-12 15:59:09'),
	('nlm', '37.111.50.91', '2023-07-12 16:01:00'),
	('admin', '192.166.246.95', '2023-07-12 16:11:51'),
	('hr_admin', '192.166.246.95', '2023-07-12 16:11:58'),
	('pskko', '37.111.50.91', '2023-07-12 16:36:53'),
	('sta', '37.111.50.91', '2023-07-12 16:42:42'),
	('nlm', '37.111.50.91', '2023-07-12 16:48:37'),
	('sta', '37.111.50.91', '2023-07-12 16:56:24'),
	('nlm', '185.205.140.253', '2023-07-12 20:43:56'),
	('sta', '103.81.113.223', '2023-07-12 20:46:30'),
	('nlm', '103.81.113.223', '2023-07-12 21:05:55'),
	('sta', '103.81.113.223', '2023-07-12 21:28:28'),
	('nlm', '103.81.113.223', '2023-07-12 21:30:05'),
	('sta', '103.81.113.223', '2023-07-12 21:31:07'),
	('nlm', '103.81.113.223', '2023-07-12 21:33:29'),
	('pskko', '103.81.113.223', '2023-07-12 21:59:39'),
	('bt', '103.81.113.223', '2023-07-12 22:01:33'),
	('smo', '103.81.113.223', '2023-07-12 22:12:03'),
	('sta', '103.81.113.223', '2023-07-12 22:14:11'),
	('sta', '103.81.113.223', '2023-07-12 22:32:29'),
	('nlm', '103.81.113.223', '2023-07-12 22:32:37'),
	('pskko', '103.81.113.223', '2023-07-12 22:34:39'),
	('smo', '103.81.113.223', '2023-07-12 22:35:22'),
	('sta', '103.81.113.223', '2023-07-12 22:35:52'),
	('sta', '103.81.113.223', '2023-07-12 22:44:49'),
	('nlm', '103.81.113.223', '2023-07-12 22:50:20'),
	('sta', '103.81.113.223', '2023-07-12 22:52:41'),
	('kzz', '192.166.246.113', '2023-07-12 22:59:09'),
	('sta', '103.81.113.223', '2023-07-12 22:59:22'),
	('admin', '103.81.113.223', '2023-07-12 23:04:58'),
	('sta', '103.81.113.223', '2023-07-12 23:05:07'),
	('kzz', '103.134.204.41', '2023-07-13 07:45:54'),
	('kzz', '86.48.11.107', '2023-07-13 07:51:56'),
	('hr_admin', '86.48.11.107', '2023-07-13 07:58:39'),
	('admin', '86.48.11.107', '2023-07-13 08:00:10'),
	('zm', '86.48.11.107', '2023-07-13 08:00:47'),
	('zm', '86.48.11.107', '2023-07-13 08:11:13'),
	('zm', '86.48.11.107', '2023-07-13 08:12:11'),
	('zm', '86.48.11.107', '2023-07-13 08:13:03'),
	('zm', '86.48.11.107', '2023-07-13 08:16:06'),
	('kzz', '86.48.11.107', '2023-07-13 08:17:02'),
	('admin', '37.111.50.91', '2023-07-13 08:52:25'),
	('sta', '37.111.50.91', '2023-07-13 09:27:52'),
	('kzz', '192.166.246.185', '2023-07-13 09:55:46'),
	('kzz', '192.166.246.185', '2023-07-13 11:01:33'),
	('sta', '89.187.162.183', '2023-07-13 12:37:53'),
	('sta', '89.187.162.183', '2023-07-13 13:48:22'),
	('sta', '37.111.50.91', '2023-07-13 15:46:00'),
	('nlm', '37.111.50.91', '2023-07-13 15:47:40'),
	('pskko', '37.111.50.91', '2023-07-13 16:33:10'),
	('nlm', '37.111.50.91', '2023-07-13 16:36:57'),
	('pskko', '37.111.50.91', '2023-07-13 16:39:40'),
	('sta', '37.111.50.91', '2023-07-13 16:58:23'),
	('kzz', '192.166.246.68', '2023-07-13 18:04:24'),
	('kzz', '192.166.246.68', '2023-07-13 18:27:37'),
	('zm', '192.166.246.68', '2023-07-13 18:37:26'),
	('kzz', '192.166.246.68', '2023-07-13 18:37:33'),
	('hr_admin', '192.166.246.68', '2023-07-13 18:41:51'),
	('zm', '192.166.246.68', '2023-07-13 19:22:19'),
	('kzz', '192.166.246.68', '2023-07-13 19:22:30'),
	('smo', '192.166.246.68', '2023-07-13 19:53:24'),
	('smo', '192.166.246.68', '2023-07-13 20:34:12'),
	('kzz', '103.89.179.162', '2023-07-14 07:49:29'),
	('smo', '103.89.179.162', '2023-07-14 07:49:45'),
	('kzz', '192.166.246.105', '2023-07-14 08:01:14'),
	('admin', '192.166.246.105', '2023-07-14 08:37:58'),
	('kzz', '192.166.246.105', '2023-07-14 08:39:09'),
	('admin', '192.166.246.105', '2023-07-14 08:54:33'),
	('kzz', '192.166.246.105', '2023-07-14 09:38:28'),
	('sta', '89.187.162.108', '2023-07-14 09:46:11'),
	('kzz', '192.166.246.105', '2023-07-14 11:32:22'),
	('kzz', '192.166.246.105', '2023-07-14 11:46:20'),
	('zm', '192.166.246.105', '2023-07-14 12:22:53'),
	('kzz', '192.166.246.105', '2023-07-14 12:23:04'),
	('kzz', '192.166.246.105', '2023-07-14 12:55:58'),
	('sta', '37.111.50.91', '2023-07-14 13:44:46'),
	('nlm', '37.111.50.91', '2023-07-14 13:45:48'),
	('nlm', '37.111.50.91', '2023-07-14 13:49:54'),
	('zm', '192.166.246.24', '2023-07-14 13:50:43'),
	('kzz', '192.166.246.24', '2023-07-14 13:58:59'),
	('pskko', '37.111.50.91', '2023-07-14 14:03:11'),
	('nlm', '37.111.50.91', '2023-07-14 14:06:58'),
	('pskko', '37.111.50.91', '2023-07-14 14:07:22'),
	('nlm', '37.111.50.91', '2023-07-14 14:07:49'),
	('smo', '37.111.50.91', '2023-07-14 14:08:19'),
	('nlm', '37.111.50.91', '2023-07-14 14:08:52'),
	('pskko', '37.111.50.91', '2023-07-14 14:09:38'),
	('nlm', '37.111.50.91', '2023-07-14 14:10:05'),
	('pskko', '37.111.50.91', '2023-07-14 14:10:40'),
	('kzz', '192.166.246.24', '2023-07-14 15:02:07'),
	('admin', '192.166.246.24', '2023-07-14 16:38:12'),
	('kzz', '192.166.246.24', '2023-07-14 16:38:38'),
	('admin', '37.111.50.91', '2023-07-14 16:41:50'),
	('sta', '37.111.50.91', '2023-07-14 16:41:57'),
	('nlm', '37.111.50.91', '2023-07-14 16:42:15'),
	('pskko', '37.111.50.91', '2023-07-14 16:43:39'),
	('smo', '37.111.50.91', '2023-07-14 16:44:31'),
	('smo', '86.48.11.142', '2023-07-14 17:43:43'),
	('smo', '86.48.11.142', '2023-07-14 18:12:40'),
	('kzz', '86.48.11.142', '2023-07-14 18:27:44'),
	('kzz', '86.48.11.142', '2023-07-14 19:53:15'),
	('kzz', '86.48.11.142', '2023-07-14 21:49:35'),
	('kzz', '86.48.11.127', '2023-07-15 08:20:51'),
	('smo', '103.107.199.109', '2023-07-15 09:17:44'),
	('kzz', '103.107.199.109', '2023-07-15 09:21:13'),
	('admin', '103.107.199.109', '2023-07-15 10:26:26'),
	('smo', '103.107.199.109', '2023-07-15 10:28:31'),
	('kzz', '103.107.199.109', '2023-07-15 10:30:32'),
	('hr_admin', '103.107.199.109', '2023-07-15 11:33:00'),
	('admin', '103.107.199.109', '2023-07-15 11:33:07'),
	('admin', '192.166.246.70', '2023-07-15 15:17:53'),
	('kzz', '192.166.246.70', '2023-07-15 15:22:27'),
	('smo', '192.166.246.70', '2023-07-15 15:26:14'),
	('smo', '192.166.246.70', '2023-07-15 15:59:23'),
	('kzz', '192.166.246.70', '2023-07-15 16:32:28'),
	('smo', '192.166.246.70', '2023-07-15 18:43:44'),
	('smo', '192.166.246.70', '2023-07-15 20:50:54'),
	('osd', '103.217.156.207', '2023-07-16 10:55:05'),
	('nlm', '92.223.85.151', '2023-07-16 11:42:42'),
	('kzz', '45.125.5.10', '2023-07-17 08:32:07'),
	('smo', '45.125.5.10', '2023-07-17 08:37:07'),
	('smo', '45.125.5.10', '2023-07-17 08:46:21'),
	('nlm', '37.111.50.91', '2023-07-17 10:00:06'),
	('sta', '37.111.50.91', '2023-07-17 10:00:45'),
	('nlm', '37.111.50.91', '2023-07-17 10:04:36'),
	('pskko', '37.111.50.91', '2023-07-17 10:06:54'),
	('smo', '37.111.50.91', '2023-07-17 10:07:45'),
	('aas', '37.111.50.91', '2023-07-17 10:27:57'),
	('aas', '37.111.50.91', '2023-07-17 10:28:07'),
	('aas', '37.111.50.91', '2023-07-17 10:28:24'),
	('smo', '37.111.50.91', '2023-07-17 10:28:33'),
	('pskko', '37.111.50.91', '2023-07-17 10:29:30'),
	('nlm', '37.111.50.91', '2023-07-17 10:29:54'),
	('smo', '37.111.50.91', '2023-07-17 10:30:46'),
	('nlm', '37.111.50.91', '2023-07-17 10:31:37'),
	('nlm', '37.111.50.91', '2023-07-17 10:33:01'),
	('sta', '37.111.50.91', '2023-07-17 10:39:48'),
	('osd', '104.28.251.153', '2023-07-17 10:49:49'),
	('smo', '37.111.50.91', '2023-07-17 10:50:02'),
	('admin', '104.28.219.153', '2023-07-17 10:56:42'),
	('admin', '37.111.50.91', '2023-07-17 11:04:13'),
	('osd', '37.111.50.91', '2023-07-17 11:04:44'),
	('kzz', '45.125.5.10', '2023-07-17 11:29:03'),
	('admin', '45.125.5.10', '2023-07-17 12:17:43'),
	('hr_admin', '45.125.5.10', '2023-07-17 12:18:28'),
	('admin', '45.125.5.10', '2023-07-17 12:22:49'),
	('wppp', '45.125.5.10', '2023-07-17 12:24:10'),
	('kzz', '103.135.217.185', '2023-07-17 13:08:41'),
	('admin', '103.135.217.185', '2023-07-17 13:10:38'),
	('hr_admin', '37.111.50.91', '2023-07-17 13:12:32'),
	('admin', '37.111.50.91', '2023-07-17 13:18:40'),
	('sta', '37.111.50.91', '2023-07-17 13:29:44'),
	('aas', '37.111.50.91', '2023-07-17 13:36:46'),
	('nlm', '37.111.50.91', '2023-07-17 13:54:23'),
	('aas', '37.111.50.91', '2023-07-17 13:57:17'),
	('nlm', '37.111.50.91', '2023-07-17 13:57:35'),
	('aas', '37.111.50.91', '2023-07-17 14:07:14'),
	('nlm', '37.111.50.91', '2023-07-17 14:17:35'),
	('smo', '37.111.50.91', '2023-07-17 14:29:10'),
	('wppp', '45.125.5.132', '2023-07-17 15:16:17'),
	('sta', '37.111.50.91', '2023-07-17 15:31:48'),
	('sta', '37.111.50.91', '2023-07-17 15:36:50'),
	('nlm', '37.111.50.91', '2023-07-17 15:38:52'),
	('pskko', '37.111.50.91', '2023-07-17 15:42:30'),
	('smo', '37.111.50.91', '2023-07-17 15:45:32'),
	('sta', '37.111.50.91', '2023-07-17 15:46:03'),
	('sta', '37.111.50.91', '2023-07-17 15:55:18'),
	('wppp', '45.125.5.132', '2023-07-17 16:04:35'),
	('pskko', '37.111.50.91', '2023-07-17 16:15:13'),
	('pskko', '89.187.163.177', '2023-07-17 16:35:29'),
	('smo', '89.187.163.177', '2023-07-17 16:36:10'),
	('smo', '103.81.113.219', '2023-07-17 19:04:39'),
	('osd', '103.81.113.219', '2023-07-17 19:21:45'),
	('aas', '103.81.113.219', '2023-07-17 19:34:08'),
	('osd', '103.81.113.219', '2023-07-17 19:51:00'),
	('smo', '103.81.113.219', '2023-07-17 19:58:39'),
	('osd', '103.81.113.219', '2023-07-17 20:07:24'),
	('aas', '103.81.113.219', '2023-07-17 20:21:05'),
	('sta', '103.81.113.219', '2023-07-17 20:49:57'),
	('smo', '103.81.113.219', '2023-07-17 20:50:49'),
	('sta', '103.81.113.219', '2023-07-17 20:56:45'),
	('aas', '103.81.113.219', '2023-07-17 21:08:41'),
	('OSD', '103.81.113.219', '2023-07-17 21:48:14'),
	('kzz', '103.217.156.201', '2023-07-17 21:57:23'),
	('admin', '103.217.156.201', '2023-07-17 22:05:48'),
	('kzz', '103.217.156.201', '2023-07-17 22:08:45'),
	('nlm', '103.81.113.219', '2023-07-17 22:30:17'),
	('nlm', '103.217.156.201', '2023-07-17 22:42:59'),
	('zm', '103.217.156.201', '2023-07-17 22:59:20'),
	('kzz', '103.217.156.201', '2023-07-17 23:33:40'),
	('smo', '103.217.156.201', '2023-07-18 00:47:09'),
	('nlm', '103.217.156.201', '2023-07-18 00:56:08'),
	('nlm', '103.217.156.201', '2023-07-18 02:15:36'),
	('wla', '103.217.156.201', '2023-07-18 02:15:57'),
	('osd', '103.217.156.201', '2023-07-18 02:16:12'),
	('smo', '103.217.156.201', '2023-07-18 05:03:10'),
	('kzz', '103.217.156.201', '2023-07-18 05:05:11'),
	('smo', '103.217.156.201', '2023-07-18 08:05:54'),
	('smo', '45.125.5.254', '2023-07-18 08:32:58'),
	('smo', '103.217.156.201', '2023-07-18 08:33:21'),
	('kzz', '103.217.156.201', '2023-07-18 08:41:46'),
	('wppp', '45.125.5.254', '2023-07-18 08:46:58'),
	('admin', '37.111.50.91', '2023-07-18 09:17:41'),
	('smo', '103.217.156.201', '2023-07-18 09:30:01'),
	('kzz', '103.217.156.201', '2023-07-18 09:39:05'),
	('wppp', '37.111.4.186', '2023-07-18 09:51:10'),
	('admin', '119.8.42.125', '2023-07-18 10:00:44'),
	('admin', '103.217.156.201', '2023-07-18 10:37:59'),
	('kzz', '103.217.156.201', '2023-07-18 10:49:36'),
	('smo', '103.217.156.201', '2023-07-18 11:16:12'),
	('kzz', '103.217.156.201', '2023-07-18 11:19:24'),
	('admin', '37.111.4.186', '2023-07-18 11:19:47'),
	('smo', '37.111.4.186', '2023-07-18 11:22:28'),
	('smo', '103.217.156.201', '2023-07-18 11:23:09'),
	('wla', '45.125.5.254', '2023-07-18 13:37:52'),
	('WPPP', '45.125.5.254', '2023-07-18 13:54:51'),
	('kzz', '119.8.42.125', '2023-07-18 13:55:19'),
	('aas', '45.125.5.254', '2023-07-18 15:03:47'),
	('bt', '45.125.5.254', '2023-07-18 15:45:07'),
	('smo', '45.125.5.254', '2023-07-18 15:45:28'),
	('wla', '45.125.5.254', '2023-07-18 16:17:19'),
	('nlm', '45.125.5.254', '2023-07-18 16:20:16'),
	('kzz', '89.187.163.163', '2023-07-18 16:21:43'),
	('kzz', '89.187.163.163', '2023-07-18 16:29:26'),
	('admin', '89.187.163.163', '2023-07-18 16:32:01'),
	('wla', '45.125.5.254', '2023-07-18 16:37:33'),
	('daa', '45.125.5.254', '2023-07-18 16:40:01'),
	('nlm', '45.125.5.254', '2023-07-18 16:40:19'),
	('smo', '103.217.156.140', '2023-07-19 19:01:29'),
	('kzz', '103.217.156.140', '2023-07-19 19:17:34'),
	('smo', '103.217.156.140', '2023-07-19 19:59:36'),
	('kzz', '103.217.156.140', '2023-07-19 20:41:26'),
	('kzz', '45.125.5.240', '2023-07-20 08:52:40'),
	('nlm', '45.125.5.240', '2023-07-20 09:18:04'),
	('admin', '43.242.135.170', '2023-07-20 09:25:52'),
	('smo', '43.242.135.170', '2023-07-20 09:28:43'),
	('aas', '43.242.135.170', '2023-07-20 09:29:03'),
	('kzz', '43.242.135.170', '2023-07-20 09:42:03'),
	('osd', '45.125.5.240', '2023-07-20 09:44:56'),
	('nlm', '45.125.5.240', '2023-07-20 09:45:18'),
	('aas', '45.125.5.240', '2023-07-20 09:45:46'),
	('nlm', '45.125.5.240', '2023-07-20 09:47:38'),
	('aas', '43.242.135.170', '2023-07-20 10:04:20'),
	('wla', '45.125.5.240', '2023-07-20 10:09:02'),
	('nlm', '45.125.5.240', '2023-07-20 10:11:29'),
	('nlm', '103.217.156.140', '2023-07-20 10:19:29'),
	('admin', '89.187.163.162', '2023-07-20 10:22:35'),
	('kzz', '89.187.163.162', '2023-07-20 10:24:12'),
	('pskko', '45.125.5.240', '2023-07-20 10:50:04'),
	('admin', '103.217.156.163', '2023-07-20 10:50:36'),
	('pskko', '45.125.5.240', '2023-07-20 10:50:49'),
	('wla', '45.125.5.240', '2023-07-20 10:51:18'),
	('kzz', '103.25.243.173', '2023-07-20 10:57:35'),
	('nlm', '103.217.156.134', '2023-07-20 11:05:47'),
	('nlm', '45.125.5.240', '2023-07-20 11:15:14'),
	('wla', '45.125.5.240', '2023-07-20 11:21:51'),
	('pskko', '45.125.5.240', '2023-07-20 11:25:38'),
	('nlm', '103.217.156.134', '2023-07-20 11:29:37'),
	('wla', '103.217.156.134', '2023-07-20 11:29:54'),
	('pskko', '103.217.156.134', '2023-07-20 11:30:43'),
	('pskko', '45.125.5.240', '2023-07-20 11:31:19'),
	('nlm', '45.125.5.240', '2023-07-20 11:31:58'),
	('pskko', '45.125.5.240', '2023-07-20 11:32:15'),
	('nlm', '45.125.5.240', '2023-07-20 11:32:50'),
	('nlm', '45.125.5.240', '2023-07-20 11:41:10'),
	('wla', '45.125.5.240', '2023-07-20 11:41:40'),
	('nlm', '45.125.5.240', '2023-07-20 11:42:58'),
	('kzz', '89.187.163.162', '2023-07-20 12:03:34'),
	('admin', '103.217.156.134', '2023-07-20 12:13:41'),
	('hr_admin', '103.217.156.134', '2023-07-20 12:15:45'),
	('wla', '45.125.5.240', '2023-07-20 13:32:39'),
	('kzz', '103.25.243.75', '2023-07-20 13:36:23'),
	('kzz', '89.187.163.162', '2023-07-20 14:39:46'),
	('KZZ', '89.187.163.162', '2023-07-20 14:43:53'),
	('nlm', '45.125.5.240', '2023-07-20 14:45:11'),
	('KZZ', '89.187.163.162', '2023-07-20 14:46:10'),
	('kzz', '89.187.163.162', '2023-07-20 14:47:45'),
	('kzz', '89.187.163.162', '2023-07-20 14:56:57'),
	('wla', '45.125.5.240', '2023-07-20 14:57:53'),
	('nlm', '45.125.5.240', '2023-07-20 15:03:32'),
	('kzz', '185.246.210.147', '2023-07-20 15:47:30'),
	('kzz', '45.125.5.240', '2023-07-20 15:47:35'),
	('kzz', '89.187.163.162', '2023-07-20 15:51:26'),
	('admin', '89.187.163.162', '2023-07-20 16:19:47'),
	('kzz', '89.187.163.162', '2023-07-20 16:20:56'),
	('kzz', '38.158.205.105', '2023-07-21 09:30:52'),
	('kzz', '37.111.50.91', '2023-07-21 10:43:50'),
	('kzz', '37.111.50.91', '2023-07-21 12:02:57'),
	('kzz', '38.158.205.21', '2023-07-21 13:06:41'),
	('nlm', '38.158.205.21', '2023-07-21 13:26:39'),
	('kzz', '37.111.50.91', '2023-07-21 14:26:49'),
	('kzz', '119.8.42.125', '2023-07-21 14:34:14'),
	('wla', '38.158.205.21', '2023-07-21 15:34:21'),
	('nlm', '38.158.205.21', '2023-07-21 15:34:58'),
	('nlm', '45.125.5.225', '2023-07-21 15:39:57'),
	('smo', '45.125.5.225', '2023-07-21 15:41:30'),
	('kzz', '37.111.50.91', '2023-07-21 16:02:26'),
	('admin', '38.158.205.21', '2023-07-21 16:27:05'),
	('smo', '37.111.50.91', '2023-07-21 16:32:46'),
	('hr_admin', '38.158.205.21', '2023-07-21 16:36:28'),
	('bt', '38.158.205.21', '2023-07-21 16:37:41'),
	('smo', '38.158.205.21', '2023-07-21 16:37:56'),
	('osd', '38.158.205.21', '2023-07-21 16:38:40'),
	('nlm', '38.158.205.21', '2023-07-21 16:41:01'),
	('wla', '38.158.205.21', '2023-07-21 16:41:13'),
	('kwt', '38.158.205.21', '2023-07-21 16:41:29'),
	('kzz', '38.158.205.21', '2023-07-21 16:41:47'),
	('aas', '38.158.205.21', '2023-07-21 16:42:02'),
	('kzz', '37.111.50.91', '2023-07-21 16:45:20'),
	('kzz', '103.81.113.223', '2023-07-21 21:02:00'),
	('admin', '103.81.113.219', '2023-07-23 18:42:33'),
	('smo', '104.28.251.152', '2023-07-24 08:39:31'),
	('hr_admin', '38.158.205.188', '2023-07-24 08:39:41'),
	('aas', '104.28.251.152', '2023-07-24 08:42:41'),
	('hr_admin', '38.158.205.188', '2023-07-24 08:42:48'),
	('nlm', '104.28.251.152', '2023-07-24 08:44:10'),
	('wla', '104.28.251.152', '2023-07-24 08:44:29'),
	('wla', '38.158.205.188', '2023-07-24 08:47:57'),
	('pskko', '104.28.251.152', '2023-07-24 08:51:53'),
	('hr_admin', '38.158.205.188', '2023-07-24 08:52:01'),
	('smo', '104.28.251.152', '2023-07-24 08:52:06'),
	('hr_admin', '38.158.205.42', '2023-07-24 09:07:25'),
	('hr_admin', '104.28.251.152', '2023-07-24 09:11:44'),
	('hr_admin', '38.158.205.42', '2023-07-24 09:32:38'),
	('kzz', '37.111.50.91', '2023-07-24 09:37:59'),
	('smo', '38.158.205.42', '2023-07-24 09:38:51'),
	('hr_admin', '38.158.205.42', '2023-07-24 09:41:57'),
	('smo', '38.158.205.42', '2023-07-24 09:43:15'),
	('smo', '103.217.156.169', '2023-07-24 09:52:48'),
	('nlm', '38.158.205.42', '2023-07-24 10:08:14'),
	('admin', '37.111.50.91', '2023-07-24 10:12:21'),
	('smo', '37.111.50.91', '2023-07-24 10:12:31'),
	('kzz', '37.111.50.91', '2023-07-24 10:15:28'),
	('SMO', '37.111.50.91', '2023-07-24 10:20:31'),
	('hr_admin', '103.217.156.169', '2023-07-24 10:42:10'),
	('wla', '103.217.156.169', '2023-07-24 10:45:25'),
	('wla', '38.158.205.42', '2023-07-24 11:27:47'),
	('nlm', '38.158.205.42', '2023-07-24 11:39:47'),
	('nlm', '38.158.205.126', '2023-07-24 13:25:05'),
	('wla', '38.158.205.126', '2023-07-24 13:26:34'),
	('nlm', '38.158.205.126', '2023-07-24 13:26:54'),
	('KZZ', '37.111.50.91', '2023-07-24 13:31:32'),
	('wla', '103.217.156.211', '2023-07-24 14:41:41'),
	('kzz', '37.111.50.91', '2023-07-24 15:06:31'),
	('kzz', '103.81.113.211', '2023-07-24 19:54:48'),
	('nlm', '38.158.205.89', '2023-07-25 08:37:56'),
	('pskko', '103.217.156.166', '2023-07-25 09:35:04'),
	('smo', '103.217.156.166', '2023-07-25 09:35:33'),
	('wla', '103.217.156.166', '2023-07-25 09:36:10'),
	('pskko', '103.217.156.166', '2023-07-25 09:40:25'),
	('hr_admin', '103.217.156.166', '2023-07-25 09:53:08'),
	('nlm', '103.217.156.166', '2023-07-25 10:12:45'),
	('hr_admin', '38.158.205.35', '2023-07-25 10:12:51'),
	('nlm', '38.158.205.35', '2023-07-25 10:14:11'),
	('pskko', '103.217.156.166', '2023-07-25 10:15:40'),
	('smo', '103.217.156.166', '2023-07-25 10:16:53'),
	('nlm', '103.217.156.166', '2023-07-25 10:24:16'),
	('smo', '103.217.156.166', '2023-07-25 11:11:14'),
	('nlm', '38.158.205.235', '2023-07-25 13:14:02'),
	('wla', '38.158.205.235', '2023-07-25 13:15:03'),
	('hr_admin', '38.158.205.235', '2023-07-25 13:35:59'),
	('hr_admin', '104.28.251.153', '2023-07-25 13:44:04'),
	('admin', '38.158.205.235', '2023-07-25 13:48:25'),
	('hr_admin', '38.158.205.235', '2023-07-25 13:51:03'),
	('admin', '38.158.205.235', '2023-07-25 13:53:27'),
	('hr_admin', '38.158.205.235', '2023-07-25 13:54:50'),
	('hhys', '38.158.205.235', '2023-07-25 13:58:53'),
	('admin', '104.28.251.153', '2023-07-25 13:59:28'),
	('wppp', '38.158.205.235', '2023-07-25 14:09:47'),
	('hr_admin', '38.158.205.235', '2023-07-25 14:12:40'),
	('admin', '104.28.251.153', '2023-07-25 14:13:02'),
	('pskko', '104.28.251.153', '2023-07-25 14:13:19'),
	('pskko', '38.158.205.235', '2023-07-25 14:14:03'),
	('wppp', '38.158.205.235', '2023-07-25 14:16:53'),
	('wppp', '104.28.251.153', '2023-07-25 14:34:42'),
	('smo', '104.28.251.153', '2023-07-25 14:39:20'),
	('pskko', '38.158.205.235', '2023-07-25 14:47:55'),
	('smo', '38.158.205.235', '2023-07-25 14:49:32'),
	('hhys', '38.158.205.235', '2023-07-25 14:50:54'),
	('smo', '38.158.205.235', '2023-07-25 14:56:40'),
	('admin', '89.187.163.162', '2023-07-25 14:59:45'),
	('aas', '38.158.205.235', '2023-07-25 15:08:03'),
	('nlm', '38.158.205.235', '2023-07-25 15:26:59'),
	('wppp', '38.158.205.235', '2023-07-25 15:27:30'),
	('hhys', '38.158.205.235', '2023-07-25 15:27:55'),
	('aas', '38.158.205.235', '2023-07-25 15:30:30'),
	('osd', '38.158.205.235', '2023-07-25 15:33:06'),
	('osd', '103.217.156.194', '2023-07-25 15:47:36'),
	('wppp', '45.125.5.119', '2023-07-25 16:13:00'),
	('kzz', '37.111.50.91', '2023-07-25 16:28:20'),
	('osd', '103.217.156.205', '2023-07-25 23:53:32'),
	('kzz', '103.81.113.213', '2023-07-26 00:24:15'),
	('kzz', '45.125.5.72', '2023-07-26 08:42:29'),
	('kzz', '104.28.219.152', '2023-07-26 09:02:41'),
	('kzz', '37.111.50.91', '2023-07-26 09:52:18'),
	('bt', '38.158.205.248', '2023-07-26 11:12:28'),
	('nlm', '104.28.156.148', '2023-07-26 11:12:35'),
	('hr_admin', '38.158.205.248', '2023-07-26 11:13:48'),
	('bt', '104.28.156.148', '2023-07-26 11:14:23'),
	('nlm', '38.158.205.248', '2023-07-26 11:14:41'),
	('aas', '103.217.156.205', '2023-07-26 11:14:46'),
	('admin', '38.158.205.248', '2023-07-26 11:14:52'),
	('aas', '38.158.205.248', '2023-07-26 11:15:15'),
	('kzz', '37.111.50.91', '2023-07-26 11:18:37'),
	('smo', '38.158.205.248', '2023-07-26 11:20:57'),
	('aas', '38.158.205.248', '2023-07-26 11:21:56'),
	('admin', '103.217.156.205', '2023-07-26 11:26:55'),
	('hr_admin', '103.217.156.205', '2023-07-26 11:27:07'),
	('kzz', '38.158.205.248', '2023-07-26 11:36:01'),
	('kzz', '89.187.163.166', '2023-07-26 13:51:59'),
	('wppp', '38.158.205.146', '2023-07-26 13:56:11'),
	('hhys', '38.158.205.146', '2023-07-26 14:12:26'),
	('hhys', '38.158.205.146', '2023-07-26 14:15:42'),
	('wppp', '38.158.205.146', '2023-07-26 14:52:50'),
	('SMO', '89.187.163.166', '2023-07-26 15:38:40'),
	('nlm', '103.217.156.215', '2023-07-27 09:04:32'),
	('wla', '103.217.156.215', '2023-07-27 09:11:12'),
	('smo', '103.217.156.215', '2023-07-27 09:11:33'),
	('wla', '103.217.156.215', '2023-07-27 09:48:00'),
	('wppp', '103.217.156.215', '2023-07-27 09:51:04'),
	('hhys', '103.217.156.215', '2023-07-27 09:51:20'),
	('hr_admin', '103.217.156.215', '2023-07-27 09:59:36'),
	('wppp', '103.217.156.215', '2023-07-27 10:00:01'),
	('admin', '103.217.156.215', '2023-07-27 10:00:43'),
	('admin', '89.187.162.91', '2023-07-27 10:18:41'),
	('kzz', '38.158.205.124', '2023-07-27 11:06:55'),
	('admin', '37.111.50.91', '2023-07-27 12:43:57'),
	('hr_admin', '37.111.50.91', '2023-07-27 12:44:21'),
	('wla', '37.111.50.91', '2023-07-27 12:48:28'),
	('wla', '37.111.50.91', '2023-07-27 12:48:47'),
	('pskko', '37.111.50.91', '2023-07-27 12:52:49'),
	('aas', '37.111.50.91', '2023-07-27 12:53:43'),
	('pskko', '37.111.50.91', '2023-07-27 12:53:58'),
	('admin', '37.111.50.91', '2023-07-27 12:55:01'),
	('nlm', '37.111.50.91', '2023-07-27 12:55:21'),
	('kzz', '38.158.205.214', '2023-07-27 14:26:18'),
	('kzz', '103.217.156.215', '2023-07-27 14:40:57'),
	('kzz', '38.158.205.214', '2023-07-27 15:46:06'),
	('nlm', '92.223.85.67', '2023-07-28 10:10:16'),
	('smo', '92.223.85.67', '2023-07-28 10:10:25'),
	('kzz', '38.158.205.245', '2023-07-28 10:18:27'),
	('smo', '38.158.205.245', '2023-07-28 10:25:41'),
	('admin', '89.187.163.167', '2023-07-28 12:19:23'),
	('hr_admin', '89.187.163.167', '2023-07-28 12:33:20'),
	('admin', '45.125.5.36', '2023-07-28 13:41:25'),
	('hr_admin', '45.125.5.36', '2023-07-28 13:42:16'),
	('smo', '45.125.5.36', '2023-07-28 13:48:03'),
	('nlm', '45.125.5.36', '2023-07-28 13:48:23'),
	('admin', '45.125.5.36', '2023-07-28 14:01:26'),
	('admin', '45.125.5.36', '2023-07-28 15:58:31'),
	('admin', '37.111.50.91', '2023-07-28 16:14:30'),
	('hr_admin', '37.111.50.91', '2023-07-28 16:51:57'),
	('admin', '37.111.50.91', '2023-07-28 16:58:12'),
	('hr_admin', '103.81.113.208', '2023-07-28 19:55:34'),
	('admin', '103.81.113.208', '2023-07-28 19:58:06'),
	('hr_admin', '103.81.113.208', '2023-07-28 19:59:38'),
	('admin', '103.81.113.208', '2023-07-28 20:01:02'),
	('zo1s', '103.81.113.208', '2023-07-28 20:02:04'),
	('hr_admin', '103.81.113.208', '2023-07-28 20:03:21'),
	('wla', '103.81.113.208', '2023-07-28 20:08:14'),
	('admin', '103.81.113.208', '2023-07-28 20:08:26'),
	('hhys', '103.81.113.208', '2023-07-28 20:09:02'),
	('NLM', '103.81.113.208', '2023-07-28 20:55:42'),
	('admin', '103.81.113.208', '2023-07-28 20:56:02'),
	('hr_admin', '103.81.113.208', '2023-07-28 20:56:08'),
	('admin', '103.81.113.208', '2023-07-28 20:57:14'),
	('WPPP', '103.81.113.208', '2023-07-28 20:58:00'),
	('PSKKO', '103.81.113.208', '2023-07-28 20:59:45'),
	('admin', '103.81.113.208', '2023-07-28 21:01:23'),
	('HHYS', '103.81.113.208', '2023-07-28 21:01:41'),
	('WPPP', '103.81.113.208', '2023-07-28 21:18:38'),
	('hr_admin', '103.81.113.208', '2023-07-28 21:19:22'),
	('NLM', '103.81.113.208', '2023-07-28 21:20:34'),
	('admin', '103.81.113.208', '2023-07-28 21:21:03'),
	('PSKKO', '103.81.113.208', '2023-07-28 21:21:14'),
	('WLA', '103.81.113.208', '2023-07-28 21:21:33'),
	('NLM', '103.81.113.208', '2023-07-28 21:24:49'),
	('admin', '103.81.113.208', '2023-07-28 21:49:58'),
	('NLM', '103.81.113.208', '2023-07-28 21:50:28'),
	('pskko', '103.81.113.208', '2023-07-28 21:52:26'),
	('smo', '103.81.113.208', '2023-07-28 21:53:14'),
	('wla', '103.81.113.208', '2023-07-28 21:53:52'),
	('admin', '103.81.113.209', '2023-07-28 22:03:19'),
	('wla', '103.81.113.209', '2023-07-28 22:04:01'),
	('smo', '103.81.113.209', '2023-07-28 22:05:34'),
	('wla', '103.81.113.209', '2023-07-28 22:06:32'),
	('hhys', '103.81.113.209', '2023-07-28 22:06:57'),
	('wppp', '103.81.113.209', '2023-07-28 22:07:15'),
	('smo', '103.81.113.209', '2023-07-28 22:07:45'),
	('pskko', '103.81.113.209', '2023-07-28 22:08:00'),
	('smo', '103.81.113.209', '2023-07-28 22:08:33'),
	('hhys', '103.81.113.209', '2023-07-28 22:10:21'),
	('aas', '103.81.113.209', '2023-07-28 23:09:07'),
	('admin', '103.81.113.209', '2023-07-28 23:38:40'),
	('AAS', '103.81.113.209', '2023-07-28 23:39:40'),
	('WLA', '103.81.113.209', '2023-07-28 23:40:45'),
	('NLM', '103.81.113.209', '2023-07-28 23:42:17'),
	('HHYS', '103.81.113.209', '2023-07-28 23:42:37'),
	('WPPP', '103.81.113.209', '2023-07-28 23:43:11'),
	('PSKKO', '103.81.113.209', '2023-07-28 23:43:28'),
	('SMO', '103.81.113.209', '2023-07-28 23:44:04'),
	('WLA', '103.81.113.209', '2023-07-28 23:44:31'),
	('HHYS', '103.81.113.209', '2023-07-28 23:45:35'),
	('admin', '103.81.113.209', '2023-07-28 23:46:07'),
	('admin', '103.81.113.209', '2023-07-28 23:46:48'),
	('admin', '103.81.113.209', '2023-07-28 23:47:25'),
	('admin', '103.81.113.209', '2023-07-28 23:48:03'),
	('AAS', '103.81.113.209', '2023-07-28 23:48:20'),
	('hr_admin', '103.81.113.209', '2023-07-28 23:51:06'),
	('admin', '103.81.113.209', '2023-07-28 23:51:38'),
	('nlm', '103.81.113.209', '2023-07-29 00:25:45'),
	('admin', '103.116.56.60', '2023-07-29 08:03:06'),
	('smo', '103.81.113.218', '2023-07-29 19:09:08'),
	('admin', '103.81.113.218', '2023-07-29 19:33:49'),
	('smo', '103.81.113.218', '2023-07-29 19:34:26'),
	('aas', '103.81.113.209', '2023-07-29 21:03:34'),
	('wla', '103.81.113.209', '2023-07-29 21:39:25'),
	('smo', '103.81.113.209', '2023-07-29 21:40:23'),
	('wla', '103.81.113.209', '2023-07-29 22:11:26'),
	('hhys', '103.81.113.209', '2023-07-29 22:16:31'),
	('wla', '103.81.113.209', '2023-07-29 22:18:15'),
	('smo', '103.81.113.209', '2023-07-29 22:22:18'),
	('kzz', '103.81.113.220', '2023-07-30 23:44:55'),
	('osd', '103.81.113.220', '2023-07-30 23:45:23'),
	('PSKKO', '103.81.113.220', '2023-07-31 00:07:07'),
	('wla', '103.81.113.220', '2023-07-31 00:10:11'),
	('hhys', '103.81.113.220', '2023-07-31 00:11:35'),
	('nlm', '103.81.113.220', '2023-07-31 00:16:09'),
	('wppp', '103.81.113.220', '2023-07-31 00:17:33'),
	('aas', '103.81.113.220', '2023-07-31 00:20:03'),
	('osd', '103.81.113.220', '2023-07-31 00:39:03'),
	('nlm', '103.81.113.220', '2023-07-31 00:46:34'),
	('wppp', '103.81.113.220', '2023-07-31 00:53:47'),
	('admin', '37.111.50.91', '2023-07-31 09:17:13'),
	('admin', '37.111.50.91', '2023-07-31 09:52:19'),
	('admin', '37.111.50.91', '2023-07-31 09:53:35'),
	('salestest', '37.111.50.91', '2023-07-31 09:54:36'),
	('admin', '92.223.85.249', '2023-07-31 12:06:29'),
	('aas', '92.223.85.249', '2023-07-31 12:08:59'),
	('admin', '103.81.113.214', '2023-08-02 06:06:29'),
	('admin', '104.28.219.152', '2023-08-02 15:48:04'),
	('admin', '61.4.69.115', '2023-08-05 11:02:55'),
	('admin', '61.4.69.115', '2023-08-05 11:16:37'),
	('hr_admin', '185.205.140.252', '2023-08-05 13:36:23'),
	('admin', '185.205.140.252', '2023-08-05 13:36:39'),
	('admin', '103.135.217.187', '2023-08-05 14:48:32'),
	('admin', '103.135.217.187', '2023-08-05 14:50:09'),
	('hr_admin', '103.135.217.187', '2023-08-05 14:53:34'),
	('admin', '89.187.162.212', '2023-08-06 13:21:25'),
	('admin', '103.135.217.163', '2023-08-06 17:32:44'),
	('admin', '103.135.217.163', '2023-08-06 17:59:46'),
	('admin', '127.0.0.1', '2023-08-06 18:09:44'),
	('admin', '94.74.104.135', '2023-08-07 09:50:28'),
	('admin', '103.217.156.128', '2023-08-07 09:52:03'),
	('nlm', '103.217.156.128', '2023-08-07 09:52:22'),
	('wla', '103.217.156.128', '2023-08-07 09:53:32'),
	('admin', '103.217.156.128', '2023-08-07 09:53:59'),
	('hr_admin', '103.217.156.128', '2023-08-07 09:56:44'),
	('admin', '37.111.50.91', '2023-08-07 10:07:51'),
	('admin', '37.111.50.91', '2023-08-07 10:24:42'),
	('wla', '37.111.50.91', '2023-08-07 10:27:55'),
	('admin', '::1', '2023-08-07 10:49:24'),
	('admin', '37.111.50.91', '2023-08-07 14:55:29'),
	('hr_admin', '37.111.50.91', '2023-08-07 15:01:37'),
	('admin', '37.111.50.91', '2023-08-07 15:39:58'),
	('hr_admin', '37.111.50.91', '2023-08-07 15:46:10'),
	('s', '37.111.50.91', '2023-08-07 16:10:16'),
	('admin', '37.111.50.91', '2023-08-08 09:12:58'),
	('s', '37.111.50.91', '2023-08-08 09:25:22'),
	('s', '37.111.50.91', '2023-08-08 09:25:33'),
	('nlm', '37.111.50.91', '2023-08-08 09:48:44'),
	('pskko', '37.111.50.91', '2023-08-08 09:49:09'),
	('nlm', '37.111.50.91', '2023-08-08 10:01:33'),
	('admin', '37.111.50.91', '2023-08-08 11:30:50'),
	('admin', '119.8.42.125', '2023-08-08 15:23:55'),
	('hr_admin', '119.8.42.125', '2023-08-08 15:25:41'),
	('admin', '119.8.42.125', '2023-08-08 15:32:00'),
	('admin', '119.8.42.125', '2023-08-08 15:49:11'),
	('admin', '103.217.156.199', '2023-08-08 16:00:15'),
	('admin', '103.217.156.199', '2023-08-08 16:02:29'),
	('aas', '119.8.42.125', '2023-08-08 16:16:53'),
	('admin', '37.111.50.91', '2023-08-09 10:35:08'),
	('aas', '38.158.205.71', '2023-08-09 10:49:34'),
	('smo', '37.111.50.91', '2023-08-09 14:36:56'),
	('aas', '38.158.205.35', '2023-08-09 14:37:09'),
	('smo', '37.111.50.91', '2023-08-09 14:37:24'),
	('osd', '38.158.205.35', '2023-08-09 14:37:36'),
	('wppp', '38.158.205.35', '2023-08-09 14:38:00'),
	('smo', '38.158.205.35', '2023-08-09 14:39:25'),
	('pskko', '38.158.205.35', '2023-08-09 14:40:05'),
	('admin', '38.158.205.35', '2023-08-09 14:43:23'),
	('wla', '38.158.205.35', '2023-08-09 15:00:00'),
	('admin', '37.111.50.91', '2023-08-10 09:43:03'),
	('admin', '37.111.50.91', '2023-08-10 09:52:07'),
	('wla', '38.158.205.245', '2023-08-10 10:10:35'),
	('admin', '37.111.50.91', '2023-08-10 12:10:18'),
	('admin', '37.111.50.91', '2023-08-10 13:37:50'),
	('admin', '37.111.50.91', '2023-08-10 13:40:24'),
	('admin', '37.111.50.91', '2023-08-10 13:44:48'),
	('admin', '37.111.50.91', '2023-08-10 13:52:00'),
	('admin', '37.111.50.91', '2023-08-10 14:16:32'),
	('smo', '103.217.156.213', '2023-08-10 14:17:40'),
	('admin', '37.111.50.91', '2023-08-10 14:18:04'),
	('pskko', '103.217.156.213', '2023-08-10 14:18:52'),
	('aas', '103.217.156.213', '2023-08-10 22:54:46'),
	('admin', '37.111.50.91', '2023-08-11 12:41:34'),
	('smo', '37.111.50.91', '2023-08-11 13:11:58'),
	('admin', '37.111.50.91', '2023-08-11 16:15:22'),
	('hr_admin', '37.111.50.91', '2023-08-11 16:15:31'),
	('admin', '37.111.50.91', '2023-08-11 16:26:53'),
	('aas', '103.135.217.165', '2023-08-14 03:57:51'),
	('admin', '103.217.156.181', '2023-08-14 10:54:26'),
	('admin', '45.125.5.51', '2023-08-14 10:54:35'),
	('aas123', '45.125.5.51', '2023-08-14 11:03:45'),
	('aas', '45.125.5.51', '2023-08-14 11:07:33'),
	('nlm', '45.125.5.51', '2023-08-14 11:22:36'),
	('wla', '45.125.5.51', '2023-08-14 11:22:51'),
	('aas', '45.125.5.51', '2023-08-14 11:34:01'),
	('pskko', '45.125.5.51', '2023-08-14 11:35:10'),
	('admin', '69.160.2.172', '2023-08-14 12:16:29'),
	('smo', '69.160.2.172', '2023-08-14 12:16:40'),
	('wla', '69.160.2.172', '2023-08-14 12:16:57'),
	('pskko', '69.160.2.172', '2023-08-14 12:17:25'),
	('admin', '69.160.2.172', '2023-08-14 12:18:04'),
	('hr_admin', '69.160.2.172', '2023-08-14 12:18:40'),
	('admin', '69.160.2.172', '2023-08-14 12:19:00'),
	('s', '69.160.2.172', '2023-08-14 12:19:40'),
	('pskko', '45.125.5.51', '2023-08-14 13:12:33'),
	('admin', '69.160.2.172', '2023-08-14 15:35:47'),
	('admin', '103.81.113.219', '2023-08-14 19:13:02'),
	('hr_admin', '103.81.113.219', '2023-08-14 19:27:49'),
	('admin', '103.81.113.219', '2023-08-14 19:36:12'),
	('hr_admin', '103.81.113.219', '2023-08-14 19:41:24'),
	('osd', '103.217.156.170', '2023-08-16 01:46:49'),
	('nlm', '38.158.205.6', '2023-08-16 08:22:50'),
	('wla', '38.158.205.6', '2023-08-16 08:23:10'),
	('wppp', '38.158.205.6', '2023-08-16 08:23:33'),
	('hhys', '38.158.205.6', '2023-08-16 09:33:59'),
	('wla', '38.158.205.6', '2023-08-16 09:34:56'),
	('nlm', '38.158.205.6', '2023-08-16 09:37:04'),
	('pskko', '38.158.205.6', '2023-08-16 09:37:39'),
	('smo', '38.158.205.6', '2023-08-16 09:38:03'),
	('wla', '38.158.205.6', '2023-08-16 09:38:38'),
	('smo', '38.158.205.6', '2023-08-16 10:21:32'),
	('aas', '38.158.205.6', '2023-08-16 10:22:14'),
	('wla', '38.158.205.6', '2023-08-16 10:28:09'),
	('smo', '38.158.205.6', '2023-08-16 10:28:29'),
	('nlm', '38.158.205.6', '2023-08-16 10:30:21'),
	('wla', '38.158.205.6', '2023-08-16 10:34:45'),
	('smo', '38.158.205.6', '2023-08-16 10:41:07'),
	('aas', '38.158.205.6', '2023-08-16 10:41:24'),
	('wla', '38.158.205.6', '2023-08-16 10:42:20'),
	('nlm', '38.158.205.6', '2023-08-16 10:43:11'),
	('pskko', '38.158.205.6', '2023-08-16 10:43:28'),
	('osd', '38.158.205.6', '2023-08-16 10:43:59'),
	('smo', '38.158.205.6', '2023-08-16 10:44:35'),
	('aas', '38.158.205.6', '2023-08-16 10:44:59'),
	('smo', '38.158.205.6', '2023-08-16 10:49:04'),
	('pskko', '38.158.205.6', '2023-08-16 10:49:20'),
	('wla', '38.158.205.6', '2023-08-16 10:49:36'),
	('osd', '38.158.205.6', '2023-08-16 10:49:56'),
	('aas', '38.158.205.6', '2023-08-16 11:16:46'),
	('wla', '38.158.205.6', '2023-08-16 11:17:05'),
	('aas', '38.158.205.6', '2023-08-16 11:18:00'),
	('aas', '38.158.205.217', '2023-08-23 11:38:18'),
	('aas', '38.158.205.217', '2023-08-23 14:21:37'),
	('wppp', '38.158.205.217', '2023-08-23 14:27:37'),
	('kzz', '38.158.205.217', '2023-08-23 14:28:23'),
	('admin', '38.158.205.217', '2023-08-23 14:28:43'),
	('osd', '38.158.205.217', '2023-08-23 14:29:23'),
	('aas', '38.158.205.217', '2023-08-23 14:30:25'),
	('aas', '38.158.205.217', '2023-08-23 15:22:27'),
	('aas', '38.158.205.217', '2023-08-23 15:22:35'),
	('aas', '38.158.205.217', '2023-08-23 15:26:22'),
	('aas', '38.158.205.217', '2023-08-23 15:27:00'),
	('wppp', '38.158.205.217', '2023-08-23 15:27:12'),
	('wppp', '38.158.205.217', '2023-08-23 15:28:24'),
	('aas', '38.158.205.217', '2023-08-23 15:41:19'),
	('hhys', '38.158.205.217', '2023-08-23 16:30:01'),
	('aas', '103.135.217.172', '2023-08-24 11:06:57'),
	('wla', '103.135.217.172', '2023-08-24 11:11:38'),
	('smo', '43.242.135.170', '2023-08-24 14:31:59'),
	('smo', '43.242.135.170', '2023-08-24 14:34:36'),
	('wla', '43.242.135.170', '2023-08-24 14:37:20'),
	('aas', '43.242.135.170', '2023-08-24 14:38:16'),
	('wla', '43.242.135.170', '2023-08-24 14:39:10'),
	('aas', '43.242.135.170', '2023-08-24 14:39:26'),
	('wla', '43.242.135.170', '2023-08-24 14:44:26'),
	('admin', '43.242.135.170', '2023-08-24 14:53:31'),
	('admin', '43.242.135.170', '2023-08-24 15:02:02'),
	('bmtest', '43.242.135.170', '2023-08-24 15:11:05'),
	('admin', '43.242.135.170', '2023-08-24 15:11:28'),
	('bmtest', '43.242.135.170', '2023-08-24 15:15:54'),
	('admin', '43.242.135.170', '2023-08-24 15:19:29'),
	('bmtest', '43.242.135.170', '2023-08-24 15:33:12'),
	('pskko', '43.242.135.170', '2023-08-24 15:50:11'),
	('smo', '43.242.135.170', '2023-08-24 17:01:14'),
	('admin', '43.242.135.170', '2023-08-24 17:02:59'),
	('wla', '43.242.135.170', '2023-08-24 17:03:39'),
	('nlm', '43.242.135.170', '2023-08-24 17:04:06'),
	('pskko', '43.242.135.170', '2023-08-24 17:04:19'),
	('smo', '43.242.135.170', '2023-08-24 17:04:31'),
	('wla', '43.242.135.170', '2023-08-24 17:04:46'),
	('smo', '43.242.135.170', '2023-08-24 17:05:08'),
	('admin', '38.158.205.150', '2023-09-11 10:58:28'),
	('hhys', '38.158.205.150', '2023-09-11 14:45:39'),
	('smo', '38.158.205.150', '2023-09-11 15:42:11'),
	('smo', '38.158.205.150', '2023-09-11 16:31:16'),
	('smo', '38.158.205.150', '2023-09-11 16:59:53'),
	('smo', '38.158.205.247', '2023-09-12 10:39:49'),
	('smo', '38.158.205.247', '2023-09-12 11:27:02'),
	('smo', '38.158.205.247', '2023-09-12 14:25:37'),
	('hhys', '38.158.205.247', '2023-09-12 15:29:38'),
	('smo', '38.158.205.247', '2023-09-12 16:04:06'),
	('wla', '103.83.188.63', '2023-09-14 19:47:27'),
	('hr_admin', '103.83.188.63', '2023-09-14 19:48:00'),
	('admin', '103.83.188.63', '2023-09-16 11:50:59'),
	('admin', '103.181.26.69', '2023-09-18 13:54:02'),
	('pskko', '103.181.26.69', '2023-09-18 14:08:11'),
	('hr_admin', '103.105.174.46', '2023-09-18 14:09:02'),
	('wla', '92.223.85.254', '2023-09-18 14:32:24'),
	('nlm', '92.223.85.254', '2023-09-18 14:38:16'),
	('pskko', '92.223.85.254', '2023-09-18 14:38:36'),
	('smo', '92.223.85.254', '2023-09-18 14:38:55'),
	('wla', '92.223.85.254', '2023-09-18 14:39:15'),
	('wla', '92.223.85.254', '2023-09-18 14:40:45'),
	('smo', '92.223.85.254', '2023-09-18 14:42:52'),
	('‌hr_admin', '38.158.205.75', '2023-09-18 14:46:15'),
	('admin', '38.158.205.75', '2023-09-18 14:46:43'),
	('hhys', '38.158.205.75', '2023-09-18 14:51:37'),
	('wla', '103.83.188.63', '2023-09-21 10:40:11'),
	('kzz', '103.83.188.63', '2023-09-22 15:07:57'),
	('admin', '103.83.188.63', '2023-09-22 15:08:06'),
	('kzz', '103.83.188.63', '2023-09-22 15:08:46'),
	('smo', '103.83.188.63', '2023-09-22 15:24:49'),
	('kzz', '103.83.188.63', '2023-09-22 15:25:37'),
	('kzz', '103.83.188.63', '2023-09-22 16:04:04'),
	('nlm', '69.160.8.49', '2023-09-24 17:19:46'),
	('bmtest', '69.160.8.49', '2023-09-24 17:20:09'),
	('kzz', '103.83.188.63', '2023-09-25 15:27:15'),
	('admin', '103.83.188.63', '2023-09-25 15:28:06'),
	('kzz', '103.83.188.63', '2023-09-25 15:28:38'),
	('kzz', '119.8.42.125', '2023-10-03 14:24:54'),
	('kzz', '103.83.188.103', '2023-10-09 14:13:09'),
	('kzz', '103.83.188.103', '2023-10-11 10:35:01'),
	('kzz', '38.158.205.45', '2023-10-12 15:02:30'),
	('kzz', '38.158.205.45', '2023-10-12 16:03:57'),
	('kzz', '103.83.188.103', '2023-10-13 13:02:11'),
	('admin', '103.83.188.103', '2023-10-18 08:25:29'),
	('nlm', '103.83.188.103', '2023-10-18 08:45:14'),
	('wla', '103.83.188.103', '2023-10-18 08:45:23'),
	('nlm', '103.83.188.103', '2023-10-18 08:48:31'),
	('bmtest', '103.83.188.103', '2023-10-18 08:49:13'),
	('sup', '103.83.188.103', '2023-10-18 08:50:36'),
	('wla', '103.83.188.103', '2023-10-18 08:51:38'),
	('sup', '103.83.188.103', '2023-10-18 08:52:09'),
	('bmtest', '103.83.188.103', '2023-10-18 08:52:48'),
	('sup', '103.83.188.103', '2023-10-18 08:53:53'),
	('bmtest', '103.83.188.103', '2023-10-18 08:54:19'),
	('sup', '103.83.188.103', '2023-10-18 08:55:02'),
	('nlm', '103.83.188.103', '2023-10-18 08:55:42'),
	('sup', '103.83.188.103', '2023-10-18 08:56:35'),
	('wla', '103.83.188.103', '2023-10-18 08:59:44'),
	('bmtest', '103.83.188.103', '2023-10-18 09:03:58'),
	('smo', '103.83.188.103', '2023-10-18 09:04:15'),
	('bmtest', '103.83.188.103', '2023-10-18 09:06:58'),
	('sup', '103.83.188.103', '2023-10-18 09:07:43'),
	('nlm', '103.83.188.103', '2023-10-18 09:08:07'),
	('sup', '103.83.188.103', '2023-10-18 09:08:35'),
	('smo', '103.83.188.103', '2023-10-18 09:10:02'),
	('sup', '38.158.205.1', '2023-10-18 09:10:51'),
	('sup', '103.83.188.103', '2023-10-18 09:11:38'),
	('smo', '103.83.188.103', '2023-10-18 09:23:17'),
	('sup', '103.83.188.103', '2023-10-18 09:28:04'),
	('wla', '103.83.188.103', '2023-10-18 09:28:24'),
	('nlm', '103.83.188.103', '2023-10-18 09:28:52'),
	('sup', '103.83.188.103', '2023-10-18 09:29:02'),
	('osd', '103.83.188.103', '2023-10-18 09:29:44'),
	('nlm', '103.83.188.103', '2023-10-18 09:30:28'),
	('bmtest', '103.83.188.103', '2023-10-18 09:41:08'),
	('kzz', '38.158.205.1', '2023-10-18 11:44:21'),
	('kzz', '38.158.205.1', '2023-10-18 13:15:39'),
	('kzz', '38.158.205.1', '2023-10-18 16:51:45'),
	('kzz', '45.125.5.168', '2023-10-20 15:41:17'),
	('bmtest', '103.83.188.103', '2023-10-20 15:42:21'),
	('kzz', '103.83.188.103', '2023-10-20 15:42:36'),
	('kzz', '103.83.188.103', '2023-10-23 10:41:53'),
	('kzz', '38.158.205.42', '2023-10-23 10:54:49'),
	('kzz', '104.28.251.153', '2023-11-10 11:16:44'),
	('nlm', '104.28.219.153', '2023-11-19 21:53:09'),
	('wla', '104.28.251.153', '2023-11-19 21:53:23'),
	('wla', '210.14.99.42', '2023-11-19 22:36:46'),
	('aas', '210.14.99.42', '2023-11-19 22:48:50'),
	('bmtest', '210.14.99.42', '2023-11-19 22:51:21'),
	('wla', '210.14.99.42', '2023-11-20 00:27:59'),
	('Wla', '210.14.99.42', '2023-11-20 00:34:39'),
	('wla', '210.14.99.42', '2023-11-20 00:38:07'),
	('wla', '210.14.99.42', '2023-11-20 00:44:57'),
	('wla', '210.14.99.42', '2023-11-20 01:26:57'),
	('admin', '210.14.99.42', '2023-11-20 01:33:59'),
	('pskko', '210.14.99.42', '2023-11-20 01:37:15'),
	('wla', '210.14.99.42', '2023-11-20 01:37:21'),
	('kzz', '210.14.99.42', '2023-11-20 10:10:03'),
	('admin', '116.206.139.57', '2023-11-23 10:48:02'),
	('bmtest', '116.206.139.57', '2023-11-23 10:48:24'),
	('admin', '116.206.139.57', '2023-11-23 17:08:20'),
	('bmtest', '116.206.139.57', '2023-11-23 17:08:41'),
	('wla', '116.206.139.57', '2023-11-23 17:21:11'),
	('pskko', '116.206.139.57', '2023-11-23 17:22:16'),
	('admin', '116.206.139.57', '2023-11-23 17:22:53'),
	('daa', '116.206.139.57', '2023-11-23 17:23:28'),
	('nlm', '116.206.139.57', '2023-11-23 17:23:53'),
	('pskko', '116.206.139.57', '2023-11-23 17:24:06'),
	('smo', '116.206.139.57', '2023-11-23 17:24:15'),
	('admin', '116.206.139.57', '2023-11-23 19:25:32'),
	('admin', '116.206.139.57', '2023-11-23 19:27:27'),
	('aas', '116.206.139.57', '2023-11-23 19:32:25'),
	('bmtest', '116.206.139.57', '2023-11-23 19:33:54'),
	('admin', '116.206.139.57', '2023-11-23 19:34:06'),
	('bmtest', '116.206.139.57', '2023-11-23 19:34:42'),
	('aas', '116.206.139.57', '2023-11-23 19:35:47'),
	('bmtest', '116.206.139.57', '2023-11-23 19:36:57'),
	('smo', '116.206.139.57', '2023-11-23 19:45:34'),
	('wla', '116.206.139.57', '2023-11-23 19:49:08'),
	('admin', '116.206.139.57', '2023-11-23 21:26:38'),
	('smo', '116.206.139.57', '2023-11-23 21:34:14'),
	('admin', '116.206.139.57', '2023-11-23 21:36:05'),
	('nlm', '116.206.139.57', '2023-11-23 21:38:21'),
	('nlm', '38.158.205.25', '2023-11-24 09:00:49'),
	('smo', '116.206.139.7', '2023-11-24 10:41:36'),
	('nlm', '61.4.74.81', '2023-11-24 11:30:23'),
	('nlm', '116.206.139.7', '2023-11-24 11:30:26'),
	('bmtest', '116.206.139.7', '2023-11-24 11:30:48'),
	('bmtest', '61.4.74.81', '2023-11-24 11:31:03'),
	('wla', '116.206.139.7', '2023-11-24 11:33:25'),
	('wla', '61.4.74.81', '2023-11-24 11:33:30'),
	('bmtest', '116.206.138.9', '2023-11-24 14:18:56'),
	('smo', '116.206.138.9', '2023-11-24 14:32:30'),
	('wla', '116.206.138.9', '2023-11-24 14:34:10'),
	('admin', '116.206.138.9', '2023-11-24 14:35:15'),
	('wla', '116.206.138.9', '2023-11-24 14:43:03'),
	('smo', '116.206.138.9', '2023-11-24 14:43:13'),
	('aas', '116.206.138.9', '2023-11-24 14:58:39'),
	('admin', '104.28.251.152', '2023-11-25 08:46:46'),
	('admin', '104.28.251.152', '2023-11-26 10:12:53'),
	('admin', '104.28.219.152', '2023-11-26 10:14:25'),
	('admin', '116.206.138.9', '2023-11-26 10:18:27'),
	('admin', '116.206.138.9', '2023-11-26 10:42:57'),
	('admin', '116.206.139.11', '2023-11-27 21:10:16'),
	('bmtest', '116.206.139.11', '2023-11-27 21:11:25'),
	('smo', '116.206.139.11', '2023-11-27 21:21:15'),
	('bmtest', '116.206.139.11', '2023-11-27 21:26:11'),
	('smo', '116.206.139.11', '2023-11-27 21:27:52'),
	('wla', '116.206.139.11', '2023-11-27 21:35:54'),
	('smo', '116.206.139.11', '2023-11-27 21:37:18'),
	('admin', '104.28.219.152', '2023-11-28 09:49:48'),
	('bmtest', '104.28.219.152', '2023-11-28 09:53:06'),
	('smo', '61.4.68.83', '2023-12-04 10:36:19'),
	('smo', '38.158.205.234', '2023-12-04 13:55:36'),
	('smo', '45.125.5.244', '2023-12-05 09:17:00'),
	('smo', '45.125.5.244', '2023-12-05 11:49:10'),
	('smo', '61.4.73.185', '2023-12-05 15:01:39'),
	('smo', '45.125.5.240', '2023-12-06 09:02:34'),
	('smo', '116.206.139.65', '2023-12-06 09:10:45'),
	('kzz', '116.206.139.65', '2023-12-06 09:33:35'),
	('smo', '116.206.139.65', '2023-12-06 09:36:28'),
	('kzz', '116.206.139.65', '2023-12-06 09:36:43'),
	('smo', '116.206.139.65', '2023-12-06 09:43:50'),
	('wla', '116.206.139.65', '2023-12-06 09:44:10'),
	('smo', '116.206.139.65', '2023-12-06 09:44:36'),
	('admin', '37.111.50.91', '2023-12-06 11:16:29'),
	('admin', '37.111.50.91', '2023-12-06 11:41:56'),
	('admin', '37.111.50.91', '2023-12-06 11:51:52'),
	('dyy', '37.111.50.91', '2023-12-06 11:52:55'),
	('hr_admin', '37.111.50.91', '2023-12-06 11:53:44'),
	('admin', '37.111.50.91', '2023-12-06 16:13:40'),
	('hr_admin', '37.111.50.91', '2023-12-06 16:14:33'),
	('smo', '37.111.50.91', '2023-12-06 16:15:32'),
	('bmtest', '37.111.50.91', '2023-12-06 16:15:54'),
	('admin', '103.213.30.132', '2023-12-07 11:13:29'),
	('hr_admin', '103.213.30.132', '2023-12-07 11:14:25'),
	('smo', '61.4.68.25', '2023-12-08 10:35:34'),
	('smo', '210.14.98.88', '2023-12-13 00:36:39'),
	('admin', '210.14.98.88', '2023-12-13 00:53:53'),
	('kzz', '210.14.98.88', '2023-12-13 01:52:16'),
	('admin', '210.14.98.88', '2023-12-13 03:12:53'),
	('smo', '38.158.205.147', '2023-12-13 10:39:42'),
	('smo', '104.28.251.153', '2023-12-13 10:50:08'),
	('smo', '38.158.205.147', '2023-12-13 13:06:05'),
	('smo', '116.206.139.50', '2023-12-15 03:21:06'),
	('smo', '116.206.139.50', '2023-12-15 03:57:17'),
	('nlm', '116.206.139.50', '2023-12-15 04:13:45'),
	('aas', '116.206.139.50', '2023-12-15 04:14:33'),
	('wla', '116.206.139.50', '2023-12-15 04:15:28'),
	('smo', '116.206.139.50', '2023-12-15 04:16:06'),
	('smo', '38.158.205.137', '2023-12-15 09:02:18'),
	('smo', '38.158.205.137', '2023-12-15 13:16:50'),
	('smo', '210.14.98.79', '2023-12-15 13:43:54'),
	('admin', '210.14.98.79', '2023-12-15 13:59:29'),
	('wla', '210.14.98.79', '2023-12-15 14:04:46'),
	('nlm', '210.14.98.79', '2023-12-15 14:08:51'),
	('pskko', '210.14.98.79', '2023-12-15 14:09:52'),
	('smo', '210.14.98.79', '2023-12-15 14:10:15'),
	('wla', '210.14.98.79', '2023-12-15 14:11:59'),
	('smo', '210.14.98.79', '2023-12-15 14:15:28'),
	('bmtest', '210.14.98.79', '2023-12-15 14:17:16'),
	('nlm', '210.14.98.79', '2023-12-15 14:21:15'),
	('wla', '210.14.98.79', '2023-12-15 14:22:18'),
	('aas', '210.14.98.79', '2023-12-15 14:25:15'),
	('smo', '210.14.98.79', '2023-12-15 14:30:21'),
	('wla', '210.14.98.79', '2023-12-15 14:39:06'),
	('smo', '210.14.98.79', '2023-12-15 14:40:58'),
	('smo', '210.14.98.79', '2023-12-15 15:29:17'),
	('admin', '210.14.98.79', '2023-12-15 16:04:12'),
	('smo', '103.101.16.250', '2023-12-18 09:48:36'),
	('bmtest', '103.101.16.250', '2023-12-18 09:56:15'),
	('nlm', '103.101.16.250', '2023-12-18 09:57:31'),
	('pskko', '103.101.16.250', '2023-12-18 09:58:08'),
	('wla', '103.101.16.250', '2023-12-18 09:59:10'),
	('aas', '103.101.16.250', '2023-12-18 10:00:53'),
	('smo', '43.242.135.170', '2023-12-19 09:57:03'),
	('smo', '43.242.135.170', '2023-12-19 10:24:51'),
	('smo', '116.206.137.180', '2023-12-19 21:40:49'),
	('smo', '104.28.219.153', '2023-12-20 10:37:13'),
	('smo', '104.28.219.153', '2023-12-20 10:38:29'),
	('wla', '104.28.219.153', '2023-12-20 10:43:45'),
	('smo', '104.28.219.153', '2023-12-20 10:45:08'),
	('smo', '103.101.16.250', '2023-12-20 14:11:26'),
	('kzz', '38.158.205.86', '2023-12-20 16:14:21'),
	('smo', '43.242.135.170', '2023-12-21 09:27:45'),
	('smo', '38.158.205.13', '2023-12-21 09:51:55'),
	('smo', '104.28.219.153', '2023-12-21 21:29:50'),
	('smo', '210.14.99.2', '2023-12-26 16:16:36'),
	('wla', '210.14.99.2', '2023-12-26 16:38:57'),
	('pskko', '210.14.99.2', '2023-12-26 16:49:32'),
	('nlm', '210.14.99.2', '2023-12-26 16:49:44'),
	('pskko', '210.14.99.2', '2023-12-26 16:49:55'),
	('wla', '210.14.99.2', '2023-12-26 16:50:19'),
	('nlm', '210.14.99.2', '2023-12-26 16:56:37'),
	('pskko', '210.14.99.2', '2023-12-26 16:56:49'),
	('wla', '210.14.99.2', '2023-12-26 16:57:07'),
	('nlm', '210.14.99.2', '2023-12-26 16:57:19'),
	('pskko', '210.14.99.2', '2023-12-26 16:58:12'),
	('wla', '210.14.99.2', '2023-12-26 16:58:39'),
	('smo', '61.4.73.132', '2023-12-26 17:21:09'),
	('smo', '45.125.5.251', '2023-12-27 10:31:43'),
	('smo', '45.125.5.39', '2023-12-28 09:02:38'),
	('smo', '38.158.205.172', '2023-12-28 09:48:50'),
	('smo', '38.158.205.172', '2023-12-28 11:14:42'),
	('smo', '45.125.5.39', '2023-12-28 12:26:45'),
	('admin', '104.28.219.153', '2023-12-28 13:17:53'),
	('smo', '104.28.219.153', '2023-12-28 13:18:12'),
	('smo', '45.125.5.39', '2023-12-28 13:22:22'),
	('kzz', '104.28.219.153', '2023-12-28 13:24:33'),
	('wla', '104.28.219.153', '2023-12-28 13:35:41'),
	('admin', '104.28.251.152', '2023-12-28 14:36:39'),
	('smo', '86.48.11.218', '2023-12-28 21:06:41'),
	('smo', '104.28.251.153', '2023-12-29 00:24:10'),
	('wla', '104.28.251.153', '2023-12-29 00:54:47'),
	('nlm', '104.28.251.153', '2023-12-29 00:56:53'),
	('pskko', '104.28.251.153', '2023-12-29 00:57:09'),
	('wla', '104.28.251.153', '2023-12-29 00:58:00'),
	('nlm', '104.28.251.153', '2023-12-29 01:05:48'),
	('pskko', '104.28.251.153', '2023-12-29 01:06:07'),
	('smo', '61.4.73.147', '2023-12-29 09:05:02'),
	('smo', '104.28.219.152', '2023-12-29 10:02:31'),
	('smo', '104.28.251.153', '2023-12-29 10:31:50'),
	('wla', '104.28.251.153', '2023-12-29 10:53:48'),
	('nlm', '104.28.251.153', '2023-12-29 10:54:17'),
	('pskko', '104.28.251.153', '2023-12-29 10:54:29'),
	('smo', '104.28.251.153', '2023-12-29 10:54:39'),
	('wla', '104.28.251.153', '2023-12-29 10:54:52'),
	('smo', '104.28.251.153', '2023-12-29 10:55:10'),
	('smo', '61.4.68.221', '2024-01-02 08:43:26'),
	('nlm', '119.8.42.125', '2024-01-02 10:41:19'),
	('wla', '119.8.42.125', '2024-01-02 10:47:49'),
	('nlm', '119.8.42.125', '2024-01-02 11:18:42'),
	('hr_admin', '104.28.219.153', '2024-01-03 10:31:33'),
	('nlm', '104.28.219.153', '2024-01-03 11:01:13'),
	('wla', '104.28.219.153', '2024-01-03 11:01:42'),
	('nlm', '104.28.219.153', '2024-01-03 11:02:03'),
	('pskko', '104.28.219.153', '2024-01-03 11:02:36'),
	('nlm', '104.28.219.153', '2024-01-03 11:02:56'),
	('nlm', '104.28.219.153', '2024-01-03 20:51:58'),
	('smo', '104.28.219.153', '2024-01-03 20:52:07'),
	('nlm', '104.28.219.152', '2024-01-03 20:55:24'),
	('wla', '104.28.219.152', '2024-01-03 20:55:40'),
	('smo', '104.28.219.153', '2024-01-03 21:07:46'),
	('smo', '103.89.179.151', '2024-01-04 13:15:40'),
	('smo', '104.28.219.153', '2024-01-04 13:39:26'),
	('wla', '104.28.219.153', '2024-01-04 13:41:14'),
	('nlm', '104.28.219.153', '2024-01-04 13:42:37'),
	('pskko', '104.28.219.153', '2024-01-04 13:42:51'),
	('smo', '104.28.219.153', '2024-01-04 13:43:02'),
	('wla', '104.28.219.153', '2024-01-04 13:43:31'),
	('smo', '104.28.219.153', '2024-01-04 13:43:54'),
	('smo', '192.166.246.151', '2024-01-04 15:09:57'),
	('smo', '86.48.10.87', '2024-01-04 17:06:52'),
	('smo', '104.28.251.152', '2024-01-04 17:14:38'),
	('smo', '104.28.251.152', '2024-01-04 18:35:44'),
	('smo', '86.48.10.87', '2024-01-04 18:36:34'),
	('smo', '104.28.251.153', '2024-01-04 20:05:32'),
	('smo', '104.28.251.152', '2024-01-04 20:08:05'),
	('smo', '86.48.10.87', '2024-01-04 22:05:13'),
	('smo', '210.14.98.42', '2024-01-05 00:00:57'),
	('smo', '210.14.98.42', '2024-01-05 00:42:00'),
	('smo', '104.28.219.152', '2024-01-05 09:48:16'),
	('smo', '38.158.205.37', '2024-01-05 09:50:26'),
	('smo', '116.206.139.55', '2024-01-05 09:56:20'),
	('smo', '116.206.139.55', '2024-01-05 10:13:06'),
	('smo', '192.166.246.238', '2024-01-05 10:17:00'),
	('nlm', '104.28.219.152', '2024-01-05 10:35:08'),
	('wla', '104.28.219.152', '2024-01-05 10:35:13'),
	('smo', '104.28.219.152', '2024-01-05 10:37:22'),
	('nlm', '104.28.219.152', '2024-01-05 10:41:10'),
	('pskko', '104.28.219.152', '2024-01-05 10:41:24'),
	('smo', '104.28.219.152', '2024-01-05 10:41:38'),
	('wla', '104.28.219.152', '2024-01-05 10:41:56'),
	('smo', '104.28.219.152', '2024-01-05 10:42:11'),
	('smo', '192.166.246.238', '2024-01-05 11:04:05'),
	('smo', '38.158.205.37', '2024-01-05 13:41:10'),
	('hr_admin', '119.8.42.125', '2024-01-05 14:57:48'),
	('hr_admin', '119.8.42.125', '2024-01-05 15:02:08'),
	('hr_admin', '119.8.42.125', '2024-01-05 15:19:42'),
	('smo', '61.4.69.123', '2024-01-05 16:33:49'),
	('smo', '210.14.96.16', '2024-01-06 20:32:15'),
	('smo', '104.28.219.156', '2024-01-06 20:48:03'),
	('smo', '104.28.219.151', '2024-01-07 14:08:58'),
	('smo', '210.14.96.13', '2024-01-07 14:09:50'),
	('kzz', '104.28.219.152', '2024-01-07 14:28:15'),
	('smo', '104.28.251.152', '2024-01-08 13:31:07'),
	('smo', '119.8.42.125', '2024-01-08 14:25:58'),
	('hr_admin', '119.8.42.125', '2024-01-08 14:26:57'),
	('admin', '119.8.42.125', '2024-01-08 14:27:16'),
	('hr_admin', '104.28.251.152', '2024-01-08 15:56:51'),
	('smo', '104.28.251.152', '2024-01-08 21:23:13'),
	('smo', '210.14.97.40', '2024-01-08 22:30:03'),
	('smo', '210.14.97.40', '2024-01-08 23:04:45'),
	('smo', '210.14.97.40', '2024-01-09 00:07:51'),
	('hr_admin', '103.42.216.25', '2024-01-09 10:35:45'),
	('smo', '103.42.216.25', '2024-01-09 10:37:09'),
	('hr_admin', '103.42.216.25', '2024-01-09 10:48:50'),
	('admin', '103.42.216.25', '2024-01-09 10:52:07'),
	('hr_admin', '103.42.216.25', '2024-01-09 10:56:31'),
	('admin', '103.42.216.25', '2024-01-09 10:58:42'),
	('wla', '103.42.216.25', '2024-01-09 11:02:59'),
	('pskko', '104.28.251.149', '2024-01-09 12:31:27'),
	('hr_admin', '104.28.251.149', '2024-01-09 12:31:53'),
	('admin', '104.28.251.149', '2024-01-09 12:32:50'),
	('aaa', '104.28.251.149', '2024-01-09 12:33:25'),
	('hr_admin', '104.28.251.149', '2024-01-09 12:38:11'),
	('pskko', '103.42.216.25', '2024-01-09 12:43:44'),
	('aaa', '103.42.216.25', '2024-01-09 12:54:54'),
	('aaa', '103.42.216.25', '2024-01-09 12:58:48'),
	('aaa', '103.42.216.25', '2024-01-09 12:59:50'),
	('pskko', '210.14.96.20', '2024-01-10 12:16:12'),
	('nlm', '210.14.96.20', '2024-01-10 12:20:42'),
	('wla', '210.14.96.20', '2024-01-10 12:35:12'),
	('nlm', '210.14.96.20', '2024-01-10 12:35:35'),
	('smo', '103.42.216.28', '2024-01-12 10:37:55'),
	('kzz', '103.42.217.34', '2024-01-16 21:55:16'),
	('smo', '103.42.217.34', '2024-01-16 22:02:07'),
	('kzz', '103.42.217.34', '2024-01-16 22:02:52'),
	('smo', '103.42.217.34', '2024-01-16 22:04:32'),
	('kzz', '103.42.217.34', '2024-01-16 22:04:49'),
	('smo', '103.42.217.34', '2024-01-16 22:06:39'),
	('hr_admin', '103.42.217.34', '2024-01-16 22:19:17'),
	('smo', '103.42.217.34', '2024-01-16 23:01:15'),
	('kzz', '38.158.205.212', '2024-01-17 08:07:06'),
	('aas', '38.158.205.212', '2024-01-17 08:42:57'),
	('bmtest', '38.158.205.212', '2024-01-17 08:43:38'),
	('kzz', '38.158.205.212', '2024-01-17 08:51:51'),
	('bmtest', '38.158.205.212', '2024-01-17 08:58:50'),
	('smo', '38.158.205.212', '2024-01-17 09:00:44'),
	('kzz', '104.28.251.150', '2024-01-17 09:05:42'),
	('bmtest', '104.28.251.152', '2024-01-17 10:13:28'),
	('kzz', '104.28.251.154', '2024-01-17 10:13:53'),
	('smo', '38.158.205.159', '2024-01-18 08:11:52'),
	('aas123', '38.158.205.159', '2024-01-18 08:33:38'),
	('wla', '38.158.205.159', '2024-01-18 08:34:49'),
	('kzz', '38.158.205.159', '2024-01-18 08:56:43'),
	('nlm', '38.158.205.159', '2024-01-18 09:00:24'),
	('wla', '38.158.205.159', '2024-01-18 09:12:50'),
	('smo', '38.158.205.159', '2024-01-18 09:17:50'),
	('wla', '38.158.205.159', '2024-01-18 09:23:29'),
	('wla', '38.158.205.159', '2024-01-18 10:01:01'),
	('smo', '38.158.205.159', '2024-01-18 12:07:14'),
	('smo', '38.158.205.159', '2024-01-18 13:59:22'),
	('smo', '38.158.205.159', '2024-01-18 15:21:54'),
	('smo', '104.28.219.153', '2024-01-18 17:01:25'),
	('wla', '104.28.219.156', '2024-01-18 17:07:03'),
	('kzz', '103.42.216.21', '2024-01-18 17:14:31'),
	('smo', '103.42.216.21', '2024-01-18 18:00:26'),
	('smo', '38.158.205.72', '2024-01-19 09:07:50'),
	('wla', '38.158.205.72', '2024-01-19 09:08:06'),
	('kzz', '38.158.205.72', '2024-01-19 09:08:25'),
	('wla', '38.158.205.72', '2024-01-19 09:39:28'),
	('wla', '38.158.205.72', '2024-01-19 10:30:45'),
	('wla', '38.158.205.72', '2024-01-19 14:33:12'),
	('smo', '45.125.5.243', '2024-01-19 14:35:32'),
	('smo', '38.158.205.72', '2024-01-19 15:39:24'),
	('smo', '38.158.205.72', '2024-01-19 16:02:32'),
	('kzz', '38.158.205.72', '2024-01-19 16:02:51'),
	('wla', '104.28.251.151', '2024-01-22 01:04:13'),
	('smo', '103.42.217.45', '2024-01-22 01:07:43'),
	('hr_admin', '103.42.217.45', '2024-01-22 01:19:17'),
	('admin', '103.42.217.45', '2024-01-22 01:19:32'),
	('hr_admin', '103.42.217.45', '2024-01-22 01:27:07'),
	('kzz', '103.42.217.45', '2024-01-22 01:41:44'),
	('hr_admin', '103.42.217.45', '2024-01-22 01:48:14'),
	('bmtest', '103.42.217.45', '2024-01-22 02:24:54'),
	('hr_admin', '103.42.217.45', '2024-01-22 02:32:09'),
	('wla', '103.42.217.45', '2024-01-22 03:02:09'),
	('wla', '103.42.217.45', '2024-01-22 04:02:40'),
	('kzz', '103.42.217.45', '2024-01-22 04:10:44'),
	('wla', '38.158.205.39', '2024-01-22 08:35:18'),
	('smo', '38.158.205.39', '2024-01-22 08:36:06'),
	('wla', '38.158.205.39', '2024-01-22 08:37:04'),
	('wla', '103.42.216.8', '2024-01-22 10:35:19'),
	('wla', '38.158.205.39', '2024-01-22 10:38:06'),
	('admin', '103.42.216.8', '2024-01-22 11:27:20'),
	('wla', '38.158.205.39', '2024-01-22 11:43:11'),
	('wla', '38.158.205.39', '2024-01-22 13:46:20'),
	('admin', '103.42.216.8', '2024-01-22 13:51:49'),
	('admin', '119.8.42.125', '2024-01-24 10:44:18'),
	('smo', '103.42.217.55', '2024-01-28 13:46:11'),
	('wla', '103.42.217.55', '2024-01-28 13:59:25'),
	('wla', '103.42.217.55', '2024-01-28 13:59:37'),
	('wla', '103.42.217.55', '2024-01-28 14:28:25'),
	('hr_admin', '103.42.217.55', '2024-01-28 14:33:47'),
	('hr_admin', '103.42.217.55', '2024-01-28 14:34:04'),
	('wla', '103.42.217.55', '2024-01-28 14:59:42'),
	('smo', '103.42.217.55', '2024-01-28 15:04:27'),
	('wla', '103.42.217.55', '2024-01-28 16:51:09'),
	('wla', '103.42.217.55', '2024-01-28 17:02:11'),
	('smo', '103.42.217.55', '2024-01-28 17:06:09'),
	('wla', '103.42.217.55', '2024-01-28 17:31:38'),
	('hr_admin', '103.42.217.55', '2024-01-28 17:41:30'),
	('wla', '104.28.219.154', '2024-01-28 18:42:33'),
	('smo', '103.42.217.55', '2024-01-28 21:04:56'),
	('smo', '103.42.217.55', '2024-01-28 21:13:23'),
	('wla', '103.42.217.55', '2024-01-28 21:17:41'),
	('admin', '103.42.217.55', '2024-01-28 21:18:10'),
	('nlm', '103.42.217.55', '2024-01-28 21:18:42'),
	('nlm', '103.42.217.55', '2024-01-28 21:18:45'),
	('admin', '103.42.217.55', '2024-01-28 21:22:54'),
	('hr_admin', '103.42.217.55', '2024-01-28 21:54:05'),
	('admin', '103.42.217.55', '2024-01-28 21:54:51'),
	('smo', '103.42.217.55', '2024-01-28 22:01:35'),
	('wla', '103.42.217.55', '2024-01-28 22:27:56'),
	('smo', '103.42.217.55', '2024-01-28 22:28:13'),
	('wla', '103.42.217.55', '2024-01-28 23:04:35'),
	('smo', '103.42.217.55', '2024-01-28 23:14:48'),
	('smo', '103.42.217.55', '2024-01-29 00:08:26'),
	('wla', '103.42.217.55', '2024-01-29 00:08:43'),
	('admin', '103.42.217.55', '2024-01-29 00:17:26'),
	('smo', '103.42.217.55', '2024-01-29 00:19:55'),
	('wla', '103.42.217.55', '2024-01-29 00:29:27'),
	('admin', '103.42.217.55', '2024-01-29 01:27:05'),
	('wla', '103.42.217.55', '2024-01-29 01:28:43'),
	('smo', '103.42.217.55', '2024-01-29 01:30:05'),
	('smo', '103.42.217.55', '2024-01-29 02:00:53'),
	('nlm', '103.42.217.55', '2024-01-29 03:01:42'),
	('pskko', '103.42.217.55', '2024-01-29 03:03:24'),
	('nlm', '103.42.217.55', '2024-01-29 03:03:41'),
	('smo', '38.158.205.183', '2024-01-29 10:39:37'),
	('nlm', '38.158.205.183', '2024-01-29 10:58:28'),
	('wla', '38.158.205.183', '2024-01-29 10:58:36'),
	('smo', '38.158.205.183', '2024-01-29 11:03:47'),
	('admin', '103.42.217.55', '2024-01-29 11:06:19'),
	('daa', '38.158.205.183', '2024-01-29 11:06:50'),
	('smo', '37.111.0.215', '2024-01-29 11:08:06'),
	('smo', '38.158.205.109', '2024-01-30 11:52:47'),
	('smo', '104.28.251.151', '2024-01-31 10:05:04'),
	('smo', '104.28.219.156', '2024-01-31 11:02:53'),
	('smo', '69.160.8.124', '2024-02-01 10:10:45'),
	('smo', '69.160.8.184', '2024-02-01 11:13:43'),
	('smo', '69.160.8.184', '2024-02-01 12:02:53'),
	('wla', '69.160.8.184', '2024-02-01 12:53:42'),
	('smo', '103.42.216.4', '2024-02-01 14:47:56'),
	('smo', '103.42.216.4', '2024-02-01 16:08:51'),
	('smo', '69.160.8.184', '2024-02-01 16:46:34'),
	('kzz', '103.42.216.4', '2024-02-01 16:53:18'),
	('bmtest', '103.42.216.4', '2024-02-01 16:54:04'),
	('wla', '103.42.216.4', '2024-02-01 16:54:44'),
	('sup', '69.160.8.184', '2024-02-01 16:59:00'),
	('sup', '69.160.8.145', '2024-02-01 18:03:08'),
	('smo', '103.42.216.4', '2024-02-01 19:40:24'),
	('smo', '69.160.8.145', '2024-02-01 21:31:01'),
	('smo', '103.42.216.4', '2024-02-02 02:05:43'),
	('smo', '103.42.216.4', '2024-02-02 03:16:04'),
	('bmtest', '103.42.216.4', '2024-02-02 03:16:25'),
	('wla', '103.42.216.4', '2024-02-02 03:56:58'),
	('admin', '103.42.216.4', '2024-02-02 03:57:50'),
	('smo', '103.42.216.4', '2024-02-02 04:00:16'),
	('wla', '103.42.216.4', '2024-02-02 04:07:35'),
	('nlm', '103.42.216.4', '2024-02-02 04:13:39'),
	('smo', '103.42.216.4', '2024-02-02 04:43:49'),
	('admin', '103.42.216.4', '2024-02-02 04:50:25'),
	('daa', '103.42.216.4', '2024-02-02 04:52:05'),
	('wla', '103.42.216.4', '2024-02-02 04:56:30'),
	('wla', '103.42.216.4', '2024-02-02 05:42:27'),
	('smo', '38.158.205.199', '2024-02-02 07:28:47'),
	('wla', '38.158.205.199', '2024-02-02 07:48:22'),
	('wppp', '38.158.205.199', '2024-02-02 07:52:34'),
	('smo', '38.158.205.199', '2024-02-02 07:53:44'),
	('wla', '38.158.205.199', '2024-02-02 07:53:57'),
	('wppp', '38.158.205.199', '2024-02-02 08:08:43'),
	('wla', '38.158.205.199', '2024-02-02 08:15:16'),
	('daa', '38.158.205.199', '2024-02-02 08:18:28'),
	('smo', '38.158.205.199', '2024-02-02 08:19:01'),
	('wla', '38.158.205.199', '2024-02-02 08:19:17'),
	('daa', '38.158.205.199', '2024-02-02 08:20:14'),
	('smo', '103.42.216.4', '2024-02-02 09:18:27'),
	('wla', '103.42.216.4', '2024-02-02 09:18:31'),
	('nlm', '103.42.216.4', '2024-02-02 09:20:05'),
	('admin', '103.42.216.4', '2024-02-02 09:21:12'),
	('smo', '103.42.216.4', '2024-02-02 09:21:43'),
	('daa', '38.158.205.199', '2024-02-02 09:22:22'),
	('smo', '38.158.205.199', '2024-02-02 09:30:17'),
	('daa', '38.158.205.199', '2024-02-02 09:59:47'),
	('smo', '38.158.205.199', '2024-02-02 10:00:16'),
	('daa', '38.158.205.199', '2024-02-02 10:00:39'),
	('wppp', '38.158.205.199', '2024-02-02 10:00:53'),
	('nlm', '38.158.205.199', '2024-02-02 10:01:28'),
	('wla', '38.158.205.199', '2024-02-02 10:03:00'),
	('smo', '38.158.205.199', '2024-02-02 10:03:52'),
	('nlm', '38.158.205.199', '2024-02-02 10:04:15'),
	('smo', '38.158.205.199', '2024-02-02 10:04:31'),
	('wla', '38.158.205.199', '2024-02-02 10:34:44'),
	('daa', '38.158.205.199', '2024-02-02 10:36:34'),
	('wla', '38.158.205.199', '2024-02-02 10:37:40'),
	('daa', '38.158.205.199', '2024-02-02 10:39:29'),
	('smo', '38.158.205.199', '2024-02-02 10:40:11'),
	('smo', '103.42.216.4', '2024-02-02 11:01:22'),
	('wla', '38.158.205.240', '2024-02-05 14:23:05'),
	('smo', '38.158.205.240', '2024-02-05 14:37:57'),
	('smo', '210.14.97.55', '2024-02-05 14:52:08'),
	('smo', '104.28.219.155', '2024-02-06 09:44:57'),
	('smo', '104.28.219.155', '2024-02-06 10:34:38'),
	('admin', '103.42.216.29', '2024-02-12 11:17:19'),
	('smo', '104.28.251.151', '2024-02-12 15:43:47'),
	('wla', '104.28.251.149', '2024-02-12 15:49:48'),
	('nlm', '104.28.251.150', '2024-02-12 15:54:01'),
	('smo', '210.14.96.15', '2024-02-12 18:00:15'),
	('wla', '210.14.96.15', '2024-02-12 19:11:25'),
	('smo', '210.14.96.15', '2024-02-12 19:13:14'),
	('smo', '210.14.96.15', '2024-02-12 20:05:34'),
	('smo', '210.14.96.15', '2024-02-12 23:48:25'),
	('wla', '210.14.96.15', '2024-02-13 01:06:41'),
	('bmtest', '210.14.96.15', '2024-02-13 01:25:30'),
	('nlm', '210.14.96.15', '2024-02-13 01:26:02'),
	('smo', '104.28.251.150', '2024-02-13 10:31:01'),
	('wla', '104.28.219.156', '2024-02-13 10:36:56'),
	('smo', '104.28.251.149', '2024-02-13 10:39:22'),
	('kzz', '104.28.251.150', '2024-02-13 10:57:51'),
	('smo', '104.28.251.150', '2024-02-13 10:59:44'),
	('kzz', '104.28.251.151', '2024-02-13 11:02:12'),
	('kzz', '104.28.219.156', '2024-02-13 11:02:57'),
	('smo', '104.28.219.156', '2024-02-13 11:03:03'),
	('smo', '38.158.205.125', '2024-02-15 09:40:11'),
	('smo', '210.14.96.28', '2024-02-15 09:40:47'),
	('smo', '103.42.216.2', '2024-02-23 10:19:47'),
	('smo', '38.158.205.69', '2024-02-26 09:19:58'),
	('smo', '104.28.251.154', '2024-02-26 09:39:27'),
	('smo', '38.158.205.69', '2024-02-26 10:06:53'),
	('admin', '104.28.251.155', '2024-02-26 10:27:31'),
	('smo', '104.28.251.152', '2024-02-26 10:28:12'),
	('smo', '210.14.97.56', '2024-02-26 11:16:11'),
	('smo', '38.158.205.69', '2024-02-26 11:31:23'),
	('smo', '38.158.205.69', '2024-02-26 13:11:51'),
	('wla', '38.158.205.69', '2024-02-26 14:03:39'),
	('smo', '38.158.205.69', '2024-02-26 16:01:05'),
	('smo', '38.158.205.141', '2024-02-27 08:17:06'),
	('smo', '45.125.5.148', '2024-02-27 09:55:19'),
	('wla', '45.125.5.148', '2024-02-27 09:56:53'),
	('kzz', '45.125.5.148', '2024-02-27 09:57:27'),
	('wla', '61.4.74.146', '2024-02-27 11:16:46'),
	('smo', '61.4.74.146', '2024-02-27 14:42:45'),
	('smo', '38.158.205.152', '2024-02-27 15:49:02'),
	('smo', '103.42.217.33', '2024-02-27 21:44:38'),
	('wla', '210.14.96.5', '2024-03-04 16:23:33'),
	('wppp', '45.125.5.138', '2024-03-04 18:12:24'),
	('wla', '104.28.219.153', '2024-03-04 19:37:18'),
	('wppp', '45.125.5.138', '2024-03-04 19:43:28'),
	('wla', '45.125.5.138', '2024-03-04 20:12:42'),
	('wla', '210.14.96.5', '2024-03-04 20:30:27'),
	('wla', '210.14.96.5', '2024-03-04 21:00:41'),
	('wppp', '45.125.5.138', '2024-03-04 21:14:39'),
	('wppp', '210.14.96.5', '2024-03-04 21:36:14'),
	('wla', '210.14.96.5', '2024-03-04 21:49:00'),
	('wppp', '210.14.96.5', '2024-03-04 22:02:07'),
	('wppp', '210.14.96.5', '2024-03-04 23:11:33'),
	('wppp', '61.4.68.70', '2024-03-05 08:13:47'),
	('wla', '45.125.5.38', '2024-03-05 09:37:19'),
	('smo', '45.125.5.38', '2024-03-05 10:04:40'),
	('wppp', '103.42.216.29', '2024-03-05 10:23:02'),
	('wppp', '45.125.5.101', '2024-03-06 10:33:17'),
	('wppp', '210.14.97.55', '2024-03-06 10:41:09'),
	('wla', '210.14.97.55', '2024-03-06 10:46:30'),
	('wppp', '210.14.97.55', '2024-03-06 10:48:29'),
	('wla', '210.14.97.55', '2024-03-06 10:49:58'),
	('wppp', '210.14.97.55', '2024-03-06 10:52:23'),
	('wppp', '45.125.5.113', '2024-03-10 20:24:25'),
	('wppp', '45.125.5.113', '2024-03-10 21:07:37'),
	('wppp', '210.14.96.28', '2024-03-10 21:19:45'),
	('kzz', '210.14.96.28', '2024-03-10 21:42:47'),
	('wppp', '210.14.96.28', '2024-03-10 22:14:30'),
	('wppp', '210.14.96.28', '2024-03-10 23:00:21'),
	('wppp', '38.158.205.108', '2024-03-11 00:08:53'),
	('wppp', '45.125.5.13', '2024-03-11 08:25:22'),
	('smo', '45.125.5.13', '2024-03-11 10:55:47'),
	('smo', '210.14.96.14', '2024-03-11 13:29:56'),
	('wla', '210.14.96.14', '2024-03-11 13:43:09'),
	('nlm', '210.14.96.14', '2024-03-11 13:44:19'),
	('pskko', '210.14.96.14', '2024-03-11 13:44:34'),
	('nlm', '210.14.96.14', '2024-03-11 13:51:34'),
	('osd', '210.14.96.14', '2024-03-11 13:51:53'),
	('aas', '210.14.96.14', '2024-03-11 13:52:03'),
	('nlm', '210.14.96.14', '2024-03-11 14:16:25'),
	('pskko', '210.14.96.14', '2024-03-11 14:17:08'),
	('nlm', '210.14.96.14', '2024-03-11 15:06:42'),
	('smo', '210.14.96.14', '2024-03-11 16:58:18'),
	('kzz', '210.14.96.14', '2024-03-11 17:00:20'),
	('wla', '210.14.96.14', '2024-03-11 17:05:17'),
	('smo', '45.125.5.13', '2024-03-11 17:05:59'),
	('wppp', '103.168.221.51', '2024-03-12 13:02:12'),
	('smo', '210.14.96.14', '2024-03-12 18:11:18'),
	('kzz', '210.14.97.58', '2024-03-13 10:42:33'),
	('smo', '103.42.217.50', '2024-03-13 20:56:38'),
	('smo', '103.42.216.13', '2024-03-14 09:45:31'),
	('wla', '103.42.216.13', '2024-03-14 10:12:46'),
	('wla', '103.42.216.13', '2024-03-14 10:30:51'),
	('wla', '103.42.216.13', '2024-03-14 10:33:14'),
	('smo', '103.42.216.13', '2024-03-14 12:56:46'),
	('bmtest', '103.42.216.13', '2024-03-14 12:57:39'),
	('bmtest', '103.42.216.13', '2024-03-14 15:59:59'),
	('smo', '103.42.216.13', '2024-03-14 16:00:10'),
	('wppp', '103.42.216.13', '2024-03-14 16:34:01'),
	('smo', '103.42.216.13', '2024-03-14 22:25:14'),
	('admin', '103.42.216.13', '2024-03-15 00:10:43'),
	('smo', '103.42.216.13', '2024-03-15 01:42:30'),
	('smo', '210.14.97.60', '2024-03-15 09:12:18'),
	('smo', '37.111.50.91', '2024-03-15 09:24:52'),
	('bmtest', '37.111.50.91', '2024-03-15 09:30:41'),
	('smo', '210.14.97.60', '2024-03-15 10:22:22'),
	('wla', '210.14.97.60', '2024-03-15 10:23:12'),
	('nlm', '210.14.97.60', '2024-03-15 10:23:52'),
	('pskko', '210.14.97.60', '2024-03-15 10:24:10'),
	('wla', '210.14.97.60', '2024-03-15 10:24:22'),
	('smo', '210.14.97.60', '2024-03-15 10:35:09'),
	('wla', '210.14.97.60', '2024-03-15 10:59:17'),
	('smo', '45.125.5.20', '2024-03-15 11:08:38'),
	('nlm', '210.14.97.60', '2024-03-15 11:33:35'),
	('pskko', '210.14.97.60', '2024-03-15 11:34:08'),
	('wla', '210.14.97.60', '2024-03-15 11:34:53'),
	('kzz', '210.14.97.60', '2024-03-15 11:40:59'),
	('wla', '210.14.97.60', '2024-03-15 11:50:48'),
	('smo', '37.111.50.91', '2024-03-15 13:14:46'),
	('smo', '103.42.217.35', '2024-03-15 13:37:12'),
	('smo', '37.111.50.91', '2024-03-15 13:47:47'),
	('wla', '103.42.217.35', '2024-03-15 14:16:39'),
	('smo', '37.111.50.91', '2024-03-15 14:25:01'),
	('wla', '103.42.217.35', '2024-03-15 14:26:20'),
	('smo', '37.111.50.91', '2024-03-15 14:34:43'),
	('admin', '103.42.217.35', '2024-03-15 15:01:57'),
	('smo', '37.111.50.91', '2024-03-15 15:10:04'),
	('smo', '37.111.50.91', '2024-03-18 09:19:32'),
	('wppp', '45.125.5.159', '2024-03-18 11:10:39'),
	('smo', '37.111.50.91', '2024-03-18 11:31:55'),
	('smo', '37.111.50.91', '2024-03-18 11:37:37'),
	('wla', '37.111.50.91', '2024-03-18 11:45:11'),
	('smo', '37.111.50.91', '2024-03-18 11:45:26'),
	('wppp', '45.125.5.159', '2024-03-18 12:05:05'),
	('wppp', '45.125.5.159', '2024-03-18 12:06:18'),
	('wppp', '45.125.5.159', '2024-03-18 12:12:12'),
	('wppp', '45.125.5.159', '2024-03-18 12:12:29'),
	('smo', '37.111.50.91', '2024-03-18 13:27:41'),
	('smo', '37.111.50.91', '2024-03-18 13:29:24'),
	('smo', '37.111.50.91', '2024-03-18 13:39:42'),
	('smo', '37.111.50.91', '2024-03-18 14:03:57'),
	('smo', '119.8.42.125', '2024-03-18 14:09:11'),
	('wppp', '45.125.5.159', '2024-03-18 14:15:44'),
	('wla', '37.111.50.91', '2024-03-18 15:03:34'),
	('smo', '119.8.42.125', '2024-03-18 15:23:34'),
	('wppp', '45.125.5.66', '2024-03-18 18:31:20'),
	('wppp', '45.125.5.66', '2024-03-18 20:11:19'),
	('wppp', '45.125.5.66', '2024-03-18 20:18:56'),
	('wppp', '103.121.229.237', '2024-03-18 20:22:04'),
	('wppp', '103.121.229.237', '2024-03-18 22:51:28'),
	('wppp', '45.125.5.66', '2024-03-19 07:17:19'),
	('smo', '37.111.50.91', '2024-03-19 08:53:02'),
	('smo', '37.111.50.91', '2024-03-19 09:31:48'),
	('wppp', '45.125.5.66', '2024-03-19 09:36:55'),
	('wppp', '45.125.5.66', '2024-03-19 09:44:15'),
	('smo', '37.111.50.91', '2024-03-19 09:50:48'),
	('smo', '37.111.50.91', '2024-03-19 10:02:06'),
	('smo', '37.111.50.91', '2024-03-19 10:04:25'),
	('wppp', '45.125.5.66', '2024-03-19 10:24:22'),
	('wppp', '45.125.5.66', '2024-03-19 10:31:29'),
	('nlm', '37.111.50.91', '2024-03-19 10:44:00'),
	('wla', '37.111.50.91', '2024-03-19 10:44:19'),
	('smo', '37.111.50.91', '2024-03-19 10:44:30'),
	('wppp', '37.111.50.91', '2024-03-19 10:46:01'),
	('wppp', '37.111.50.91', '2024-03-19 10:52:57'),
	('smo', '37.111.50.91', '2024-03-19 10:55:43'),
	('wppp', '45.125.5.66', '2024-03-19 11:41:31'),
	('smo', '119.8.42.125', '2024-03-19 13:00:12'),
	('smo', '37.111.50.91', '2024-03-19 13:25:03'),
	('smo', '37.111.50.91', '2024-03-19 13:35:47'),
	('smo', '43.242.135.170', '2024-03-19 13:37:22'),
	('smo', '37.111.50.91', '2024-03-19 14:04:44'),
	('wla', '37.111.50.91', '2024-03-19 15:06:56'),
	('smo', '37.111.50.91', '2024-03-19 15:08:56'),
	('wla', '37.111.50.91', '2024-03-19 15:10:35'),
	('smo', '37.111.50.91', '2024-03-19 15:11:05'),
	('smo', '119.8.42.125', '2024-03-19 15:22:16'),
	('smo', '37.111.50.91', '2024-03-19 16:02:17'),
	('wppp', '37.111.50.91', '2024-03-19 16:20:53'),
	('smo', '37.111.50.91', '2024-03-19 16:21:36'),
	('smo', '103.101.16.250', '2024-03-20 08:39:13'),
	('wppp', '61.4.68.167', '2024-03-20 08:45:58'),
	('smo', '37.111.50.91', '2024-03-20 08:48:45'),
	('smo', '37.111.50.91', '2024-03-20 08:59:45'),
	('smo', '37.111.50.91', '2024-03-20 09:00:05'),
	('smo', '119.8.42.125', '2024-03-20 09:31:46'),
	('smo', '61.4.68.167', '2024-03-20 09:39:11'),
	('smo', '37.111.50.91', '2024-03-20 10:31:27'),
	('wla', '37.111.50.91', '2024-03-20 10:32:50'),
	('smo', '103.101.16.250', '2024-03-20 11:30:58'),
	('smo', '61.4.68.167', '2024-03-20 11:48:41'),
	('smo', '119.8.42.125', '2024-03-20 11:48:46'),
	('wla', '37.111.50.91', '2024-03-20 11:54:23'),
	('smo', '119.8.42.125', '2024-03-20 13:02:10'),
	('smo', '103.101.16.250', '2024-03-20 13:03:23'),
	('smo', '37.111.50.91', '2024-03-20 13:05:57'),
	('smo', '37.111.50.91', '2024-03-20 13:06:14'),
	('wla', '37.111.50.91', '2024-03-20 13:21:57'),
	('wppp', '37.111.50.91', '2024-03-20 14:08:03'),
	('smo', '37.111.50.91', '2024-03-20 14:08:24'),
	('wla', '37.111.50.91', '2024-03-20 14:25:47'),
	('smo', '37.111.50.91', '2024-03-20 14:30:12'),
	('smo', '37.111.50.91', '2024-03-20 14:35:51'),
	('wla', '37.111.50.91', '2024-03-20 14:35:56'),
	('smo', '37.111.50.91', '2024-03-20 14:36:47'),
	('smo', '119.8.42.125', '2024-03-20 15:18:37'),
	('wppp', '37.111.50.91', '2024-03-20 15:26:26'),
	('wla', '37.111.50.91', '2024-03-20 15:26:54'),
	('wla', '37.111.50.91', '2024-03-20 15:31:46'),
	('smo', '37.111.50.91', '2024-03-20 15:40:13'),
	('wla', '37.111.50.91', '2024-03-20 16:12:06'),
	('kzz', '37.111.50.91', '2024-03-20 16:18:48'),
	('wla', '37.111.50.91', '2024-03-20 16:27:59'),
	('smo', '37.111.50.91', '2024-03-21 08:57:42'),
	('smo', '37.111.50.91', '2024-03-21 09:03:24'),
	('smo', '37.111.50.91', '2024-03-21 09:09:48'),
	('smo', '37.111.50.91', '2024-03-21 09:10:26'),
	('wla', '37.111.50.91', '2024-03-21 09:12:42'),
	('kzz', '37.111.50.91', '2024-03-21 09:13:53'),
	('nlm', '37.111.50.91', '2024-03-21 09:15:22'),
	('pskko', '37.111.50.91', '2024-03-21 09:16:23'),
	('aas', '37.111.50.91', '2024-03-21 09:17:09'),
	('kzz', '37.111.50.91', '2024-03-21 09:17:52'),
	('wla', '37.111.50.91', '2024-03-21 09:19:06'),
	('smo', '37.111.50.91', '2024-03-21 09:19:44'),
	('wla', '37.111.50.91', '2024-03-21 10:19:46'),
	('smo', '119.8.42.125', '2024-03-21 10:30:24'),
	('smo', '37.111.50.91', '2024-03-21 10:59:37'),
	('wla', '37.111.50.91', '2024-03-21 11:01:42'),
	('wppp', '37.111.50.91', '2024-03-21 11:02:33'),
	('smo', '37.111.50.91', '2024-03-21 11:02:58'),
	('nlm', '37.111.50.91', '2024-03-21 11:05:22'),
	('pskko', '37.111.50.91', '2024-03-21 11:07:20'),
	('smo', '37.111.50.91', '2024-03-21 11:07:41'),
	('wla', '37.111.50.91', '2024-03-21 11:08:23'),
	('smo', '37.111.50.91', '2024-03-21 11:09:43'),
	('smo', '119.8.42.125', '2024-03-21 12:53:17'),
	('smo', '37.111.50.91', '2024-03-21 13:05:51'),
	('wla', '37.111.50.91', '2024-03-21 13:12:08'),
	('smo', '37.111.50.91', '2024-03-21 13:17:04'),
	('nlm', '37.111.50.91', '2024-03-21 13:30:58'),
	('wla', '37.111.50.91', '2024-03-21 13:32:06'),
	('pskko', '37.111.50.91', '2024-03-21 13:33:32'),
	('smo', '37.111.50.91', '2024-03-21 13:34:06'),
	('wla', '37.111.50.91', '2024-03-21 13:40:09'),
	('smo', '37.111.50.91', '2024-03-21 13:42:40'),
	('wla', '37.111.50.91', '2024-03-21 13:47:43'),
	('smo', '119.8.42.125', '2024-03-21 13:50:31'),
	('wla', '37.111.50.91', '2024-03-21 13:55:24'),
	('smo', '37.111.50.91', '2024-03-21 13:56:49'),
	('smo', '37.111.50.91', '2024-03-21 13:58:35'),
	('nlm', '37.111.50.91', '2024-03-21 13:59:02'),
	('pskko', '37.111.50.91', '2024-03-21 14:00:02'),
	('wla', '37.111.50.91', '2024-03-21 14:00:32'),
	('smo', '37.111.50.91', '2024-03-21 14:02:13'),
	('nlm', '37.111.50.91', '2024-03-21 14:02:41'),
	('pskko', '37.111.50.91', '2024-03-21 14:03:32'),
	('smo', '37.111.50.91', '2024-03-21 14:04:08'),
	('wla', '37.111.50.91', '2024-03-21 14:05:00'),
	('smo', '37.111.50.91', '2024-03-21 14:05:43'),
	('wla', '37.111.50.91', '2024-03-21 14:06:52'),
	('smo', '37.111.50.91', '2024-03-21 14:12:11'),
	('wla', '37.111.50.91', '2024-03-21 14:13:32'),
	('nlm', '37.111.50.91', '2024-03-21 14:14:00'),
	('pskko', '37.111.50.91', '2024-03-21 14:15:05'),
	('smo', '37.111.50.91', '2024-03-21 14:16:55'),
	('smo', '37.111.50.91', '2024-03-21 14:17:10'),
	('smo', '37.111.50.91', '2024-03-21 14:23:25'),
	('wla', '37.111.50.91', '2024-03-21 14:23:50'),
	('smo', '37.111.50.91', '2024-03-21 14:25:09'),
	('kzz', '37.111.50.91', '2024-03-21 14:34:24'),
	('smo', '37.111.50.91', '2024-03-21 15:00:18'),
	('kzz', '37.111.50.91', '2024-03-21 15:02:36'),
	('wla', '37.111.50.91', '2024-03-21 15:18:51'),
	('smo', '37.111.50.91', '2024-03-21 15:20:01'),
	('nlm', '37.111.50.91', '2024-03-21 15:26:43'),
	('wla', '37.111.50.91', '2024-03-21 15:38:16'),
	('pskko', '37.111.50.91', '2024-03-21 15:38:45'),
	('wla', '37.111.50.91', '2024-03-21 15:50:33'),
	('wppp', '103.121.229.237', '2024-03-21 18:22:08'),
	('wppp', '45.125.4.200', '2024-03-21 19:03:30'),
	('wppp', '103.121.229.237', '2024-03-21 19:24:11'),
	('wppp', '38.158.205.108', '2024-03-21 19:52:59'),
	('wppp', '61.4.73.143', '2024-03-22 07:55:26'),
	('kzz', '37.111.50.91', '2024-03-22 08:56:26'),
	('smo', '37.111.50.91', '2024-03-22 09:01:43'),
	('wppp', '45.125.4.100', '2024-03-22 09:08:54'),
	('kzz', '37.111.50.91', '2024-03-22 09:09:48'),
	('kzz', '37.111.50.91', '2024-03-22 09:10:27'),
	('kzz', '37.111.50.91', '2024-03-22 09:11:44'),
	('smo', '37.111.50.91', '2024-03-22 09:36:00'),
	('kzz', '37.111.50.91', '2024-03-22 09:43:43'),
	('smo', '37.111.50.91', '2024-03-22 10:11:25'),
	('wppp', '45.125.4.100', '2024-03-22 10:43:51'),
	('smo', '37.111.50.91', '2024-03-22 11:04:29'),
	('smo', '37.111.50.91', '2024-03-22 11:16:10'),
	('tpt', '45.125.4.100', '2024-03-22 11:18:59'),
	('tpt', '45.125.4.100', '2024-03-22 11:24:51'),
	('tpt', '119.8.42.125', '2024-03-22 11:27:27'),
	('wla', '37.111.50.91', '2024-03-22 11:31:45'),
	('wla', '37.111.50.91', '2024-03-22 11:33:47'),
	('nlm', '37.111.50.91', '2024-03-22 11:35:33'),
	('pskko', '37.111.50.91', '2024-03-22 11:37:16'),
	('smo', '37.111.50.91', '2024-03-22 11:38:39'),
	('wla', '37.111.50.91', '2024-03-22 11:39:40'),
	('smo', '37.111.50.91', '2024-03-22 11:41:58'),
	('smo', '37.111.50.91', '2024-03-22 13:12:07'),
	('smo', '37.111.50.91', '2024-03-22 13:13:34'),
	('smo', '37.111.50.91', '2024-03-22 14:08:28'),
	('smo', '119.8.42.125', '2024-03-22 14:55:32'),
	('smo', '37.111.50.91', '2024-03-22 15:34:33'),
	('smo', '38.158.205.191', '2024-03-23 21:29:30'),
	('smo', '104.28.219.149', '2024-03-24 22:29:24'),
	('wla', '210.14.103.122', '2024-03-24 23:58:29'),
	('nlm', '210.14.103.122', '2024-03-24 23:59:18'),
	('pskko', '210.14.103.122', '2024-03-24 23:59:33'),
	('wla', '210.14.103.122', '2024-03-24 23:59:56'),
	('smo', '37.111.50.91', '2024-03-25 08:50:25'),
	('wla', '37.111.50.91', '2024-03-25 09:24:51'),
	('wla', '37.111.50.91', '2024-03-25 09:25:26'),
	('wla', '37.111.50.91', '2024-03-25 09:29:33'),
	('smo', '37.111.50.91', '2024-03-25 09:40:08'),
	('smo', '43.242.135.170', '2024-03-25 09:55:49'),
	('smo', '43.242.135.170', '2024-03-25 10:06:43'),
	('smo', '104.28.219.150', '2024-03-25 10:08:57'),
	('smo', '43.242.135.170', '2024-03-25 10:11:39'),
	('smo', '43.242.135.170', '2024-03-25 10:12:38'),
	('smo', '104.28.219.154', '2024-03-25 10:18:11'),
	('smo', '43.242.135.170', '2024-03-25 10:44:23'),
	('wla', '104.28.219.150', '2024-03-25 10:57:11'),
	('wla', '37.111.50.91', '2024-03-25 10:57:50'),
	('wla', '43.242.135.170', '2024-03-25 11:08:55'),
	('smo', '43.242.135.170', '2024-03-25 11:14:37'),
	('smo', '104.28.219.150', '2024-03-25 11:32:15'),
	('wla', '104.28.219.150', '2024-03-25 11:34:46'),
	('nlm', '104.28.219.150', '2024-03-25 11:56:31'),
	('pskko', '104.28.219.150', '2024-03-25 11:56:46'),
	('wla', '104.28.219.150', '2024-03-25 11:57:16'),
	('smo', '43.242.135.170', '2024-03-25 12:06:50'),
	('smo', '43.242.135.170', '2024-03-25 12:16:20'),
	('smo', '37.111.50.91', '2024-03-25 13:28:23'),
	('tpt', '104.28.251.153', '2024-03-25 13:51:57'),
	('tpt', '104.28.219.154', '2024-03-25 13:57:13'),
	('tpt', '43.242.135.170', '2024-03-25 14:04:09'),
	('kzz', '43.242.135.170', '2024-03-25 14:23:05'),
	('smo', '37.111.50.91', '2024-03-25 14:23:12'),
	('kzz', '104.28.219.154', '2024-03-25 14:24:32'),
	('hr_admin', '104.28.219.154', '2024-03-25 14:34:31'),
	('admin', '104.28.219.154', '2024-03-25 14:34:44'),
	('kzz', '43.242.135.170', '2024-03-25 15:42:07'),
	('smo', '104.28.219.154', '2024-03-25 15:45:15'),
	('kzz', '104.28.219.154', '2024-03-25 15:46:44'),
	('smo', '104.28.219.154', '2024-03-25 15:51:57'),
	('kzz', '104.28.219.154', '2024-03-25 15:53:21'),
	('smo', '104.28.219.154', '2024-03-25 15:53:45'),
	('kzz', '104.28.219.154', '2024-03-25 15:54:36'),
	('smo', '104.28.219.154', '2024-03-25 16:00:29'),
	('smo', '43.242.135.170', '2024-03-25 16:06:13'),
	('kzz', '43.242.135.170', '2024-03-25 16:13:22'),
	('admin', '104.28.219.154', '2024-03-25 16:18:14'),
	('tpt', '104.28.219.154', '2024-03-25 16:19:56'),
	('kzz', '104.28.219.154', '2024-03-25 16:23:15'),
	('smo', '37.111.50.91', '2024-03-26 08:56:38'),
	('wla', '37.111.50.91', '2024-03-26 09:14:06'),
	('admin', '37.111.50.91', '2024-03-26 09:20:11'),
	('admin', '37.111.50.91', '2024-03-26 09:24:40'),
	('admin', '37.111.50.91', '2024-03-26 09:27:16'),
	('kzz', '37.111.50.91', '2024-03-26 09:27:37'),
	('smo', '37.111.50.91', '2024-03-26 09:36:07'),
	('smo', '37.111.50.91', '2024-03-26 14:02:25'),
	('wla', '37.111.50.91', '2024-03-26 14:19:01'),
	('smo', '37.111.50.91', '2024-03-26 14:21:39'),
	('smo', '37.111.50.91', '2024-03-26 16:03:24'),
	('smo', '37.111.50.91', '2024-03-28 10:05:15'),
	('smo', '37.111.50.91', '2024-03-28 11:15:48'),
	('smo', '37.111.50.91', '2024-03-28 13:06:58'),
	('wla', '37.111.50.91', '2024-03-28 13:07:58'),
	('smo', '37.111.50.91', '2024-03-28 13:38:55'),
	('smo', '119.8.42.125', '2024-03-28 13:47:33'),
	('tpt', '37.111.50.91', '2024-03-28 14:16:09'),
	('smo', '37.111.50.91', '2024-03-28 14:42:46'),
	('wla', '37.111.50.91', '2024-03-28 14:46:22'),
	('tpt', '37.111.50.91', '2024-03-28 14:47:46'),
	('tpt', '119.8.42.125', '2024-03-28 16:11:10'),
	('smo', '45.125.5.58', '2024-03-29 09:15:57'),
	('tpt', '37.111.50.91', '2024-03-29 09:23:49'),
	('tpt', '37.111.50.91', '2024-03-29 09:55:05'),
	('wla', '37.111.50.91', '2024-03-29 09:58:54'),
	('smo', '37.111.50.91', '2024-03-29 10:00:59'),
	('tpt', '37.111.50.91', '2024-03-29 10:05:27'),
	('wla', '37.111.50.91', '2024-03-29 10:06:40'),
	('smo', '37.111.50.91', '2024-03-29 10:08:42'),
	('tpt', '37.111.50.91', '2024-03-29 10:15:29'),
	('wla', '37.111.50.91', '2024-03-29 10:18:41'),
	('smo', '61.4.74.138', '2024-03-29 10:55:16'),
	('smo', '37.111.50.91', '2024-03-29 11:01:35'),
	('smo', '37.111.50.91', '2024-03-29 11:35:39'),
	('smo', '37.111.50.91', '2024-03-29 13:36:17'),
	('smo', '37.111.50.91', '2024-03-29 13:53:07'),
	('tpt', '37.111.50.91', '2024-03-29 14:04:17'),
	('wla', '37.111.50.91', '2024-03-29 14:05:52'),
	('smo', '37.111.50.91', '2024-03-29 14:10:15'),
	('tpt', '37.111.50.91', '2024-03-29 14:12:41'),
	('tpt', '37.111.50.91', '2024-03-29 14:19:23'),
	('wla', '37.111.50.91', '2024-03-29 14:20:47'),
	('wla', '37.111.50.91', '2024-03-29 14:24:29'),
	('smo', '37.111.50.91', '2024-03-29 14:26:33'),
	('tpt', '37.111.50.91', '2024-03-29 14:27:40'),
	('tpt', '119.8.42.125', '2024-03-29 14:35:13'),
	('tpt', '37.111.50.91', '2024-03-29 14:49:12'),
	('smo', '37.111.50.91', '2024-03-29 14:53:05'),
	('wla', '37.111.50.91', '2024-03-29 14:59:00'),
	('smo', '37.111.50.91', '2024-03-29 15:00:01'),
	('wla', '37.111.50.91', '2024-03-29 15:01:59'),
	('tpt', '37.111.50.91', '2024-03-29 15:06:09'),
	('wla', '37.111.50.91', '2024-03-29 15:07:56'),
	('tpt', '37.111.50.91', '2024-03-29 15:09:01'),
	('tpt', '37.111.50.91', '2024-03-29 15:11:04'),
	('wla', '37.111.50.91', '2024-03-29 15:12:15'),
	('smo', '37.111.50.91', '2024-03-29 15:13:25'),
	('tpt', '37.111.50.91', '2024-03-29 15:17:21'),
	('smo', '37.111.50.91', '2024-03-29 15:30:19'),
	('wla', '37.111.50.91', '2024-03-29 15:48:21'),
	('nlm', '37.111.50.91', '2024-03-29 15:50:17'),
	('kzz', '37.111.50.91', '2024-03-29 15:50:48'),
	('smo', '37.111.50.91', '2024-03-29 15:51:45'),
	('pskko', '37.111.50.91', '2024-03-29 15:52:34'),
	('smo', '37.111.50.91', '2024-03-29 15:53:15'),
	('wla', '37.111.50.91', '2024-03-29 15:53:44'),
	('smo', '37.111.50.91', '2024-03-29 15:58:56'),
	('smo', '119.8.42.125', '2024-03-29 16:06:48'),
	('smo', '104.28.219.155', '2024-03-30 09:55:58'),
	('smo', '61.4.73.134', '2024-04-01 08:52:43'),
	('smo', '37.111.50.91', '2024-04-01 09:17:38'),
	('tpt', '37.111.50.91', '2024-04-01 09:27:31'),
	('wla', '37.111.50.91', '2024-04-01 10:57:50'),
	('nlm', '37.111.50.91', '2024-04-01 11:00:05'),
	('pskko', '37.111.50.91', '2024-04-01 11:01:06'),
	('smo', '37.111.50.91', '2024-04-01 11:01:38'),
	('wla', '37.111.50.91', '2024-04-01 11:02:41'),
	('smo', '37.111.50.91', '2024-04-01 11:04:05'),
	('tpt', '37.111.50.91', '2024-04-01 11:43:49'),
	('tpt', '37.111.50.91', '2024-04-01 13:07:36'),
	('smo', '37.111.50.91', '2024-04-01 13:10:33'),
	('wla', '37.111.50.91', '2024-04-01 13:11:24'),
	('smo', '37.111.50.91', '2024-04-01 13:16:43'),
	('wla', '37.111.50.91', '2024-04-01 13:19:10'),
	('tpt', '37.111.50.91', '2024-04-01 13:19:48'),
	('smo', '37.111.50.91', '2024-04-01 13:26:25'),
	('wla', '37.111.50.91', '2024-04-01 13:26:57'),
	('smo', '45.125.5.225', '2024-04-01 13:57:53'),
	('smo', '37.111.50.91', '2024-04-01 14:06:24'),
	('smo', '104.28.219.152', '2024-04-01 14:23:03'),
	('wla', '104.28.251.155', '2024-04-01 14:23:19'),
	('wla', '103.121.229.230', '2024-04-01 14:57:58'),
	('smo', '103.121.229.230', '2024-04-01 14:59:46'),
	('kzz', '103.121.229.230', '2024-04-01 15:05:41'),
	('wla', '103.121.229.230', '2024-04-01 15:10:22'),
	('kzz', '103.121.229.230', '2024-04-01 15:17:35'),
	('smo', '103.121.229.230', '2024-04-01 15:19:39'),
	('smo', '119.8.42.125', '2024-04-01 15:42:39'),
	('smo', '45.125.5.225', '2024-04-01 16:01:01'),
	('wla', '45.125.5.225', '2024-04-01 16:17:18'),
	('smo', '45.125.5.225', '2024-04-01 16:24:26'),
	('smo', '45.125.5.134', '2024-04-02 09:43:42'),
	('smo', '119.8.42.125', '2024-04-02 09:44:13'),
	('smo', '94.74.104.135', '2024-04-02 10:06:02'),
	('wla', '94.74.104.135', '2024-04-02 10:12:06'),
	('smo', '94.74.104.135', '2024-04-02 10:15:29'),
	('wla', '94.74.104.135', '2024-04-02 10:22:45'),
	('nlm', '94.74.104.135', '2024-04-02 10:23:44'),
	('pskko', '94.74.104.135', '2024-04-02 10:24:06'),
	('smo', '94.74.104.135', '2024-04-02 10:24:26'),
	('wla', '94.74.104.135', '2024-04-02 10:25:03'),
	('smo', '94.74.104.135', '2024-04-02 10:26:08'),
	('wla', '94.74.104.135', '2024-04-02 10:27:18'),
	('smo', '94.74.104.135', '2024-04-02 10:29:51'),
	('nlm', '94.74.104.135', '2024-04-02 10:30:34'),
	('pskko', '94.74.104.135', '2024-04-02 10:30:54'),
	('smo', '94.74.104.135', '2024-04-02 10:31:10'),
	('wla', '94.74.104.135', '2024-04-02 10:31:44'),
	('smo', '94.74.104.135', '2024-04-02 10:32:08'),
	('kzz', '45.125.5.134', '2024-04-02 10:49:32'),
	('smo', '94.74.104.135', '2024-04-02 10:56:04'),
	('smo', '45.125.5.134', '2024-04-02 10:56:09'),
	('smo', '94.74.104.135', '2024-04-02 10:59:41'),
	('pskko', '94.74.104.135', '2024-04-02 11:03:32'),
	('nlm', '94.74.104.135', '2024-04-02 11:03:51'),
	('kzz', '94.74.104.135', '2024-04-02 11:04:23'),
	('wla', '94.74.104.135', '2024-04-02 11:22:10'),
	('smo', '94.74.104.135', '2024-04-02 11:28:54'),
	('wla', '94.74.104.135', '2024-04-02 11:32:43'),
	('smo', '94.74.104.135', '2024-04-02 11:44:22'),
	('smo', '61.4.68.196', '2024-04-02 14:31:17'),
	('smo', '104.28.251.149', '2024-04-02 14:32:18'),
	('kzz', '61.4.68.196', '2024-04-02 14:38:09'),
	('smo', '61.4.68.196', '2024-04-02 14:41:20'),
	('wla', '104.28.219.151', '2024-04-02 14:47:06'),
	('wla', '61.4.68.196', '2024-04-02 14:47:13'),
	('smo', '61.4.68.196', '2024-04-02 14:58:28'),
	('admin', '104.28.219.154', '2024-04-02 14:59:44'),
	('sup', '61.4.68.196', '2024-04-02 15:00:01'),
	('bmtest', '104.28.251.149', '2024-04-02 15:00:04'),
	('smo', '61.4.68.196', '2024-04-02 15:00:29'),
	('smo', '104.28.219.152', '2024-04-02 15:00:31'),
	('wla', '94.74.104.135', '2024-04-02 15:07:28'),
	('smo', '37.111.50.91', '2024-04-02 15:14:43'),
	('wla', '37.111.50.91', '2024-04-02 15:18:05'),
	('nlm', '37.111.50.91', '2024-04-02 15:18:46'),
	('pskko', '37.111.50.91', '2024-04-02 15:19:09'),
	('smo', '37.111.50.91', '2024-04-02 15:19:24'),
	('wla', '37.111.50.91', '2024-04-02 15:19:45'),
	('smo', '37.111.50.91', '2024-04-02 15:21:29'),
	('wla', '37.111.50.91', '2024-04-02 15:25:11'),
	('smo', '37.111.50.91', '2024-04-02 15:25:43'),
	('wla', '37.111.50.91', '2024-04-02 15:26:57'),
	('smo', '37.111.50.91', '2024-04-02 15:28:25'),
	('wla', '37.111.50.91', '2024-04-02 15:36:38'),
	('smo', '37.111.50.91', '2024-04-02 15:38:09'),
	('wla', '37.111.50.91', '2024-04-02 16:07:28'),
	('wla', '61.4.68.196', '2024-04-02 16:16:57'),
	('smo', '37.111.50.91', '2024-04-02 16:24:07'),
	('smo', '37.111.50.91', '2024-04-03 08:51:35'),
	('wla', '45.125.5.194', '2024-04-03 08:57:44'),
	('wla', '37.111.50.91', '2024-04-03 09:15:17'),
	('smo', '37.111.50.91', '2024-04-03 09:17:29'),
	('smo', '45.125.5.135', '2024-04-03 09:36:50'),
	('smo', '37.111.50.91', '2024-04-03 09:40:21'),
	('wla', '61.4.74.183', '2024-04-03 10:43:44'),
	('smo', '61.4.74.183', '2024-04-03 10:48:05'),
	('bmtest', '61.4.74.183', '2024-04-03 10:49:41'),
	('smo', '37.111.50.91', '2024-04-03 10:55:57'),
	('smo', '61.4.74.183', '2024-04-03 11:00:15'),
	('wla', '37.111.50.91', '2024-04-03 11:07:13'),
	('nlm', '37.111.50.91', '2024-04-03 11:07:45'),
	('pskko', '37.111.50.91', '2024-04-03 11:08:07'),
	('smo', '37.111.50.91', '2024-04-03 11:08:35'),
	('wla', '37.111.50.91', '2024-04-03 11:08:54'),
	('smo', '37.111.50.91', '2024-04-03 11:09:23'),
	('wla', '37.111.50.91', '2024-04-03 11:10:45'),
	('wla', '37.111.50.91', '2024-04-03 11:12:37'),
	('wla', '37.111.50.91', '2024-04-03 11:16:29'),
	('smo', '37.111.50.91', '2024-04-03 11:25:32'),
	('wla', '37.111.50.91', '2024-04-03 11:39:11'),
	('nlm', '37.111.50.91', '2024-04-03 11:39:57'),
	('pskko', '37.111.50.91', '2024-04-03 11:40:18'),
	('smo', '37.111.50.91', '2024-04-03 11:40:35'),
	('wla', '37.111.50.91', '2024-04-03 11:40:58'),
	('smo', '37.111.50.91', '2024-04-03 11:41:31'),
	('smo', '103.121.229.237', '2024-04-03 12:25:40'),
	('smo', '61.4.74.183', '2024-04-03 12:26:06'),
	('wla', '37.111.50.91', '2024-04-03 13:14:08'),
	('wla', '37.111.50.91', '2024-04-03 13:16:56'),
	('wla', '37.111.50.91', '2024-04-03 13:17:54'),
	('smo', '37.111.50.91', '2024-04-03 13:20:38'),
	('smo', '37.111.50.91', '2024-04-03 13:24:38'),
	('wla', '37.111.50.91', '2024-04-03 13:30:58'),
	('smo', '37.111.50.91', '2024-04-03 13:35:39'),
	('wla', '37.111.50.91', '2024-04-03 13:36:26'),
	('nlm', '37.111.50.91', '2024-04-03 13:38:47'),
	('pskko', '37.111.50.91', '2024-04-03 13:39:10'),
	('smo', '37.111.50.91', '2024-04-03 13:39:39'),
	('wla', '37.111.50.91', '2024-04-03 13:40:01'),
	('smo', '37.111.50.91', '2024-04-03 13:40:35'),
	('wla', '37.111.50.91', '2024-04-03 13:48:25'),
	('nlm', '37.111.50.91', '2024-04-03 13:50:22'),
	('pskko', '37.111.50.91', '2024-04-03 13:50:41'),
	('smo', '37.111.50.91', '2024-04-03 13:51:08'),
	('wla', '37.111.50.91', '2024-04-03 13:51:32'),
	('smo', '37.111.50.91', '2024-04-03 13:53:03'),
	('smo', '45.125.5.35', '2024-04-03 13:55:46'),
	('smo', '104.28.251.154', '2024-04-03 14:01:55'),
	('wla', '37.111.50.91', '2024-04-03 14:38:21'),
	('nlm', '37.111.50.91', '2024-04-03 14:41:57'),
	('pskko', '37.111.50.91', '2024-04-03 14:44:21'),
	('smo', '37.111.50.91', '2024-04-03 14:44:41'),
	('wla', '37.111.50.91', '2024-04-03 14:45:25'),
	('smo', '37.111.50.91', '2024-04-03 14:45:58'),
	('wla', '37.111.50.91', '2024-04-03 14:55:06'),
	('nlm', '37.111.50.91', '2024-04-03 14:56:09'),
	('pskko', '37.111.50.91', '2024-04-03 14:56:39'),
	('smo', '37.111.50.91', '2024-04-03 14:57:30'),
	('wla', '37.111.50.91', '2024-04-03 14:58:24'),
	('smo', '37.111.50.91', '2024-04-03 14:59:35'),
	('smo', '37.111.50.91', '2024-04-03 15:26:51'),
	('wla', '37.111.50.91', '2024-04-03 15:43:59'),
	('smo', '37.111.50.91', '2024-04-03 15:45:52'),
	('wla', '37.111.50.91', '2024-04-03 16:24:16'),
	('smo', '37.111.50.91', '2024-04-03 16:27:56'),
	('smo', '45.125.5.122', '2024-04-03 16:44:19'),
	('smo', '103.121.229.237', '2024-04-03 22:02:59'),
	('wla', '103.121.229.237', '2024-04-03 22:08:47'),
	('smo', '103.121.229.237', '2024-04-03 22:30:14'),
	('smo', '45.125.5.122', '2024-04-04 08:00:40'),
	('smo', '37.111.50.91', '2024-04-04 08:55:29'),
	('smo', '37.111.50.91', '2024-04-04 09:13:45'),
	('smo', '119.8.42.125', '2024-04-04 09:15:54'),
	('smo', '37.111.50.91', '2024-04-04 09:16:23'),
	('smo', '37.111.50.91', '2024-04-04 09:18:59'),
	('smo', '37.111.50.91', '2024-04-04 09:20:47'),
	('smo', '61.4.73.161', '2024-04-04 09:24:29'),
	('wla', '37.111.50.91', '2024-04-04 09:39:07'),
	('smo', '37.111.50.91', '2024-04-04 09:40:23'),
	('smo', '119.8.42.125', '2024-04-04 09:41:38'),
	('wla', '37.111.50.91', '2024-04-04 09:47:39'),
	('smo', '37.111.50.91', '2024-04-04 09:48:09'),
	('wla', '37.111.50.91', '2024-04-04 09:49:22'),
	('smo', '37.111.50.91', '2024-04-04 09:50:45'),
	('wla', '37.111.50.91', '2024-04-04 09:51:19'),
	('smo', '37.111.50.91', '2024-04-04 09:53:03'),
	('wla', '37.111.50.91', '2024-04-04 09:59:16'),
	('nlm', '37.111.50.91', '2024-04-04 10:01:09'),
	('pskko', '37.111.50.91', '2024-04-04 10:01:48'),
	('smo', '37.111.50.91', '2024-04-04 10:02:33'),
	('wla', '61.4.73.161', '2024-04-04 10:03:06'),
	('wla', '37.111.50.91', '2024-04-04 10:03:08'),
	('smo', '61.4.73.161', '2024-04-04 10:04:18'),
	('smo', '37.111.50.91', '2024-04-04 10:04:21'),
	('smo', '104.28.251.149', '2024-04-04 10:25:23'),
	('smo', '94.74.104.135', '2024-04-04 10:32:51'),
	('smo', '61.4.73.161', '2024-04-04 10:37:37'),
	('wla', '61.4.73.161', '2024-04-04 10:41:41'),
	('smo', '61.4.73.161', '2024-04-04 11:00:31'),
	('smo', '104.28.219.153', '2024-04-04 11:01:44'),
	('kzz', '61.4.73.161', '2024-04-04 11:08:17'),
	('smo', '61.4.73.161', '2024-04-04 11:15:29'),
	('smo', '37.111.50.91', '2024-04-04 11:39:41'),
	('wla', '37.111.50.91', '2024-04-04 11:40:04'),
	('smo', '37.111.50.91', '2024-04-04 11:42:44'),
	('smo', '37.111.50.91', '2024-04-04 13:40:31'),
	('wla', '37.111.50.91', '2024-04-04 13:57:44'),
	('wla', '37.111.50.91', '2024-04-04 13:59:11'),
	('smo', '37.111.50.91', '2024-04-04 14:00:50'),
	('smo', '94.74.104.135', '2024-04-04 14:30:20'),
	('wla', '37.111.50.91', '2024-04-04 14:52:37'),
	('kzz', '37.111.50.91', '2024-04-04 14:53:02'),
	('smo', '37.111.50.91', '2024-04-04 14:59:58'),
	('tpt', '37.111.50.91', '2024-04-04 15:19:51'),
	('tpt', '119.8.42.125', '2024-04-04 15:40:23'),
	('tpt', '61.4.73.161', '2024-04-04 17:12:09'),
	('smo', '45.125.5.204', '2024-04-05 08:04:07'),
	('smo', '38.158.205.206', '2024-04-05 08:51:01'),
	('smo', '37.111.50.91', '2024-04-05 09:09:51'),
	('tpt', '119.8.42.125', '2024-04-05 09:27:09'),
	('tpt', '37.111.50.91', '2024-04-05 09:30:42'),
	('tpt', '37.111.50.91', '2024-04-05 09:35:22'),
	('tpt', '37.111.50.91', '2024-04-05 10:00:51'),
	('wla', '37.111.50.91', '2024-04-05 10:03:25'),
	('tpt', '37.111.50.91', '2024-04-05 10:11:34'),
	('tpt', '38.158.205.206', '2024-04-05 10:12:17'),
	('tpt', '94.74.104.135', '2024-04-05 10:22:40'),
	('tpt', '37.111.50.91', '2024-04-05 10:23:10'),
	('wla', '37.111.50.91', '2024-04-05 10:50:29'),
	('tpt', '37.111.50.91', '2024-04-05 10:51:32'),
	('wla', '37.111.50.91', '2024-04-05 10:51:58'),
	('smo', '37.111.50.91', '2024-04-05 10:52:23'),
	('tpt', '37.111.50.91', '2024-04-05 10:52:49'),
	('smo', '37.111.50.91', '2024-04-05 10:53:24'),
	('tpt', '37.111.50.91', '2024-04-05 10:55:18'),
	('wla', '37.111.50.91', '2024-04-05 10:56:09'),
	('smo', '37.111.50.91', '2024-04-05 10:56:59'),
	('tpt', '37.111.50.91', '2024-04-05 10:59:25'),
	('smo', '38.158.205.206', '2024-04-05 11:16:50'),
	('wla', '38.158.205.206', '2024-04-05 11:21:24'),
	('smo', '119.8.42.125', '2024-04-05 11:22:30'),
	('tpt', '104.28.251.149', '2024-04-05 12:16:10'),
	('tpt', '104.28.219.156', '2024-04-05 15:30:01'),
	('smo', '119.8.42.125', '2024-04-08 10:43:49'),
	('smo', '119.8.42.125', '2024-04-08 11:46:34'),
	('smo', '119.8.42.125', '2024-04-08 13:08:41'),
	('smo', '43.242.135.170', '2024-04-08 14:55:28'),
	('smo', '43.242.135.170', '2024-04-08 14:56:26'),
	('smo', '119.8.42.125', '2024-04-08 16:32:45'),
	('smo', '38.158.205.75', '2024-04-09 08:19:39'),
	('wla', '38.158.205.75', '2024-04-09 08:28:30'),
	('smo', '119.8.42.125', '2024-04-09 09:26:54'),
	('smo', '38.158.205.75', '2024-04-09 09:31:56'),
	('smo', '119.8.42.125', '2024-04-09 10:16:00'),
	('smo', '37.111.50.91', '2024-04-09 10:45:57'),
	('wla', '37.111.50.91', '2024-04-09 10:51:34'),
	('smo', '37.111.50.91', '2024-04-09 10:57:09'),
	('smo', '103.121.229.237', '2024-04-09 13:18:26'),
	('smo', '38.158.205.123', '2024-04-09 13:29:47'),
	('smo', '103.121.229.237', '2024-04-09 14:24:44'),
	('smo', '119.8.42.125', '2024-04-09 14:47:31'),
	('smo', '103.121.229.237', '2024-04-09 15:37:23'),
	('smo', '119.8.42.125', '2024-04-09 16:02:11'),
	('wla', '38.158.205.123', '2024-04-09 17:48:35'),
	('smo', '38.158.205.123', '2024-04-10 09:58:42'),
	('smo', '38.158.205.123', '2024-04-10 10:49:24'),
	('wla', '94.74.104.135', '2024-04-10 10:55:35'),
	('smo', '94.74.104.135', '2024-04-10 11:01:10'),
	('smo', '94.74.104.135', '2024-04-10 11:15:18'),
	('smo', '38.158.205.123', '2024-04-10 11:34:04'),
	('smo', '94.74.104.135', '2024-04-10 12:55:52'),
	('smo', '38.158.205.123', '2024-04-10 14:10:51'),
	('smo', '104.28.219.149', '2024-04-10 15:29:03'),
	('wla', '38.158.205.123', '2024-04-10 15:40:36'),
	('wla', '104.28.219.149', '2024-04-10 15:41:10'),
	('smo', '38.158.205.123', '2024-04-10 15:42:15'),
	('smo', '38.158.205.123', '2024-04-10 16:38:17'),
	('smo', '38.158.205.123', '2024-04-11 07:57:55'),
	('smo', '94.74.104.135', '2024-04-11 13:09:35'),
	('smo', '94.74.104.135', '2024-04-11 15:08:36'),
	('wla', '94.74.104.135', '2024-04-12 09:17:16'),
	('nlm', '94.74.104.135', '2024-04-12 09:19:06'),
	('pskko', '94.74.104.135', '2024-04-12 09:19:57'),
	('smo', '94.74.104.135', '2024-04-12 09:20:15'),
	('smo', '94.74.104.135', '2024-04-12 09:36:03'),
	('wla', '94.74.104.135', '2024-04-12 09:54:45'),
	('nlm', '94.74.104.135', '2024-04-12 09:55:02'),
	('pskko', '94.74.104.135', '2024-04-12 09:55:20'),
	('smo', '94.74.104.135', '2024-04-12 09:55:33'),
	('wla', '94.74.104.135', '2024-04-12 10:12:49'),
	('smo', '94.74.104.135', '2024-04-12 10:16:19'),
	('bmtest', '104.28.251.149', '2024-04-12 10:39:47'),
	('bmtest', '45.125.5.168', '2024-04-12 10:39:56'),
	('smo', '45.125.5.168', '2024-04-12 10:41:00'),
	('wla', '45.125.5.168', '2024-04-12 10:43:28'),
	('wla', '94.74.104.135', '2024-04-12 10:48:39'),
	('smo', '94.74.104.135', '2024-04-12 10:48:55'),
	('smo', '94.74.104.135', '2024-04-12 10:50:40'),
	('bmtest', '94.74.104.135', '2024-04-12 10:59:48'),
	('bmtest', '94.74.104.135', '2024-04-12 11:00:53'),
	('smo', '94.74.104.135', '2024-04-12 11:34:47'),
	('wla', '94.74.104.135', '2024-04-12 11:44:50'),
	('smo', '94.74.104.135', '2024-04-12 11:45:12'),
	('wla', '94.74.104.135', '2024-04-12 11:53:32'),
	('smo', '94.74.104.135', '2024-04-12 11:54:05'),
	('bmtest', '94.74.104.135', '2024-04-12 11:54:47'),
	('smo', '94.74.104.135', '2024-04-12 13:11:45'),
	('wla', '94.74.104.135', '2024-04-12 13:12:04'),
	('smo', '94.74.104.135', '2024-04-12 13:13:04'),
	('nlm', '94.74.104.135', '2024-04-12 13:13:44'),
	('pskko', '94.74.104.135', '2024-04-12 13:14:07'),
	('smo', '94.74.104.135', '2024-04-12 13:43:37'),
	('tpt', '94.74.104.135', '2024-04-12 13:53:57'),
	('smo', '94.74.104.135', '2024-04-12 14:08:55'),
	('smo', '103.121.229.239', '2024-04-15 22:24:18'),
	('admin', '103.121.229.233', '2024-04-19 16:19:50'),
	('smo', '94.74.104.135', '2024-04-22 10:45:43'),
	('smo', '38.158.205.37', '2024-04-24 07:20:58'),
	('wla', '38.158.205.37', '2024-04-24 11:42:41'),
	('tpt', '94.74.104.135', '2024-04-24 15:30:50'),
	('tpt', '94.74.104.135', '2024-04-24 15:31:33'),
	('tpt', '94.74.104.135', '2024-04-24 15:31:53'),
	('tpt', '94.74.104.135', '2024-04-24 15:47:39'),
	('tpt', '94.74.104.135', '2024-04-24 15:55:05'),
	('tpt', '94.74.104.135', '2024-04-24 16:28:57'),
	('smo', '94.74.104.135', '2024-04-25 09:05:17'),
	('smo', '37.111.50.91', '2024-04-25 09:29:26'),
	('smo', '94.74.104.135', '2024-04-25 09:29:35'),
	('smo', '37.111.50.91', '2024-04-25 10:21:34'),
	('smo', '94.74.104.135', '2024-04-25 11:25:03'),
	('smo', '38.158.205.37', '2024-04-25 11:49:27'),
	('smo', '94.74.104.135', '2024-04-25 12:47:07'),
	('bmtest', '104.28.251.151', '2024-04-26 09:29:12'),
	('wla', '104.28.251.151', '2024-04-26 09:29:31'),
	('smo', '104.28.219.150', '2024-04-26 09:29:52'),
	('kzz', '104.28.219.150', '2024-04-26 09:30:04'),
	('hr_admin', '94.74.104.135', '2024-04-26 09:33:03'),
	('admin', '94.74.104.135', '2024-04-26 09:33:51'),
	('smo', '103.121.229.234', '2024-04-26 10:20:04'),
	('smo', '94.74.104.135', '2024-04-26 10:32:20'),
	('smo', '37.111.50.91', '2024-04-26 10:53:13'),
	('smo', '103.121.229.233', '2024-04-27 18:59:44'),
	('admin', '103.121.229.233', '2024-04-27 19:26:39'),
	('smo', '103.121.229.233', '2024-04-27 21:50:49'),
	('wla', '103.121.229.233', '2024-04-27 22:57:43'),
	('smo', '104.28.219.151', '2024-04-28 17:43:20'),
	('admin', '103.121.229.234', '2024-04-28 17:47:36'),
	('smo', '103.121.229.234', '2024-04-28 17:49:35'),
	('smo', '38.158.205.224', '2024-04-29 07:54:36'),
	('smo', '38.158.205.224', '2024-04-29 09:00:36'),
	('bmtest', '38.158.205.224', '2024-04-29 09:03:52'),
	('smo', '103.121.229.225', '2024-05-02 21:43:03'),
	('wla', '103.121.229.225', '2024-05-02 21:49:27'),
	('smo', '103.121.229.225', '2024-05-02 23:50:04'),
	('admin', '103.121.229.225', '2024-05-02 23:52:08'),
	('wla', '103.121.229.225', '2024-05-03 01:26:58'),
	('smo', '38.158.205.144', '2024-05-03 07:11:30'),
	('smo', '38.158.205.144', '2024-05-03 09:01:29'),
	('smo', '94.74.104.135', '2024-05-03 09:08:14'),
	('smo', '103.121.229.234', '2024-05-03 09:33:06'),
	('smo', '94.74.104.135', '2024-05-03 10:26:50'),
	('tpt', '104.28.219.152', '2024-05-03 10:33:04'),
	('smo', '38.158.205.144', '2024-05-03 10:33:57'),
	('smo', '37.111.50.91', '2024-05-03 10:51:23'),
	('tpt', '38.158.205.144', '2024-05-03 11:00:45'),
	('tpt', '94.74.104.135', '2024-05-03 11:02:33'),
	('smo', '94.74.104.135', '2024-05-03 12:00:34'),
	('tpt', '38.158.205.144', '2024-05-06 08:08:16'),
	('tpt', '104.28.219.152', '2024-05-06 09:23:58'),
	('tpt', '103.121.229.226', '2024-05-06 10:14:59'),
	('tpt', '103.121.229.226', '2024-05-06 10:33:07'),
	('tpt', '94.74.104.135', '2024-05-06 11:35:26'),
	('admin', '103.121.229.226', '2024-05-06 12:53:32'),
	('marketing', '103.121.229.226', '2024-05-06 12:54:25'),
	('marketing', '103.121.229.226', '2024-05-06 12:59:23'),
	('hr_admin', '103.121.229.226', '2024-05-06 13:03:19'),
	('admin', '103.121.229.226', '2024-05-06 13:04:32'),
	('marketing1', '103.121.229.226', '2024-05-06 13:05:12'),
	('tpt', '38.158.205.144', '2024-05-07 10:04:34'),
	('tpt', '38.158.205.144', '2024-05-07 11:04:29'),
	('smo', '38.158.205.144', '2024-05-07 11:21:09'),
	('smo', '38.158.205.144', '2024-05-08 08:35:53'),
	('smo', '38.158.205.144', '2024-05-08 09:38:03'),
	('smo', '38.158.205.144', '2024-05-08 12:48:17'),
	('smo', '38.158.205.144', '2024-05-08 13:52:54'),
	('smo', '38.158.205.144', '2024-05-08 15:22:47'),
	('tpt', '37.111.50.91', '2024-05-08 16:26:30'),
	('marketing', '94.74.104.135', '2024-05-09 16:11:17'),
	('tpt', '94.74.104.135', '2024-05-10 13:49:06'),
	('smo', '94.74.104.135', '2024-05-10 13:49:29'),
	('smo', '94.74.104.135', '2024-05-10 13:57:35'),
	('smo', '94.74.104.135', '2024-05-10 16:13:13'),
	('smo', '38.158.205.144', '2024-05-13 09:08:00'),
	('smo', '103.121.229.225', '2024-05-13 09:42:23'),
	('wla', '103.121.229.225', '2024-05-13 09:42:33'),
	('smo', '38.158.205.144', '2024-05-13 11:36:12'),
	('smo', '103.121.229.225', '2024-05-13 12:09:53'),
	('wla', '103.121.229.225', '2024-05-13 12:16:39'),
	('smo', '38.158.205.144', '2024-05-14 15:21:05'),
	('tpt', '38.158.205.144', '2024-05-14 15:26:42'),
	('wla', '103.121.229.227', '2024-05-14 20:07:44'),
	('bmtest', '103.121.229.227', '2024-05-14 20:26:34'),
	('smo', '38.158.205.144', '2024-05-14 20:30:57'),
	('tpt', '38.158.205.144', '2024-05-14 20:31:06'),
	('aas', '103.121.229.227', '2024-05-14 20:57:05'),
	('aas', '103.121.229.227', '2024-05-14 20:58:02'),
	('wla', '103.121.229.227', '2024-05-14 20:59:21'),
	('nlm', '103.121.229.227', '2024-05-14 22:17:09'),
	('smo', '103.121.229.227', '2024-05-14 22:27:42'),
	('pskko', '103.121.229.227', '2024-05-14 22:27:47'),
	('nlm', '103.121.229.227', '2024-05-14 22:32:52'),
	('smo', '103.121.229.227', '2024-05-14 22:41:21'),
	('wla', '38.158.205.144', '2024-05-15 09:02:49'),
	('bmtest', '38.158.205.144', '2024-05-15 15:58:26'),
	('osd', '38.158.205.144', '2024-05-15 16:34:58'),
	('sup', '38.158.205.144', '2024-05-15 16:40:46'),
	('smo', '104.28.219.154', '2024-05-15 22:55:27'),
	('smo', '103.121.229.230', '2024-05-16 10:25:53'),
	('wla', '103.121.229.230', '2024-05-16 10:40:37'),
	('smo', '37.111.50.91', '2024-05-16 10:41:36'),
	('nlm', '103.121.229.230', '2024-05-16 10:50:20'),
	('pskko', '103.121.229.230', '2024-05-16 10:50:57'),
	('smo', '103.121.229.230', '2024-05-16 10:51:09'),
	('nlm', '103.121.229.230', '2024-05-16 11:26:17'),
	('kzz', '103.121.229.233', '2024-05-20 08:26:43'),
	('bmtest', '103.121.229.233', '2024-05-20 09:01:19'),
	('smo', '103.121.229.233', '2024-05-20 09:01:51'),
	('smo', '103.121.229.235', '2024-05-23 13:31:25'),
	('wla', '103.121.229.235', '2024-05-23 13:47:01'),
	('smo', '103.121.229.235', '2024-05-23 14:08:07'),
	('smo', '103.121.229.235', '2024-05-23 15:10:53'),
	('bmtest', '103.121.229.235', '2024-05-23 15:28:56'),
	('aas', '103.121.229.235', '2024-05-23 15:30:54'),
	('admin', '103.121.229.235', '2024-05-23 15:31:47'),
	('bmtest', '103.121.229.235', '2024-05-23 15:33:28'),
	('smo', '103.121.229.235', '2024-05-23 15:38:05'),
	('smo', '103.121.229.235', '2024-05-23 23:55:27'),
	('wla', '103.121.229.235', '2024-05-23 23:56:31'),
	('smo', '38.158.205.144', '2024-05-27 09:34:34'),
	('smo', '94.74.104.135', '2024-05-27 11:02:05'),
	('smo', '38.158.205.144', '2024-05-27 12:39:23'),
	('smo', '103.121.229.232', '2024-05-27 21:48:12'),
	('smo', '38.158.205.144', '2024-05-27 22:58:19'),
	('smo', '103.121.229.232', '2024-05-28 00:17:52'),
	('wla', '104.28.219.154', '2024-05-28 02:24:43'),
	('smo', '94.74.104.135', '2024-05-28 08:26:19'),
	('smo', '38.158.205.144', '2024-05-28 08:30:17'),
	('smo', '38.158.205.144', '2024-05-28 09:26:18'),
	('smo', '94.74.104.135', '2024-05-28 10:23:17'),
	('smo', '103.121.229.224', '2024-05-28 10:39:34'),
	('smo', '103.121.229.224', '2024-05-28 10:41:15'),
	('wla', '103.121.229.224', '2024-05-28 10:42:19'),
	('smo', '103.121.229.224', '2024-05-28 10:42:54'),
	('wla', '103.121.229.224', '2024-05-28 10:54:05'),
	('smo', '94.74.104.135', '2024-05-28 11:21:14'),
	('wla', '103.121.229.224', '2024-05-28 11:28:59'),
	('admin', '103.121.229.224', '2024-05-28 11:47:55'),
	('marketing', '103.121.229.224', '2024-05-28 11:48:10'),
	('smo', '94.74.104.135', '2024-05-28 13:36:07'),
	('smo', '38.158.205.144', '2024-05-28 13:52:58'),
	('admin', '94.74.104.135', '2024-05-28 14:32:40'),
	('hr_admin', '94.74.104.135', '2024-05-28 14:33:09'),
	('hr_admin', '94.74.104.135', '2024-05-28 14:47:26'),
	('smo', '38.158.205.144', '2024-05-29 10:46:56'),
	('smo', '37.111.50.91', '2024-05-29 11:29:27'),
	('wla', '37.111.50.91', '2024-05-29 11:30:17'),
	('tpt', '37.111.50.91', '2024-05-29 11:33:54'),
	('pskko', '37.111.50.91', '2024-05-29 11:36:18'),
	('smo', '37.111.50.91', '2024-05-29 11:43:38'),
	('wla', '37.111.50.91', '2024-05-29 11:44:31'),
	('tpt', '37.111.50.91', '2024-05-29 11:44:52'),
	('pskko', '37.111.50.91', '2024-05-29 11:45:12'),
	('nlm', '37.111.50.91', '2024-05-29 11:45:26'),
	('kzz', '37.111.50.91', '2024-05-29 11:45:49'),
	('smo', '37.111.50.91', '2024-05-29 11:48:33'),
	('bmtest', '37.111.50.91', '2024-05-29 13:18:33'),
	('smo', '37.111.50.91', '2024-05-29 13:22:54'),
	('wla', '38.158.205.144', '2024-05-30 00:34:26'),
	('smo', '38.158.205.144', '2024-05-30 01:55:25'),
	('wla', '185.54.231.44', '2024-06-02 08:59:53'),
	('wla', '38.158.205.196', '2024-06-04 14:23:40'),
	('smo', '103.83.189.169', '2024-06-05 21:36:55'),
	('smo', '94.74.104.135', '2024-06-07 10:39:00'),
	('tpt', '37.111.50.91', '2024-06-07 11:06:16'),
	('tpt', '37.111.50.91', '2024-06-07 11:06:47'),
	('tpt', '37.111.50.91', '2024-06-07 11:21:33'),
	('smo', '94.74.104.135', '2024-06-07 11:32:59'),
	('smo', '37.111.50.91', '2024-06-07 14:06:36'),
	('smo', '37.111.50.91', '2024-06-07 14:07:14'),
	('smo', '37.111.50.91', '2024-06-07 14:19:53'),
	('smo', '37.111.50.91', '2024-06-07 14:23:47'),
	('smo', '37.111.50.91', '2024-06-07 14:25:09'),
	('wla', '37.111.50.91', '2024-06-07 14:25:37'),
	('smo', '37.111.50.91', '2024-06-07 14:35:05'),
	('smo', '37.111.50.91', '2024-06-07 14:45:55'),
	('smo', '37.111.50.91', '2024-06-07 14:49:38'),
	('smo', '37.111.50.91', '2024-06-07 15:15:30'),
	('wla', '38.158.205.172', '2024-06-07 15:31:57'),
	('kzz', '38.158.205.172', '2024-06-07 15:32:12'),
	('pskko', '37.111.50.91', '2024-06-07 15:37:35'),
	('nlm', '37.111.50.91', '2024-06-07 15:38:04'),
	('smo', '37.111.50.91', '2024-06-07 15:38:35'),
	('bmtest', '37.111.50.91', '2024-06-07 15:44:24'),
	('nlm', '37.111.50.91', '2024-06-07 15:45:53'),
	('pskko', '37.111.50.91', '2024-06-07 15:46:34'),
	('smo', '37.111.50.91', '2024-06-07 15:47:19'),
	('smo', '38.52.122.68', '2024-06-08 16:54:16'),
	('smo', '38.52.122.68', '2024-06-08 16:56:47'),
	('smo', '38.52.122.68', '2024-06-08 16:58:33'),
	('wla', '38.52.122.68', '2024-06-08 17:39:45'),
	('wla', '38.52.122.68', '2024-06-08 17:41:47'),
	('smo', '37.111.50.91', '2024-06-10 09:24:06'),
	('smo', '37.111.50.91', '2024-06-10 09:25:07'),
	('smo', '37.111.50.91', '2024-06-10 09:29:50'),
	('smo', '37.111.50.91', '2024-06-10 09:32:54'),
	('smo', '37.111.50.91', '2024-06-10 10:27:28'),
	('wla', '37.111.50.91', '2024-06-10 11:02:58'),
	('smo', '37.111.50.91', '2024-06-10 11:18:11'),
	('wla', '37.111.50.91', '2024-06-10 11:19:03'),
	('smo', '37.111.50.91', '2024-06-10 11:20:51'),
	('wla', '37.111.50.91', '2024-06-10 11:22:05'),
	('smo', '37.111.50.91', '2024-06-10 11:24:49'),
	('wla', '37.111.50.91', '2024-06-10 11:30:48'),
	('bmtest', '37.111.50.91', '2024-06-10 11:31:38'),
	('smo', '37.111.50.91', '2024-06-10 11:33:22'),
	('smo', '37.111.50.91', '2024-06-10 13:18:15'),
	('wla', '37.111.50.91', '2024-06-10 13:22:50'),
	('smo', '37.111.50.91', '2024-06-10 13:24:36'),
	('smo', '37.111.50.91', '2024-06-10 13:25:27'),
	('smo', '37.111.50.91', '2024-06-10 13:56:26'),
	('smo', '37.111.50.91', '2024-06-10 14:09:47'),
	('smo', '37.111.50.91', '2024-06-10 14:10:30'),
	('smo', '37.111.50.91', '2024-06-10 14:10:38'),
	('smo', '94.74.104.135', '2024-06-10 14:34:07'),
	('smo', '37.111.50.91', '2024-06-10 15:11:01'),
	('smo', '37.111.50.91', '2024-06-10 15:26:49'),
	('tpt', '38.158.205.172', '2024-06-11 08:01:33'),
	('tpt', '38.158.205.172', '2024-06-11 08:54:27'),
	('tpt', '38.158.205.172', '2024-06-11 13:29:14'),
	('tpt', '103.83.189.169', '2024-06-11 14:23:31'),
	('tpt', '38.158.205.172', '2024-06-11 15:05:36'),
	('wla', '38.158.205.172', '2024-06-11 15:39:43'),
	('tpt', '38.158.205.172', '2024-06-11 17:01:24'),
	('tpt', '38.158.205.172', '2024-06-11 18:06:19'),
	('admin', '103.83.189.169', '2024-06-12 08:59:18'),
	('hr_admin', '103.83.189.169', '2024-06-12 09:00:16'),
	('hr_admin', '103.83.189.169', '2024-06-12 09:02:59'),
	('admin', '103.83.189.169', '2024-06-12 09:07:43'),
	('hr_admin', '103.83.189.169', '2024-06-12 09:09:08'),
	('admin', '103.83.189.169', '2024-06-12 09:10:24'),
	('hrtest', '103.83.189.169', '2024-06-12 09:11:32'),
	('admin', '103.83.189.169', '2024-06-12 09:13:26'),
	('hrtest', '103.83.189.169', '2024-06-12 09:13:39'),
	('nlm', '37.111.50.91', '2024-06-12 09:26:38'),
	('admin', '103.83.189.169', '2024-06-12 09:45:37'),
	('hr_admin', '103.83.189.169', '2024-06-12 09:45:53'),
	('admin', '103.83.189.169', '2024-06-12 09:46:31'),
	('wla', '103.83.189.169', '2024-06-12 09:46:58'),
	('hr_admin', '103.83.189.169', '2024-06-12 09:47:18'),
	('admin', '103.83.189.169', '2024-06-12 09:48:28'),
	('hr_admin', '103.83.189.169', '2024-06-12 09:48:49'),
	('hr_admin', '103.83.189.169', '2024-06-12 09:58:02'),
	('hr_admin', '103.83.189.169', '2024-06-12 10:06:18'),
	('hradmintesting', '103.83.189.169', '2024-06-12 10:06:35'),
	('admin', '103.83.189.169', '2024-06-12 10:12:00'),
	('daa', '103.83.189.169', '2024-06-12 10:12:15'),
	('wla', '103.83.189.169', '2024-06-12 10:12:25'),
	('wla', '103.83.189.169', '2024-06-12 10:12:33'),
	('hradmintesting', '103.83.189.169', '2024-06-12 10:13:54'),
	('hr_admin', '103.83.189.169', '2024-06-12 10:19:17'),
	('smo', '103.83.189.169', '2024-06-12 10:30:14'),
	('hradmintesting', '37.111.50.91', '2024-06-12 13:01:56'),
	('hradmintesting', '37.111.50.91', '2024-06-12 13:51:34'),
	('smo', '37.111.50.91', '2024-06-13 08:40:51'),
	('smo', '37.111.50.91', '2024-06-13 09:13:24'),
	('tpt', '94.74.104.135', '2024-06-13 09:17:57'),
	('tpt', '94.74.104.135', '2024-06-13 09:20:57'),
	('tpt', '94.74.104.135', '2024-06-13 09:21:04'),
	('tpt', '94.74.104.135', '2024-06-13 09:22:48'),
	('tpt', '37.111.50.91', '2024-06-13 09:31:08'),
	('tpt', '37.111.50.91', '2024-06-13 09:34:01'),
	('smo', '94.74.104.135', '2024-06-13 09:56:02'),
	('wla', '94.74.104.135', '2024-06-13 09:56:42'),
	('smo', '94.74.104.135', '2024-06-13 10:29:21'),
	('wla', '94.74.104.135', '2024-06-13 10:35:25'),
	('tpt', '94.74.104.135', '2024-06-13 10:59:05'),
	('hradmintesting', '94.74.104.135', '2024-06-13 11:26:03'),
	('wla', '94.74.104.135', '2024-06-13 11:27:27'),
	('nlm', '37.111.50.91', '2024-06-13 11:35:33'),
	('nlm', '37.111.50.91', '2024-06-13 11:55:07'),
	('bmtest', '37.111.50.91', '2024-06-13 11:55:22'),
	('aas', '37.111.50.91', '2024-06-13 11:55:51'),
	('smo', '37.111.50.91', '2024-06-13 13:04:43'),
	('tpt', '37.111.50.91', '2024-06-13 13:05:10'),
	('smo', '94.74.104.135', '2024-06-13 13:11:31'),
	('wla', '37.111.50.91', '2024-06-13 13:28:23'),
	('smo', '37.111.50.91', '2024-06-13 13:31:39'),
	('smo', '37.111.50.91', '2024-06-13 13:35:28'),
	('tpt', '37.111.50.91', '2024-06-13 14:43:05'),
	('tpt', '37.111.50.91', '2024-06-13 15:50:51'),
	('tpt', '103.83.189.169', '2024-06-13 16:35:27'),
	('smo', '103.83.189.169', '2024-06-13 21:19:06'),
	('admin', '103.83.189.169', '2024-06-13 21:31:21'),
	('smo', '103.83.189.169', '2024-06-13 21:31:55'),
	('wla', '103.83.189.169', '2024-06-13 21:40:46'),
	('tpt', '38.158.205.180', '2024-06-13 22:40:20'),
	('tpt', '103.83.189.169', '2024-06-13 22:50:29'),
	('tpt', '103.83.189.169', '2024-06-13 22:53:01'),
	('smo', '103.83.189.169', '2024-06-13 22:54:05'),
	('tpt', '103.83.189.169', '2024-06-13 23:07:59'),
	('tpt', '103.83.189.169', '2024-06-13 23:14:21'),
	('tpt', '103.83.189.169', '2024-06-14 00:08:55'),
	('tpt', '103.83.189.169', '2024-06-14 06:52:47'),
	('tpt', '103.83.189.169', '2024-06-14 08:01:51'),
	('smo', '103.83.189.169', '2024-06-14 08:12:03'),
	('smo', '103.83.189.169', '2024-06-14 08:34:05'),
	('smo', '103.83.189.169', '2024-06-14 10:10:26'),
	('tpt', '37.111.50.91', '2024-06-14 10:16:28'),
	('smo', '37.111.50.91', '2024-06-14 10:20:19'),
	('smo', '103.83.189.169', '2024-06-14 10:38:50'),
	('tpt', '103.83.189.169', '2024-06-14 11:28:34'),
	('smo', '94.74.104.135', '2024-06-14 11:43:58'),
	('wla', '38.158.205.180', '2024-06-14 12:44:12'),
	('smo', '94.74.104.135', '2024-06-14 15:07:38'),
	('tpt', '61.4.73.225', '2024-06-16 15:00:59'),
	('wla', '61.4.73.225', '2024-06-16 15:01:16'),
	('smo', '103.83.189.209', '2024-06-16 22:47:10'),
	('tpt', '94.74.104.135', '2024-06-17 09:37:36'),
	('tpt', '37.111.50.91', '2024-06-17 11:15:26'),
	('tpt', '37.111.50.91', '2024-06-17 11:16:41'),
	('smo', '37.111.50.91', '2024-06-17 11:24:20'),
	('wla', '37.111.50.91', '2024-06-17 11:26:02'),
	('smo', '37.111.50.91', '2024-06-17 11:28:43'),
	('smo', '37.111.50.91', '2024-06-17 11:46:09'),
	('kzz', '38.158.205.180', '2024-06-19 09:30:02'),
	('tpt', '38.158.205.180', '2024-06-19 16:00:34'),
	('kzz', '103.83.189.209', '2024-06-20 10:10:45'),
	('tpt', '38.158.205.180', '2024-06-20 14:35:14'),
	('smo', '103.83.189.209', '2024-06-20 21:40:40'),
	('admin', '94.74.104.135', '2024-06-21 08:59:07'),
	('hr_admin', '94.74.104.135', '2024-06-21 09:06:58'),
	('admin', '94.74.104.135', '2024-06-21 09:20:11'),
	('hr_admin', '94.74.104.135', '2024-06-21 09:22:08'),
	('smo', '37.111.50.91', '2024-06-21 09:22:22'),
	('bmtest', '37.111.50.91', '2024-06-21 09:23:20'),
	('hr_admin', '94.74.104.135', '2024-06-21 11:03:04'),
	('smo', '94.74.104.135', '2024-06-21 13:25:18'),
	('admin', '37.111.13.58', '2024-06-21 14:37:03'),
	('tpt', '61.4.73.67', '2024-06-23 10:01:13'),
	('kzz', '61.4.73.67', '2024-06-23 10:01:26'),
	('aas', '61.4.73.67', '2024-06-24 16:27:36'),
	('aas', '94.74.104.135', '2024-06-24 16:28:24'),
	('smo', '103.83.189.209', '2024-06-24 20:40:23'),
	('hrtest', '103.83.189.209', '2024-06-24 21:12:26'),
	('tpt', '43.242.135.170', '2024-06-25 10:08:02'),
	('marketing1', '43.242.135.170', '2024-06-25 10:08:47'),
	('marketing', '43.242.135.170', '2024-06-25 11:12:41'),
	('marketing', '43.242.135.170', '2024-06-25 11:20:23'),
	('marketing', '43.242.135.170', '2024-06-25 14:00:26'),
	('tpt', '43.242.135.170', '2024-06-26 09:10:08'),
	('marketing1', '43.242.135.170', '2024-06-26 09:59:22'),
	('tpt', '51.79.158.252', '2024-06-26 10:04:02'),
	('smo', '37.111.8.125', '2024-06-26 13:25:17'),
	('tpt', '61.4.73.67', '2024-06-26 13:39:13'),
	('marketing1', '43.242.135.170', '2024-06-26 14:35:21'),
	('tpt', '51.79.158.252', '2024-06-26 14:45:04'),
	('tpt', '61.4.73.67', '2024-06-26 14:54:41'),
	('tpt', '68.183.224.20', '2024-06-26 14:55:22'),
	('marketing', '43.242.135.170', '2024-06-26 15:04:58'),
	('smo', '68.183.224.20', '2024-06-26 15:36:38'),
	('smo', '68.183.224.20', '2024-06-26 17:19:21'),
	('smo', '68.183.224.20', '2024-06-26 22:26:02'),
	('smo', '68.183.224.20', '2024-06-26 23:33:14'),
	('smo', '68.183.224.20', '2024-06-27 07:33:36'),
	('hrtest', '68.183.224.20', '2024-06-27 07:53:30'),
	('kzz', '68.183.224.20', '2024-06-27 09:08:14'),
	('tpt', '68.183.224.20', '2024-06-27 09:47:11'),
	('tpt', '68.183.224.20', '2024-06-27 10:02:01'),
	('smo', '68.183.224.20', '2024-06-27 10:11:40'),
	('tpt', '68.183.224.20', '2024-06-27 10:12:29'),
	('smo', '68.183.224.20', '2024-06-27 10:33:11'),
	('hrtest', '68.183.224.20', '2024-06-27 10:33:22'),
	('wla', '61.4.73.67', '2024-06-27 19:44:59'),
	('nlm', '61.4.73.67', '2024-06-27 19:46:00'),
	('smo', '61.4.73.67', '2024-06-27 19:46:17'),
	('smo', '103.121.229.224', '2024-06-29 22:22:58'),
	('Marketing', '43.242.135.170', '2024-07-01 11:49:11'),
	('tpt', '51.79.156.20', '2024-07-01 13:46:19'),
	('Marketing', '43.242.135.170', '2024-07-01 14:44:59'),
	('Marketing', '43.242.135.170', '2024-07-01 16:32:12'),
	('tpt', '103.121.229.224', '2024-07-01 19:00:39'),
	('tpt', '103.121.229.224', '2024-07-01 19:48:14'),
	('smo', '103.121.229.224', '2024-07-01 20:34:13'),
	('smo', '103.121.229.224', '2024-07-01 22:59:28'),
	('tpt', '103.121.229.224', '2024-07-01 23:40:01'),
	('smo', '103.121.229.224', '2024-07-02 00:30:04'),
	('tpt', '61.4.73.67', '2024-07-02 07:51:49'),
	('kzz', '61.4.73.67', '2024-07-02 08:04:11'),
	('tpt', '61.4.73.67', '2024-07-02 08:12:00'),
	('tpt', '103.121.229.239', '2024-07-02 09:16:46'),
	('admin', '103.121.229.239', '2024-07-02 09:50:50'),
	('tpt', '103.121.229.239', '2024-07-02 09:51:10'),
	('admin', '103.121.229.239', '2024-07-02 09:55:25'),
	('tpt', '147.135.78.94', '2024-07-02 10:27:27'),
	('marketing1', '43.242.135.170', '2024-07-02 10:40:44'),
	('tpt', '103.121.229.239', '2024-07-02 13:15:50'),
	('hradmintesting', '94.74.104.135', '2024-07-02 13:18:50'),
	('tpt', '37.111.50.92', '2024-07-02 13:21:53'),
	('hradmintesting', '37.111.50.92', '2024-07-02 13:34:18'),
	('tpt', '37.111.50.92', '2024-07-02 13:35:44'),
	('hr_admin', '94.74.104.135', '2024-07-02 13:40:00'),
	('tpt', '136.228.172.9', '2024-07-02 14:37:14'),
	('tpt', '136.228.172.9', '2024-07-02 14:37:56'),
	('tpt', '136.228.172.9', '2024-07-02 14:40:34'),
	('tpt', '37.111.50.92', '2024-07-02 15:43:38'),
	('tpt', '37.111.50.92', '2024-07-03 09:00:53'),
	('tpt', '37.111.50.92', '2024-07-03 09:10:30'),
	('wla', '37.111.50.92', '2024-07-03 09:13:47'),
	('tpt', '37.111.50.92', '2024-07-03 09:15:50'),
	('hradmintesting', '37.111.50.92', '2024-07-03 10:08:16'),
	('hradmintesting', '37.111.50.92', '2024-07-03 10:56:28'),
	('hradmintesting', '37.111.50.92', '2024-07-03 10:57:26'),
	('hradmintesting', '37.111.50.92', '2024-07-03 11:08:59'),
	('hradmintesting', '37.111.50.92', '2024-07-03 11:10:28'),
	('hradmintesting', '37.111.50.92', '2024-07-03 11:23:42'),
	('hradmintesting', '37.111.50.92', '2024-07-03 11:29:07'),
	('smo', '37.111.50.92', '2024-07-03 11:55:52'),
	('hradmintesting', '37.111.50.92', '2024-07-03 11:57:08'),
	('hradmintesting', '37.111.50.92', '2024-07-03 13:12:23'),
	('hradmintesting', '37.111.50.92', '2024-07-03 13:17:00'),
	('hradmintesting', '37.111.50.92', '2024-07-03 13:37:02'),
	('hradmintesting', '37.111.50.92', '2024-07-03 14:28:09'),
	('tpt', '94.74.104.135', '2024-07-03 14:34:23'),
	('hradmintesting', '94.74.104.135', '2024-07-03 14:47:38'),
	('tpt', '37.111.50.92', '2024-07-03 14:51:20'),
	('bmtest', '37.111.50.92', '2024-07-03 14:57:17'),
	('tpt', '37.111.50.92', '2024-07-03 14:59:12'),
	('hradmintesting', '37.111.50.92', '2024-07-03 15:00:24'),
	('hradmintesting', '37.111.50.92', '2024-07-03 15:06:27'),
	('tpt', '37.111.50.92', '2024-07-03 15:17:13'),
	('marketing', '43.242.135.170', '2024-07-04 09:07:44'),
	('marketing', '43.242.135.170', '2024-07-04 10:40:21'),
	('hradmintesting', '37.111.50.92', '2024-07-04 10:47:59'),
	('hradmintesting', '37.111.50.92', '2024-07-04 10:56:31'),
	('smo', '37.111.50.92', '2024-07-04 11:03:26'),
	('hradmintesting', '37.111.50.92', '2024-07-04 11:04:27'),
	('wla', '37.111.50.92', '2024-07-04 11:05:04'),
	('smo', '37.111.50.92', '2024-07-04 11:07:05'),
	('smo', '37.111.50.92', '2024-07-04 11:10:11'),
	('smo', '37.111.50.92', '2024-07-04 11:15:33'),
	('smo', '37.111.50.92', '2024-07-04 11:18:53'),
	('wla', '37.111.50.92', '2024-07-04 11:21:49'),
	('smo', '37.111.50.92', '2024-07-04 11:23:03'),
	('hradmintesting', '37.111.50.92', '2024-07-04 11:23:38'),
	('smo', '37.111.50.92', '2024-07-04 11:24:43'),
	('hradmintesting', '37.111.50.92', '2024-07-04 11:29:47'),
	('hradmintesting', '37.111.50.92', '2024-07-04 11:31:46'),
	('wla', '37.111.50.92', '2024-07-04 11:34:44'),
	('smo', '37.111.50.92', '2024-07-04 11:36:08'),
	('wla', '37.111.50.92', '2024-07-04 11:36:31'),
	('smo', '37.111.50.92', '2024-07-04 11:37:15'),
	('hradmintesting', '37.111.50.92', '2024-07-04 11:37:44'),
	('hradmintesting', '37.111.50.92', '2024-07-04 11:55:19'),
	('hradmintesting', '37.111.50.92', '2024-07-04 13:08:57'),
	('smo', '37.111.50.92', '2024-07-04 13:20:39'),
	('hradmintesting', '37.111.50.92', '2024-07-04 13:21:21'),
	('tpt', '37.111.50.92', '2024-07-04 13:26:18'),
	('smo', '37.111.50.92', '2024-07-04 13:37:58'),
	('hradmintesting', '37.111.50.92', '2024-07-04 13:40:03'),
	('tpt', '37.111.50.92', '2024-07-04 13:40:19'),
	('hradmintesting', '37.111.50.92', '2024-07-04 13:41:54'),
	('tpt', '37.111.50.92', '2024-07-04 13:43:12'),
	('tpt', '94.74.104.135', '2024-07-04 13:51:22'),
	('smo', '103.121.229.232', '2024-07-04 14:00:44'),
	('smo', '37.111.50.92', '2024-07-04 14:02:15'),
	('tpt', '37.111.50.92', '2024-07-04 14:04:44'),
	('hradmintesting', '37.111.50.92', '2024-07-04 14:07:53'),
	('hradmintesting', '37.111.50.92', '2024-07-04 14:14:19'),
	('hradmintesting', '37.111.50.92', '2024-07-04 14:22:56'),
	('smo', '37.111.50.92', '2024-07-04 14:27:23'),
	('hradmintesting', '37.111.50.92', '2024-07-04 14:27:40'),
	('smo', '37.111.50.92', '2024-07-04 14:27:56'),
	('hradmintesting', '37.111.50.92', '2024-07-04 14:29:52'),
	('hradmintesting', '37.111.50.92', '2024-07-04 14:31:07'),
	('hradmintesting', '37.111.50.92', '2024-07-04 14:35:00'),
	('hradmintesting', '37.111.50.92', '2024-07-04 14:35:20'),
	('hradmintesting', '37.111.50.92', '2024-07-04 14:41:59'),
	('smo', '37.111.50.92', '2024-07-04 14:46:19'),
	('tpt', '37.111.50.92', '2024-07-04 14:48:50'),
	('marketing', '43.242.135.170', '2024-07-04 15:34:57'),
	('hradmintesting', '37.111.50.92', '2024-07-05 08:47:59'),
	('hradmintesting', '37.111.50.92', '2024-07-05 08:55:59'),
	('hradmintesting', '37.111.50.92', '2024-07-05 08:59:19'),
	('smo', '37.111.50.92', '2024-07-05 09:06:34'),
	('hradmintesting', '37.111.50.92', '2024-07-05 09:07:18'),
	('tpt', '37.111.50.92', '2024-07-05 09:08:36'),
	('smo', '37.111.50.92', '2024-07-05 09:10:25'),
	('tpt', '37.111.50.92', '2024-07-05 09:15:53'),
	('marketing1', '15.235.184.75', '2024-07-05 12:12:10'),
	('marketing1', '15.235.184.75', '2024-07-05 14:12:09'),
	('marketing1', '15.235.184.75', '2024-07-05 15:47:38'),
	('tpt', '103.121.229.224', '2024-07-07 12:00:26'),
	('tpt', '103.121.229.224', '2024-07-07 15:48:07'),
	('hradmintesting', '136.228.172.9', '2024-07-07 19:56:54'),
	('smo', '136.228.172.9', '2024-07-07 20:02:29'),
	('hradmintesting', '136.228.172.9', '2024-07-07 20:03:00'),
	('tpt', '136.228.172.9', '2024-07-07 20:03:33'),
	('tpt', '136.228.172.9', '2024-07-08 06:20:05'),
	('hradmintesting', '94.74.104.135', '2024-07-08 06:48:22'),
	('Marketing', '43.242.135.170', '2024-07-08 09:25:47'),
	('hr_admin', '94.74.104.135', '2024-07-08 09:39:34'),
	('tpt', '94.74.104.135', '2024-07-08 09:48:29'),
	('tpt', '94.74.104.135', '2024-07-08 11:22:41'),
	('hradmintesting', '94.74.104.135', '2024-07-08 11:33:03'),
	('tpt', '103.121.229.236', '2024-07-08 14:17:20'),
	('smo', '103.121.229.236', '2024-07-08 14:25:43'),
	('tpt', '103.121.229.236', '2024-07-08 14:37:07'),
	('Marketing', '43.242.135.170', '2024-07-08 14:46:52'),
	('tpt', '103.121.229.234', '2024-07-09 00:16:26'),
	('tpt', '94.74.104.135', '2024-07-09 09:11:11'),
	('marketing', '43.242.135.170', '2024-07-09 10:41:12'),
	('hradmintesting', '94.74.104.135', '2024-07-09 10:50:19'),
	('marketing', '43.242.135.170', '2024-07-09 12:53:46'),
	('hradmintesting', '94.74.104.135', '2024-07-09 13:24:16'),
	('marketing', '43.242.135.170', '2024-07-09 13:31:43'),
	('tpt', '94.74.104.135', '2024-07-09 13:37:46'),
	('marketing', '43.242.135.170', '2024-07-09 13:41:18'),
	('tpt', '94.74.104.135', '2024-07-09 13:51:37'),
	('hradmintesting', '94.74.104.135', '2024-07-09 13:52:45'),
	('hradmintesting', '94.74.104.135', '2024-07-09 14:05:07'),
	('tpt', '94.74.104.135', '2024-07-09 14:23:23'),
	('marketing', '43.242.135.170', '2024-07-09 15:00:40'),
	('tpt', '94.74.104.135', '2024-07-09 15:03:57'),
	('tpt', '103.121.229.224', '2024-07-09 15:37:52'),
	('tpt', '94.74.104.135', '2024-07-09 15:38:15'),
	('hradmintesting', '103.121.229.224', '2024-07-09 15:41:59'),
	('admin', '103.121.229.224', '2024-07-09 15:47:38'),
	('smo', '103.121.229.224', '2024-07-09 15:52:19'),
	('hradmintesting', '94.74.104.135', '2024-07-09 16:05:49'),
	('hradmintesting', '94.74.104.135', '2024-07-09 16:17:05'),
	('smo', '94.74.104.135', '2024-07-09 16:24:15'),
	('hradmintesting', '94.74.104.135', '2024-07-09 16:24:43'),
	('admin', '94.74.104.135', '2024-07-09 16:25:30'),
	('hradmintesting', '103.121.229.224', '2024-07-09 18:27:15'),
	('admin', '103.121.229.224', '2024-07-09 18:29:00'),
	('tpt', '38.158.205.247', '2024-07-09 20:54:10'),
	('admin', '38.158.205.247', '2024-07-09 21:39:26'),
	('hradmintesting', '38.158.205.247', '2024-07-09 21:44:25'),
	('smo', '38.158.205.247', '2024-07-09 21:54:26'),
	('hradmintesting', '38.158.205.247', '2024-07-09 21:55:08'),
	('hradmintesting', '103.121.229.224', '2024-07-09 23:51:02'),
	('tpt', '37.111.50.92', '2024-07-10 08:59:36'),
	('hradmintesting', '94.74.104.135', '2024-07-10 09:30:00'),
	('tpt', '94.74.104.135', '2024-07-10 09:30:14'),
	('tpt', '103.121.229.228', '2024-07-10 10:30:46'),
	('tpt', '94.74.104.135', '2024-07-10 10:32:08'),
	('admin', '103.121.229.228', '2024-07-10 10:49:12'),
	('hradmintesting', '103.121.229.228', '2024-07-10 10:49:23'),
	('admin', '103.121.229.228', '2024-07-10 10:57:29'),
	('tpt', '103.121.229.228', '2024-07-10 10:59:55'),
	('tpt', '94.74.104.135', '2024-07-10 11:01:29'),
	('hradmintesting', '103.121.229.228', '2024-07-10 11:07:04'),
	('tpt', '94.74.104.135', '2024-07-10 13:18:54'),
	('hradmintesting', '94.74.104.135', '2024-07-10 13:34:59'),
	('hradmintesting', '94.74.104.135', '2024-07-10 14:03:03'),
	('admin', '94.74.104.135', '2024-07-10 14:11:18'),
	('tpt', '103.121.229.234', '2024-07-10 14:29:39'),
	('hradmintesting', '103.121.229.234', '2024-07-10 14:40:21'),
	('tpt', '103.121.229.234', '2024-07-10 15:02:14'),
	('marketing', '43.242.135.170', '2024-07-10 16:32:54'),
	('hradmintesting', '94.74.104.135', '2024-07-11 08:57:55'),
	('hr_admin', '94.74.104.135', '2024-07-11 09:21:25'),
	('admin', '94.74.104.135', '2024-07-11 09:40:52'),
	('admin', '94.74.104.135', '2024-07-11 09:45:56'),
	('admin', '94.74.104.135', '2024-07-11 09:53:24'),
	('tpt', '94.74.104.135', '2024-07-11 09:56:32'),
	('admin', '94.74.104.135', '2024-07-11 10:10:42'),
	('tpt', '94.74.104.135', '2024-07-11 10:14:23'),
	('tpt', '94.74.104.135', '2024-07-11 10:22:18'),
	('hradmintesting', '94.74.104.135', '2024-07-11 10:51:30'),
	('tpt', '94.74.104.135', '2024-07-11 10:54:26'),
	('hradmintesting', '94.74.104.135', '2024-07-11 10:55:08'),
	('hradmintesting', '94.74.104.135', '2024-07-11 11:01:38'),
	('hradmintesting', '94.74.104.135', '2024-07-11 11:02:03'),
	('hradmintesting', '94.74.104.135', '2024-07-11 11:07:43'),
	('tpt', '37.111.50.92', '2024-07-11 11:57:38'),
	('tpt', '37.111.50.92', '2024-07-11 11:57:53'),
	('admin', '103.121.229.239', '2024-07-11 13:01:23'),
	('tpt', '37.111.50.92', '2024-07-11 13:02:39'),
	('tpt', '94.74.104.135', '2024-07-11 13:20:49');
/*!40000 ALTER TABLE `user_log` ENABLE KEYS */;

-- Dumping structure for table geely_db1.user_role
DROP TABLE IF EXISTS `user_role`;
CREATE TABLE IF NOT EXISTS `user_role` (
  `id` int(11) NOT NULL AUTO_INCREMENT,
  `dashboard` varchar(100) NOT NULL DEFAULT '',
  `role_name` varchar(150) NOT NULL DEFAULT '',
  `process` varchar(150) NOT NULL DEFAULT '',
  `create` tinyint(4) NOT NULL DEFAULT 0,
  `read` tinyint(4) NOT NULL DEFAULT 0,
  `update` tinyint(4) NOT NULL DEFAULT 0,
  `delete` tinyint(4) NOT NULL DEFAULT 0,
  `export` tinyint(4) NOT NULL DEFAULT 0,
  `print` tinyint(4) NOT NULL DEFAULT 0,
  PRIMARY KEY (`id`) USING BTREE
) ENGINE=InnoDB AUTO_INCREMENT=2716 DEFAULT CHARSET=utf8mb4 COLLATE=utf8mb4_unicode_ci;

-- Dumping data for table geely_db1.user_role: ~269 rows (approximately)
INSERT INTO `user_role` (`id`, `dashboard`, `role_name`, `process`, `create`, `read`, `update`, `delete`, `export`, `print`) VALUES
	(23, 'sales', 'Sales Supervisor', 'Promotion', 1, 0, 0, 0, 0, 0),
	(24, 'sales', 'Sales Supervisor', '2. Deposit Collect', 1, 1, 0, 0, 0, 0),
	(25, 'sales', 'Sales Supervisor', '5. Owner Info | Income Tax', 1, 1, 1, 1, 1, 0),
	(26, 'sales', 'Sales Supervisor', '9. Car Handover | Owner Book Handover', 1, 1, 0, 0, 0, 0),
	(27, 'sales', 'Sales Supervisor', 'Customer Detail', 0, 1, 0, 0, 0, 0),
	(28, 'sales', 'Sales Supervisor', 'Order Confirmation', 1, 0, 0, 0, 0, 0),
	(29, 'sales', 'Sales Supervisor', 'Order Detail', 0, 1, 1, 0, 0, 0),
	(1592, 'service', 'Operation Supervisor', '1. Sales List', 0, 1, 0, 0, 0, 0),
	(1593, 'service', 'Operation Supervisor', '6. Fill the Fuel', 1, 1, 0, 0, 0, 0),
	(1594, 'service', 'Operation Supervisor', '7. PDI Check List', 1, 1, 0, 0, 0, 0),
	(1595, 'service', 'Operation Supervisor', '8. Ready to Deliver', 1, 1, 0, 0, 0, 0),
	(1596, 'service', 'Operation Supervisor', 'Final Inspection', 1, 0, 0, 0, 0, 0),
	(1597, 'service', 'Operation Supervisor', 'Inspection', 1, 0, 1, 0, 0, 0),
	(1598, 'service', 'Operation Supervisor', 'Job Card', 1, 0, 0, 0, 0, 0),
	(1599, 'service', 'Operation Supervisor', 'Service', 1, 1, 1, 0, 0, 0),
	(1600, 'service', 'Operation Supervisor', 'Service Appointment', 1, 1, 0, 0, 0, 0),
	(1601, 'service', 'Operation Supervisor', 'Service Bay Services', 1, 1, 1, 0, 0, 0),
	(1602, 'service', 'Operation Supervisor', 'Service Car', 1, 1, 0, 0, 0, 0),
	(1603, 'service', 'Operation Supervisor', 'Service Center Bay', 1, 1, 0, 0, 0, 0),
	(1604, 'service', 'Operation Supervisor', 'Service Center Store', 1, 1, 0, 0, 0, 0),
	(1605, 'service', 'Operation Supervisor', 'Service Customer', 1, 1, 0, 0, 0, 0),
	(1606, 'service', 'Operation Supervisor', 'Service Customer Car', 1, 0, 0, 0, 0, 0),
	(1607, 'service', 'Operation Supervisor', 'Service Item', 1, 1, 1, 0, 0, 0),
	(1608, 'service', 'Operation Supervisor', 'Service Item Task', 1, 1, 1, 0, 0, 0),
	(1609, 'service', 'Operation Supervisor', 'Service Package', 1, 0, 0, 0, 0, 0),
	(1610, 'service', 'Operation Supervisor', 'Service Promotion', 1, 1, 1, 0, 0, 0),
	(1611, 'service', 'Operation Supervisor', 'Servicing List', 0, 1, 0, 0, 0, 0),
	(1612, 'service', 'Operation Supervisor', 'Survey', 1, 0, 0, 0, 0, 0),
	(1613, 'service', 'Operation Supervisor', 'Warranty Car', 0, 1, 0, 0, 0, 0),
	(1614, 'service', 'Operation Supervisor', 'Group', 1, 1, 0, 0, 0, 0),
	(1615, 'service', 'Operation Supervisor', 'Issue Note', 1, 1, 0, 0, 0, 0),
	(1616, 'service', 'Operation Supervisor', 'Order', 1, 0, 0, 0, 0, 0),
	(1617, 'service', 'Operation Supervisor', 'Pre Order', 1, 1, 0, 0, 0, 0),
	(1618, 'service', 'Operation Supervisor', 'Receiving', 1, 0, 0, 0, 0, 0),
	(1619, 'service', 'Operation Supervisor', 'Sparepart', 1, 1, 1, 0, 0, 0),
	(1620, 'service', 'Operation Supervisor', 'Stock Out', 1, 1, 0, 1, 0, 0),
	(1621, 'service', 'Operation Supervisor', 'Stock Receive', 1, 0, 0, 0, 0, 0),
	(1622, 'service', 'Operation Supervisor', 'Stock Return', 1, 0, 0, 0, 0, 0),
	(1623, 'service', 'Operation Supervisor', 'Stock Transfer', 1, 0, 0, 0, 0, 0),
	(1624, 'service', 'Operation Supervisor', 'Store', 1, 1, 0, 0, 0, 0),
	(1625, 'service', 'Operation Supervisor', 'Service Center Assign', 1, 1, 1, 0, 0, 0),
	(1626, 'service', 'Operation Supervisor', 'Store Stock Level', 1, 1, 0, 0, 0, 0),
	(1627, 'service', 'Operation Supervisor', 'Sub Group', 1, 1, 0, 0, 0, 0),
	(1628, 'service', 'Operation Supervisor', 'Sub Store', 1, 1, 0, 0, 0, 0),
	(1629, 'service', 'Operation Supervisor', 'Upload Sparepart Photo', 1, 1, 0, 0, 0, 0),
	(1630, 'service', 'Operation Supervisor', 'Waiting List', 1, 1, 1, 0, 0, 0),
	(1733, 'service', 'Service', 'Final Inspection', 1, 0, 0, 0, 0, 0),
	(1734, 'service', 'Service', 'Inspection', 1, 0, 1, 0, 0, 0),
	(1735, 'service', 'Service', 'Job Card', 1, 0, 0, 0, 0, 0),
	(1736, 'service', 'Service', 'Service', 1, 1, 1, 0, 0, 0),
	(1737, 'service', 'Service', 'Service Appointment', 1, 1, 0, 0, 0, 0),
	(1738, 'service', 'Service', 'Service Bay Services', 1, 1, 1, 0, 0, 0),
	(1739, 'service', 'Service', 'Service Car', 1, 1, 0, 0, 0, 0),
	(1740, 'service', 'Service', 'Service Center Assign', 1, 1, 1, 0, 0, 0),
	(1741, 'service', 'Service', 'Service Center Bay', 1, 1, 0, 0, 0, 0),
	(1742, 'service', 'Service', 'Service Center Store', 1, 1, 0, 0, 0, 0),
	(1743, 'service', 'Service', 'Service Customer', 1, 1, 0, 0, 0, 0),
	(1744, 'service', 'Service', 'Service Customer Car', 1, 0, 0, 0, 0, 0),
	(1745, 'service', 'Service', 'Service Item', 1, 1, 1, 0, 0, 0),
	(1746, 'service', 'Service', 'Service Item Task', 1, 1, 1, 0, 0, 0),
	(1747, 'service', 'Service', 'Service Package', 1, 0, 0, 0, 0, 0),
	(1748, 'service', 'Service', 'Service Promotion', 1, 1, 1, 0, 0, 0),
	(1749, 'service', 'Service', 'Servicing List', 0, 1, 0, 0, 0, 0),
	(1750, 'service', 'Service', 'Survey', 1, 0, 0, 0, 0, 0),
	(1751, 'service', 'Service', 'Warranty Car', 0, 1, 0, 0, 0, 0),
	(1752, 'service', 'Service', 'Group', 1, 1, 0, 0, 0, 0),
	(1753, 'service', 'Service', 'Issue Note', 1, 1, 0, 0, 0, 0),
	(1754, 'service', 'Service', 'Order', 1, 0, 0, 0, 0, 0),
	(1755, 'service', 'Service', 'Pre Order', 1, 1, 0, 0, 0, 0),
	(1756, 'service', 'Service', 'Receiving', 1, 0, 0, 0, 0, 0),
	(1757, 'service', 'Service', 'Sparepart', 1, 1, 1, 0, 0, 0),
	(1758, 'service', 'Service', 'Stock Out', 1, 1, 0, 1, 0, 0),
	(1759, 'service', 'Service', 'Stock Receive', 1, 0, 0, 0, 0, 0),
	(1760, 'service', 'Service', 'Stock Return', 1, 0, 0, 0, 0, 0),
	(1761, 'service', 'Service', 'Stock Transfer', 1, 0, 0, 0, 0, 0),
	(1762, 'service', 'Service', 'Store', 1, 1, 0, 0, 0, 0),
	(1763, 'service', 'Service', 'Store Stock Level', 1, 1, 0, 0, 0, 0),
	(1764, 'service', 'Service', 'Sub Group', 1, 1, 0, 0, 0, 0),
	(1765, 'service', 'Service', 'Sub Store', 1, 1, 0, 0, 0, 0),
	(1766, 'service', 'Service', 'Upload Sparepart Photo', 1, 1, 0, 0, 0, 0),
	(1767, 'service', 'Service', 'Waiting List', 1, 1, 1, 0, 0, 0),
	(1835, 'supply_chain', 'Supply Chain Manager', 'Brand', 1, 1, 0, 0, 0, 0),
	(1836, 'supply_chain', 'Supply Chain Manager', 'Car List', 1, 1, 1, 0, 0, 0),
	(1837, 'supply_chain', 'Supply Chain Manager', 'Car Stock Transfer', 1, 0, 0, 0, 0, 0),
	(1838, 'supply_chain', 'Supply Chain Manager', 'Model', 1, 1, 0, 0, 0, 0),
	(1839, 'supply_chain', 'Supply Chain Manager', 'New Model', 1, 1, 0, 0, 0, 0),
	(1840, 'supply_chain', 'Supply Chain Manager', 'Production Order', 1, 0, 0, 0, 0, 0),
	(1841, 'supply_chain', 'Supply Chain Manager', 'Supply Chain Transfer', 1, 0, 0, 0, 0, 0),
	(1842, 'supply_chain', 'Supply Chain Manager', 'Test Drive Car', 1, 1, 0, 1, 0, 0),
	(1843, 'supply_chain', 'Supply Chain Manager', 'Upload Exterior Photo', 1, 1, 0, 1, 0, 0),
	(1844, 'supply_chain', 'Supply Chain Manager', 'Upload Interior Photo', 1, 1, 0, 1, 0, 0),
	(1845, 'supply_chain', 'Supply Chain Manager', '1. Sales List', 0, 1, 0, 0, 0, 0),
	(1846, 'supply_chain', 'Supply Chain Manager', '4. Purchase Permit | RTA Appointment | Plate No.', 1, 1, 1, 1, 1, 0),
	(1893, 'sales', 'Sales Test', 'Car Stock', 1, 0, 0, 0, 0, 0),
	(1894, 'sales', 'Sales Test', 'Promotion', 1, 0, 0, 0, 0, 0),
	(1895, 'sales', 'Sales Test', '1. Sales List', 0, 1, 0, 0, 0, 0),
	(1896, 'sales', 'Sales Test', '5. Owner Info | Income Tax', 1, 1, 1, 1, 1, 0),
	(1897, 'sales', 'Sales Test', '9. Car Handover | Owner Book Handover', 1, 1, 0, 0, 0, 0),
	(1898, 'sales', 'Sales Test', 'Broker', 1, 0, 1, 0, 0, 0),
	(1899, 'sales', 'Sales Test', 'Customer Detail', 1, 1, 1, 0, 0, 0),
	(1900, 'sales', 'Sales Executive', 'Customer Report', 0, 1, 0, 0, 1, 0),
	(1901, 'sales', 'Sales Test', 'Order Confirmation', 1, 0, 0, 0, 0, 1),
	(1902, 'sales', 'Sales Test', 'Order Detail', 1, 1, 1, 0, 0, 0),
	(1903, 'sales', 'Sales Test', 'Order Report', 0, 1, 0, 0, 1, 0),
	(1904, 'sales', 'Sales Test', 'Sales Detail', 0, 1, 0, 0, 0, 0),
	(1905, 'sales', 'Sales Test', 'Sales Report', 0, 1, 0, 0, 1, 0),
	(1906, 'sales', 'Sales Test', 'SE Assign', 1, 1, 0, 1, 0, 0),
	(1907, 'sales', 'Sales Test', 'Showroom Assign', 1, 1, 0, 1, 0, 0),
	(1915, 'service', 'Technician  Support', '6. Fill the Fuel', 1, 1, 0, 0, 0, 0),
	(1916, 'service', 'Technician  Support', 'Job Card', 1, 0, 0, 0, 0, 0),
	(1917, 'service', 'Technician  Support', 'Service', 1, 1, 1, 0, 0, 0),
	(1918, 'service', 'Technician  Support', 'Service Appointment', 1, 1, 0, 0, 0, 0),
	(1919, 'service', 'Technician  Support', 'Service Bay Services', 1, 1, 1, 0, 0, 0),
	(1920, 'service', 'Technician  Support', 'Service Car', 1, 1, 0, 0, 0, 0),
	(1921, 'service', 'Technician  Support', 'Service Center Assign', 1, 1, 1, 0, 0, 0),
	(1922, 'service', 'Technician  Support', 'Service Center Bay', 1, 1, 0, 0, 0, 0),
	(1923, 'service', 'Technician  Support', 'Service Center Store', 1, 1, 0, 0, 0, 0),
	(1924, 'service', 'Technician  Support', 'Service Customer', 1, 1, 0, 0, 0, 0),
	(1925, 'service', 'Technician  Support', 'Service Customer Car', 1, 0, 0, 0, 0, 0),
	(1926, 'service', 'Technician  Support', 'Service Item', 1, 1, 1, 0, 0, 0),
	(1927, 'service', 'Technician  Support', 'Service Item Task', 1, 1, 1, 0, 0, 0),
	(1928, 'service', 'Technician  Support', 'Service Package', 1, 0, 0, 0, 0, 0),
	(1929, 'service', 'Technician  Support', 'Service Promotion', 1, 1, 1, 0, 0, 0),
	(1930, 'service', 'Technician  Support', 'Servicing List', 0, 1, 0, 0, 0, 0),
	(1931, 'service', 'Technician  Support', 'Survey', 1, 0, 0, 0, 0, 0),
	(1932, 'service', 'Technician  Support', 'Warranty Car', 0, 1, 0, 0, 0, 0),
	(1933, 'service', 'Technician  Support', 'Group', 1, 1, 0, 0, 0, 0),
	(1934, 'service', 'Technician  Support', 'Issue Note', 1, 1, 0, 0, 0, 0),
	(1935, 'service', 'Technician  Support', 'Order', 1, 0, 0, 0, 0, 0),
	(1936, 'service', 'Technician  Support', 'Pre Order', 1, 1, 0, 0, 0, 0),
	(1937, 'service', 'Technician  Support', 'Receiving', 1, 0, 0, 0, 0, 0),
	(1938, 'service', 'Technician  Support', 'Sparepart', 1, 1, 1, 0, 0, 0),
	(1939, 'service', 'Technician  Support', 'Stock Out', 1, 1, 0, 1, 0, 0),
	(1940, 'service', 'Technician  Support', 'Stock Receive', 1, 0, 0, 0, 0, 0),
	(1941, 'service', 'Technician  Support', 'Stock Return', 1, 0, 0, 0, 0, 0),
	(1942, 'service', 'Technician  Support', 'Stock Transfer', 1, 0, 0, 0, 0, 0),
	(1943, 'service', 'Technician  Support', 'Store', 1, 1, 0, 0, 0, 0),
	(1944, 'service', 'Technician  Support', 'Store Stock Level', 1, 1, 0, 0, 0, 0),
	(1945, 'service', 'Technician  Support', 'Sub Group', 1, 1, 0, 0, 0, 0),
	(1946, 'service', 'Technician  Support', 'Sub Store', 1, 1, 0, 0, 0, 0),
	(1947, 'service', 'Technician  Support', 'Upload Sparepart Photo', 1, 1, 0, 0, 0, 0),
	(1948, 'service', 'Technician  Support', 'Waiting List', 1, 1, 1, 0, 0, 0),
	(2007, 'sales', 'Sales Manager', 'Broker', 1, 0, 1, 0, 0, 0),
	(2008, 'sales', 'Sales Manager', 'Order Detail', 0, 1, 1, 0, 0, 0),
	(2009, 'sales', 'Sales Manager', 'SE Assign', 1, 1, 0, 1, 0, 0),
	(2010, 'sales', 'Sales Manager', 'Showroom Assign', 1, 1, 0, 1, 0, 0),
	(2352, 'sales', 'Sales Executive', 'Car Stock', 1, 0, 0, 0, 0, 0),
	(2353, 'sales', 'Sales Executive', 'Promotion', 1, 0, 0, 0, 0, 0),
	(2354, 'sales', 'Sales Executive', '1. Sales List', 0, 1, 0, 0, 0, 0),
	(2355, 'sales', 'Sales Executive', '5. Owner Info | Income Tax', 1, 1, 1, 1, 1, 0),
	(2356, 'sales', 'Sales Executive', 'Broker', 1, 0, 1, 0, 0, 0),
	(2357, 'sales', 'Sales Executive', 'Customer Detail', 1, 1, 1, 0, 0, 0),
	(2358, 'sales', 'Sales Executive', 'Expense Request Detail', 0, 1, 1, 0, 0, 0),
	(2359, 'sales', 'Sales Executive', 'Expense Request Form', 1, 0, 0, 0, 0, 0),
	(2360, 'sales', 'Sales Executive', 'Order Confirmation', 1, 0, 0, 0, 0, 1),
	(2361, 'sales', 'Sales Executive', 'Order Detail', 1, 1, 1, 0, 0, 0),
	(2362, 'sales', 'Sales Executive', 'Order Report', 0, 1, 0, 0, 1, 0),
	(2363, 'sales', 'Sales Executive', 'Requisition List', 0, 1, 0, 0, 0, 0),
	(2364, 'sales', 'Sales Executive', 'Sales Detail', 0, 1, 0, 0, 0, 0),
	(2365, 'sales', 'Sales Executive', 'Sales Report', 0, 1, 0, 0, 1, 0),
	(2366, 'sales', 'Sales Executive', 'Test Drive Booking', 1, 0, 1, 0, 0, 0),
	(2367, 'sales', 'Sales Executive', 'Test Drive Booking List', 0, 1, 1, 0, 0, 0),
	(2368, 'sales', 'Sales Executive', 'Test Drive Log', 1, 1, 0, 0, 0, 0),
	(2369, 'sales', 'Sales Executive', 'Test Drive Result List', 0, 1, 1, 0, 0, 0),
	(2370, 'sales', 'Sales Executive', 'Test Drive Terms Conditions', 1, 0, 0, 0, 0, 0),
	(2371, 'sales', 'Sales Admin', 'Car Stock', 1, 0, 0, 0, 0, 0),
	(2372, 'sales', 'Sales Admin', 'Car Stock Report', 0, 1, 0, 0, 1, 0),
	(2373, 'sales', 'Sales Admin', '1. Sales List', 0, 1, 0, 0, 0, 0),
	(2374, 'sales', 'Sales Admin', '5. Owner Info | Income Tax', 1, 1, 1, 1, 1, 0),
	(2375, 'sales', 'Sales Admin', '9. Car Handover | Owner Book Handover', 1, 1, 0, 0, 0, 0),
	(2376, 'sales', 'Sales Admin', 'Customer Detail', 1, 1, 1, 0, 0, 0),
	(2377, 'sales', 'Sales Admin', 'Customer Report', 0, 1, 0, 0, 1, 0),
	(2378, 'sales', 'Sales Admin', 'Expense Request Detail', 0, 1, 1, 0, 0, 0),
	(2379, 'sales', 'Sales Admin', 'Expense Request Form', 1, 0, 0, 0, 0, 0),
	(2380, 'sales', 'Sales Admin', 'Order Confirmation', 1, 0, 0, 0, 0, 1),
	(2381, 'sales', 'Sales Admin', 'Order Detail', 1, 1, 1, 0, 0, 0),
	(2382, 'sales', 'Sales Admin', 'Order Report', 0, 1, 0, 0, 1, 0),
	(2383, 'sales', 'Sales Admin', 'Requisition List', 0, 1, 0, 0, 0, 0),
	(2384, 'sales', 'Sales Admin', 'Sales Detail', 0, 1, 0, 0, 0, 0),
	(2385, 'sales', 'Sales Admin', 'Sales Report', 0, 1, 0, 0, 1, 0),
	(2386, 'sales', 'Sales Admin', 'SE Assign', 1, 1, 0, 1, 0, 0),
	(2387, 'sales', 'Sales Admin', 'Showroom Assign', 1, 1, 0, 1, 0, 0),
	(2597, 'sales', 'Brand Manager', 'Brand', 1, 1, 0, 0, 0, 0),
	(2598, 'sales', 'Brand Manager', 'Car List', 1, 1, 1, 0, 0, 0),
	(2599, 'sales', 'Brand Manager', 'Car Stock', 1, 0, 0, 0, 0, 0),
	(2600, 'sales', 'Brand Manager', 'Car Stock Report', 0, 1, 0, 0, 1, 0),
	(2601, 'sales', 'Brand Manager', 'Model', 1, 1, 0, 0, 0, 0),
	(2602, 'sales', 'Brand Manager', 'New Model', 1, 1, 0, 0, 0, 0),
	(2603, 'sales', 'Brand Manager', 'Production Order', 1, 0, 0, 0, 0, 0),
	(2604, 'sales', 'Brand Manager', 'Test Drive Car', 1, 1, 0, 1, 0, 0),
	(2605, 'sales', 'Brand Manager', 'Promotion', 1, 0, 0, 0, 0, 0),
	(2606, 'sales', 'Brand Manager', '1. Sales List', 0, 1, 0, 0, 0, 0),
	(2607, 'sales', 'Brand Manager', '5. Owner Info | Income Tax', 1, 1, 1, 1, 1, 0),
	(2608, 'sales', 'Brand Manager', '9. Car Handover | Owner Book Handover', 1, 1, 0, 0, 0, 0),
	(2609, 'sales', 'Brand Manager', 'Customer Detail', 1, 1, 1, 0, 0, 0),
	(2610, 'sales', 'Brand Manager', 'Order Confirmation', 1, 0, 0, 0, 0, 0),
	(2611, 'sales', 'Brand Manager', 'Order Detail', 1, 1, 1, 0, 0, 0),
	(2612, 'sales', 'Brand Manager', 'SE Assign', 1, 1, 0, 1, 0, 0),
	(2613, 'sales', 'Brand Manager', 'Showroom Assign', 1, 1, 0, 1, 0, 0),
	(2614, 'sales', 'Brand Manager', 'Upload Exterior Photo', 1, 1, 0, 1, 0, 0),
	(2615, 'sales', 'Brand Manager', 'Upload Interior Photo', 1, 1, 0, 1, 0, 0),
	(2630, 'finance', 'Finance Manager', 'Account Balance', 0, 1, 0, 0, 0, 0),
	(2631, 'finance', 'Finance Manager', 'Account Transaction', 0, 1, 0, 0, 0, 0),
	(2632, 'finance', 'Finance Manager', 'Account Transfer', 1, 0, 0, 0, 0, 0),
	(2633, 'finance', 'Finance Manager', 'Advance - Staff Entry', 1, 0, 0, 0, 0, 0),
	(2634, 'finance', 'Finance Manager', 'Advance - Supplier Entry', 1, 0, 0, 0, 0, 0),
	(2635, 'finance', 'Finance Manager', 'Advance Claim', 1, 0, 0, 0, 0, 0),
	(2636, 'finance', 'Finance Manager', 'Advance Payment', 1, 1, 0, 0, 0, 0),
	(2637, 'finance', 'Finance Manager', 'Advance Payment Report', 0, 1, 0, 0, 0, 0),
	(2638, 'finance', 'Finance Manager', 'Advance Receipt', 1, 0, 0, 0, 0, 0),
	(2639, 'finance', 'Finance Manager', 'Balance Sheet Detail', 0, 1, 0, 0, 0, 0),
	(2640, 'finance', 'Finance Manager', 'Balance Sheet Report', 0, 1, 0, 0, 0, 0),
	(2641, 'finance', 'Finance Manager', 'Bank Account', 1, 1, 0, 0, 0, 0),
	(2642, 'finance', 'Finance Manager', 'Bank Account Transfer', 1, 1, 0, 0, 0, 0),
	(2643, 'finance', 'Finance Manager', 'Car Price', 1, 1, 1, 0, 0, 0),
	(2644, 'finance', 'Finance Manager', 'Car Stock Report', 0, 1, 0, 0, 0, 0),
	(2645, 'finance', 'Finance Manager', 'Define Purchase Price', 1, 0, 0, 0, 0, 0),
	(2646, 'finance', 'Finance Manager', 'Deposit Refund', 1, 0, 0, 0, 0, 0),
	(2647, 'finance', 'Finance Manager', 'Deposit Settlement List', 0, 1, 0, 0, 0, 0),
	(2648, 'finance', 'Finance Manager', 'Exchange Rate', 1, 1, 0, 0, 0, 0),
	(2649, 'finance', 'Finance Manager', 'Exist Form', 0, 1, 0, 0, 0, 0),
	(2650, 'finance', 'Finance Manager', 'Expense', 1, 0, 0, 0, 0, 0),
	(2651, 'finance', 'Finance Manager', 'Expense Report', 0, 1, 0, 0, 0, 0),
	(2652, 'finance', 'Finance Manager', 'G/L Account', 1, 1, 0, 0, 0, 0),
	(2653, 'finance', 'Finance Manager', 'G/L Category', 1, 1, 0, 0, 0, 0),
	(2654, 'finance', 'Finance Manager', 'G/L Type', 1, 1, 0, 0, 0, 0),
	(2655, 'finance', 'Finance Manager', 'General Ledger Report', 0, 1, 0, 0, 0, 0),
	(2656, 'finance', 'Finance Manager', 'GL Account Transaction Report', 0, 1, 0, 0, 0, 0),
	(2657, 'finance', 'Finance Manager', 'Income', 1, 0, 0, 0, 0, 0),
	(2658, 'finance', 'Finance Manager', 'Invoices', 0, 1, 0, 0, 0, 0),
	(2659, 'finance', 'Finance Manager', 'Journal', 1, 0, 0, 0, 0, 0),
	(2660, 'finance', 'Finance Manager', 'Profit and Loss Report', 0, 1, 0, 0, 0, 0),
	(2661, 'finance', 'Finance Manager', 'Purchase Price', 1, 0, 0, 0, 0, 0),
	(2662, 'finance', 'Finance Manager', 'Requisition List', 0, 1, 0, 0, 0, 0),
	(2663, 'finance', 'Finance Manager', 'RTAD Tax', 1, 0, 0, 0, 0, 0),
	(2664, 'finance', 'Finance Manager', 'Sales Detail', 0, 1, 0, 0, 0, 0),
	(2665, 'finance', 'Finance Manager', 'Trial Balance Report', 0, 1, 0, 0, 0, 0),
	(2666, 'finance', 'Finance Manager', 'Upload Advance', 1, 0, 0, 0, 0, 0),
	(2667, 'finance', 'Finance Manager', '1. Sales List', 0, 1, 0, 0, 0, 0),
	(2668, 'finance', 'Finance Manager', '2. Deposit Collect', 1, 1, 0, 0, 0, 0),
	(2669, 'finance', 'Finance Manager', '3. Payment', 1, 1, 0, 0, 0, 0),
	(2670, 'finance', 'Finance Manager', 'Expense Request Detail', 0, 1, 1, 0, 0, 0),
	(2671, 'finance', 'Finance Manager', 'Order Detail', 0, 1, 1, 0, 0, 0),
	(2672, 'finance', 'Finance Manager', 'Sales Report', 0, 1, 0, 0, 0, 0),
	(2673, 'finance', 'Finance Manager', 'Pre Order Payment', 1, 1, 0, 0, 0, 0),
	(2674, 'marketing', 'Marketing', 'M Events', 1, 0, 0, 0, 0, 0),
	(2675, 'marketing', 'Marketing', 'M Events Edit', 0, 0, 1, 0, 0, 0),
	(2676, 'marketing', 'Marketing', 'M Events Report', 0, 1, 0, 0, 0, 0),
	(2677, 'marketing', 'Marketing', 'M Instant Stock In ', 1, 0, 0, 0, 0, 0),
	(2678, 'marketing', 'Marketing', 'M Items', 1, 0, 0, 0, 0, 0),
	(2679, 'marketing', 'Marketing', 'M Pages', 1, 0, 0, 0, 0, 0),
	(2680, 'marketing', 'Marketing', 'M Pages Report', 0, 1, 0, 0, 0, 0),
	(2681, 'marketing', 'Marketing', 'M Stock Balance Report', 0, 1, 0, 0, 0, 0),
	(2682, 'marketing', 'Marketing', 'M Stock In', 1, 0, 0, 0, 0, 0),
	(2683, 'marketing', 'Marketing', 'M Stock In Report', 0, 1, 0, 0, 0, 0),
	(2684, 'marketing', 'Marketing', 'M Stock Out', 1, 0, 0, 0, 0, 0),
	(2685, 'marketing', 'Marketing', 'M Stock Out Report', 0, 1, 0, 0, 0, 0),
	(2686, 'marketing', 'Marketing', 'M Target', 1, 0, 0, 0, 0, 0),
	(2687, 'marketing', 'Marketing', 'M Target Pages', 1, 0, 0, 0, 0, 0),
	(2688, 'marketing', 'Marketing', 'M Target Report', 0, 1, 0, 0, 0, 0),
	(2689, 'hr', 'HR Manager', 'Approval Assign', 1, 1, 0, 1, 0, 0),
	(2690, 'hr', 'HR Manager', 'Expense Request Detail', 0, 1, 1, 0, 0, 0),
	(2691, 'hr', 'HR Manager', 'Expense Request Form', 1, 0, 0, 0, 0, 0),
	(2692, 'hr', 'HR Manager', 'Requisition List', 0, 1, 0, 0, 0, 0),
	(2693, 'hr', 'HR Manager', 'Staff', 1, 0, 0, 0, 0, 0),
	(2694, 'hr', 'HR Manager', 'Staff Edit', 0, 1, 1, 0, 0, 0),
	(2695, 'hr', 'HR Manager', 'Staff Report', 0, 1, 1, 0, 1, 0),
	(2696, 'hr', 'HR Manager', 'Showroom Assign', 1, 1, 0, 1, 0, 0),
	(2697, 'admin', 'Sm', 'Due Date Setting', 0, 1, 1, 0, 0, 0),
	(2698, 'admin', 'Sm', 'User Define', 1, 1, 1, 1, 0, 0),
	(2699, 'admin', 'Sm', 'Userrole', 1, 1, 1, 1, 0, 0),
	(2700, 'marketing', 'Test Marketing', 'M Events', 1, 0, 0, 0, 0, 0),
	(2701, 'marketing', 'Test Marketing', 'M Events Edit', 0, 0, 1, 0, 0, 0),
	(2702, 'marketing', 'Test Marketing', 'M Events Report', 0, 1, 0, 0, 0, 0),
	(2703, 'marketing', 'Test Marketing', 'M Instant Stock In ', 1, 0, 0, 0, 0, 0),
	(2704, 'marketing', 'Test Marketing', 'M Items', 1, 0, 0, 0, 0, 0),
	(2705, 'marketing', 'Test Marketing', 'M Pages', 1, 0, 0, 0, 0, 0),
	(2706, 'marketing', 'Test Marketing', 'M Stock Balance Report', 0, 1, 0, 0, 0, 0),
	(2707, 'marketing', 'Test Marketing', 'M Stock In', 1, 0, 0, 0, 0, 0),
	(2708, 'marketing', 'Test Marketing', 'M Stock Out', 1, 0, 0, 0, 0, 0),
	(2709, 'marketing', 'Test Marketing', 'M Stock Out Report', 0, 1, 0, 0, 0, 0),
	(2710, 'marketing', 'Test Marketing', 'M Target', 1, 0, 0, 0, 0, 0),
	(2711, 'marketing', 'Test Marketing', 'M Target Pages', 1, 0, 0, 0, 0, 0),
	(2712, 'marketing', 'Test Marketing', 'M Target Report', 0, 1, 0, 0, 0, 0),
	(2713, 'admin', 'Testing PP', 'Due Date Setting', 0, 1, 1, 0, 0, 0),
	(2714, 'admin', 'Testing PP', 'User Define', 1, 1, 1, 1, 0, 0),
	(2715, 'admin', 'Testing PP', 'Userrole', 1, 1, 1, 1, 0, 0);

-- Dumping structure for table geely_db1.user_role_copy
DROP TABLE IF EXISTS `user_role_copy`;
CREATE TABLE IF NOT EXISTS `user_role_copy` (
  `id` int(11) NOT NULL AUTO_INCREMENT,
  `dashboard` varchar(100) NOT NULL DEFAULT '',
  `role_name` varchar(150) NOT NULL DEFAULT '',
  `process` varchar(150) NOT NULL DEFAULT '',
  `create` tinyint(4) NOT NULL DEFAULT 0,
  `read` tinyint(4) NOT NULL DEFAULT 0,
  `update` tinyint(4) NOT NULL DEFAULT 0,
  `delete` tinyint(4) NOT NULL DEFAULT 0,
  `export` tinyint(4) NOT NULL DEFAULT 0,
  `print` tinyint(4) NOT NULL DEFAULT 0,
  PRIMARY KEY (`id`) USING BTREE
) ENGINE=InnoDB AUTO_INCREMENT=159 DEFAULT CHARSET=utf8mb4 COLLATE=utf8mb4_unicode_ci ROW_FORMAT=DYNAMIC;

-- Dumping data for table geely_db1.user_role_copy: ~38 rows (approximately)
INSERT INTO `user_role_copy` (`id`, `dashboard`, `role_name`, `process`, `create`, `read`, `update`, `delete`, `export`, `print`) VALUES
	(69, 'sales', 'SM', 'Order Detail', 0, 1, 1, 0, 0, 0),
	(70, 'sales', 'SAM', 'Order Detail', 0, 1, 1, 0, 0, 0),
	(71, 'finance', 'FM', 'Car Price', 1, 1, 1, 0, 0, 0),
	(72, 'finance', 'FM', 'Define Purchase Price', 1, 0, 0, 0, 0, 0),
	(73, 'finance', 'FM', 'Price Change Approval', 0, 1, 1, 0, 0, 0),
	(74, 'finance', 'FM', 'RTAD Tax', 1, 0, 0, 0, 0, 0),
	(75, 'finance', 'FM', 'Order Detail', 0, 1, 1, 0, 0, 0),
	(123, 'supply_chain', 'SCM', 'Brand', 1, 1, 0, 0, 0, 0),
	(124, 'supply_chain', 'SCM', 'Car List', 1, 1, 1, 0, 0, 0),
	(125, 'supply_chain', 'SCM', 'Car Stock', 1, 0, 0, 0, 0, 0),
	(126, 'supply_chain', 'SCM', 'Car Stock Transfer', 1, 0, 0, 0, 0, 0),
	(127, 'supply_chain', 'SCM', 'Model', 1, 1, 0, 0, 0, 0),
	(128, 'supply_chain', 'SCM', 'New Model', 1, 1, 0, 0, 0, 0),
	(129, 'supply_chain', 'SCM', 'Production Order', 1, 0, 0, 0, 0, 0),
	(130, 'supply_chain', 'SCM', 'Supply Chain Transfer', 1, 0, 0, 0, 0, 0),
	(131, 'supply_chain', 'SCM', 'Test Drive Car', 1, 1, 0, 1, 0, 0),
	(132, 'supply_chain', 'SCM', 'Upload Exterior Photo', 1, 1, 0, 1, 0, 0),
	(133, 'supply_chain', 'SCM', 'Upload Interior Photo', 1, 1, 0, 1, 0, 0),
	(134, 'supply_chain', 'SCM', '1. Sales List', 0, 1, 0, 0, 0, 0),
	(135, 'supply_chain', 'SCM', '4. Purchase Permit | RTA Appointment | Plate No.', 1, 1, 1, 1, 1, 0),
	(136, 'sales', 'SE', '1. Sales List', 0, 1, 0, 0, 0, 0),
	(137, 'sales', 'SE', '5. Owner Info | Income Tax', 1, 1, 1, 1, 1, 0),
	(138, 'sales', 'SE', 'Customer Detail', 1, 1, 1, 0, 0, 0),
	(139, 'sales', 'SE', 'Order Detail', 1, 0, 0, 0, 0, 0),
	(145, 'supply_chain', 'OS', '1. Sales List', 0, 1, 0, 0, 0, 0),
	(146, 'supply_chain', 'OS', '6. Fill the Fuel', 1, 1, 0, 0, 0, 0),
	(147, 'supply_chain', 'OS', '7. PDI Check List', 1, 1, 0, 0, 0, 0),
	(148, 'supply_chain', 'OS', '8. Ready to Deliver', 1, 1, 0, 0, 0, 0),
	(149, 'sales', 'SA', 'Promotion', 1, 0, 0, 0, 0, 0),
	(150, 'sales', 'SA', '1. Sales List', 0, 1, 0, 0, 0, 0),
	(151, 'sales', 'SA', '2. Deposit Collect', 1, 1, 0, 0, 0, 0),
	(152, 'sales', 'SA', '3. Payment', 1, 1, 0, 0, 0, 0),
	(153, 'sales', 'SA', '9. Car Handover | Owner Book Handover', 1, 1, 0, 0, 0, 0),
	(154, 'sales', 'SA', 'Broker', 1, 0, 1, 0, 0, 0),
	(155, 'sales', 'SA', 'Customer Detail', 1, 1, 0, 0, 0, 0),
	(156, 'sales', 'SA', 'Order Detail', 0, 1, 1, 0, 0, 0),
	(157, 'sales', 'SA', 'SE Assign', 1, 1, 0, 1, 0, 0),
	(158, 'sales', 'SA', 'Showroom Assign', 1, 1, 0, 1, 0, 0);

-- Dumping structure for table geely_db1.warranty_car
DROP TABLE IF EXISTS `warranty_car`;
CREATE TABLE IF NOT EXISTS `warranty_car` (
  `id` int(11) NOT NULL AUTO_INCREMENT,
  `plate_no` varchar(100) NOT NULL DEFAULT '',
  `date` varchar(25) NOT NULL DEFAULT '',
  `start_date` varchar(25) NOT NULL DEFAULT '',
  `expire_date` varchar(25) NOT NULL DEFAULT '',
  `warranty` varchar(255) NOT NULL DEFAULT '',
  `valid_kilometer` int(11) NOT NULL DEFAULT 0,
  `status` varchar(20) NOT NULL DEFAULT '' COMMENT 'null => Valid,\r\nExpire (Date),\r\nExpire (Kilometer),\r\nTerminate',
  `remark` text NOT NULL,
  `entry_by` varchar(100) NOT NULL DEFAULT '',
  `entry_date_time` varchar(25) NOT NULL DEFAULT '',
  `update_by` varchar(100) NOT NULL DEFAULT '',
  `update_date_time` varchar(25) NOT NULL DEFAULT '',
  PRIMARY KEY (`id`) USING BTREE
) ENGINE=InnoDB AUTO_INCREMENT=56 DEFAULT CHARSET=utf8mb4 COLLATE=utf8mb4_unicode_ci;

-- Dumping data for table geely_db1.warranty_car: ~53 rows (approximately)
INSERT INTO `warranty_car` (`id`, `plate_no`, `date`, `start_date`, `expire_date`, `warranty`, `valid_kilometer`, `status`, `remark`, `entry_by`, `entry_date_time`, `update_by`, `update_date_time`) VALUES
	(1, 'YGN 12 1D-2345', '', '2023-07-09', '2028-07-09', 'A', 150000, 'Terminate', '', 'nlm', '2023-07-09 05:51:28', 'kzz', '2023-07-17 22:23:35'),
	(2, 'YGN 12 1D-2345', '', '2023-07-09', '2028-07-09', 'B', 150000, '', '', 'nlm', '2023-07-09 05:51:28', '', ''),
	(3, 'YGN 12 1D-2345', '', '2023-07-09', '2026-07-09', 'C', 60000, '', '', 'nlm', '2023-07-09 05:51:28', '', ''),
	(4, 'YGN 12 1D-2345', '2024-07-10', '2023-07-09', '2024-07-09', 'D', 20000, 'Expire (Date)', '', 'nlm', '2023-07-09 05:51:28', 'System', '2024-07-10 08:59:36'),
	(5, 'YGN 12 1D-2345', '2023-07-21', '2023-07-09', '2023-10-09', 'E', 5000, 'Expire (Kilometer)', '', 'nlm', '2023-07-09 05:51:28', 'System', '2023-07-21 11:10:09'),
	(6, 'AYY 04 45-3266', '', '2023-07-17', '2028-07-17', 'A', 150000, '', '', 'nlm', '2023-07-17 22:37:00', '', ''),
	(7, 'AYY 04 45-3266', '', '2023-07-17', '2028-07-17', 'B', 150000, '', '', 'nlm', '2023-07-17 22:37:00', '', ''),
	(8, 'AYY 04 45-3266', '', '2023-07-17', '2026-07-17', 'C', 60000, '', '', 'nlm', '2023-07-17 22:37:00', '', ''),
	(9, 'AYY 04 45-3266', '', '2023-07-17', '2024-07-17', 'D', 20000, '', '', 'nlm', '2023-07-17 22:37:00', '', ''),
	(10, 'AYY 04 45-3266', '2023-07-21', '2023-07-17', '2023-10-17', 'E', 5000, 'Expire (Kilometer)', '', 'nlm', '2023-07-17 22:37:00', 'System', '2023-07-21 11:10:09'),
	(11, 'MON 45 69-3266', '', '2023-07-17', '2028-07-17', 'A', 150000, '', '', 'nlm', '2023-07-17 22:43:46', '', ''),
	(12, 'MON 45 69-3266', '', '2023-07-17', '2028-07-17', 'B', 150000, '', '', 'nlm', '2023-07-17 22:43:46', '', ''),
	(13, 'MON 45 69-3266', '', '2023-07-17', '2026-07-17', 'C', 60000, '', '', 'nlm', '2023-07-17 22:43:46', '', ''),
	(14, 'MON 45 69-3266', '', '2023-07-17', '2024-07-17', 'D', 20000, '', '', 'nlm', '2023-07-17 22:43:46', '', ''),
	(15, 'MON 45 69-3266', '2023-07-21', '2023-07-17', '2023-10-17', 'E', 5000, 'Expire (Kilometer)', '', 'nlm', '2023-07-17 22:43:46', 'System', '2023-07-21 11:10:09'),
	(16, 'YGN 96 32-6366', '', '2023-07-17', '2028-07-17', 'A', 150000, '', '', 'nlm', '2023-07-17 22:45:59', '', ''),
	(17, 'YGN 96 32-6366', '', '2023-07-17', '2028-07-17', 'B', 150000, '', '', 'nlm', '2023-07-17 22:45:59', '', ''),
	(18, 'YGN 96 32-6366', '', '2023-07-17', '2026-07-17', 'C', 60000, '', '', 'nlm', '2023-07-17 22:45:59', '', ''),
	(19, 'YGN 96 32-6366', '', '2023-07-17', '2024-07-17', 'D', 20000, '', '', 'nlm', '2023-07-17 22:45:59', '', ''),
	(20, 'YGN 96 32-6366', '2023-07-21', '2023-07-17', '2023-10-17', 'E', 5000, 'Expire (Kilometer)', '', 'nlm', '2023-07-17 22:45:59', 'System', '2023-07-21 11:10:09'),
	(21, 'YGN 45 63-3256', '', '2023-07-17', '2028-07-17', 'A', 150000, '', '', 'nlm', '2023-07-17 22:48:57', '', ''),
	(22, 'YGN 45 63-3256', '', '2023-07-17', '2028-07-17', 'B', 150000, '', '', 'nlm', '2023-07-17 22:48:57', '', ''),
	(23, 'YGN 45 63-3256', '', '2023-07-17', '2026-07-17', 'C', 60000, '', '', 'nlm', '2023-07-17 22:48:57', '', ''),
	(24, 'YGN 45 63-3256', '', '2023-07-17', '2024-07-17', 'D', 20000, '', '', 'nlm', '2023-07-17 22:48:57', '', ''),
	(25, 'YGN 45 63-3256', '2023-07-21', '2023-07-17', '2023-10-17', 'E', 5000, 'Expire (Kilometer)', '', 'nlm', '2023-07-17 22:48:57', 'System', '2023-07-21 11:10:09'),
	(26, 'TNI 96 36-6655', '', '2023-07-17', '2028-07-17', 'A', 150000, '', '', 'nlm', '2023-07-17 22:51:09', '', ''),
	(27, 'TNI 96 36-6655', '', '2023-07-17', '2028-07-17', 'B', 150000, '', '', 'nlm', '2023-07-17 22:51:09', '', ''),
	(28, 'TNI 96 36-6655', '', '2023-07-17', '2026-07-17', 'C', 60000, '', '', 'nlm', '2023-07-17 22:51:09', '', ''),
	(29, 'TNI 96 36-6655', '', '2023-07-17', '2024-07-17', 'D', 20000, '', '', 'nlm', '2023-07-17 22:51:09', '', ''),
	(30, 'TNI 96 36-6655', '2023-07-21', '2023-07-17', '2023-10-17', 'E', 5000, 'Expire (Kilometer)', '', 'nlm', '2023-07-17 22:51:09', 'System', '2023-07-21 11:10:09'),
	(31, 'YGN 23 rr-3252', '', '2023-07-25', '2028-07-25', 'A', 150000, '', '', 'wppp', '2023-07-25 16:39:46', '', ''),
	(32, 'YGN 23 rr-3252', '', '2023-07-25', '2028-07-25', 'B', 150000, '', '', 'wppp', '2023-07-25 16:39:46', '', ''),
	(33, 'YGN 23 rr-3252', '', '2023-07-25', '2026-07-25', 'C', 60000, '', '', 'wppp', '2023-07-25 16:39:46', '', ''),
	(34, 'YGN 23 rr-3252', '', '2023-07-25', '2024-07-25', 'D', 20000, '', '', 'wppp', '2023-07-25 16:39:46', '', ''),
	(35, 'YGN 23 rr-3252', '2023-07-26', '2023-07-25', '2023-10-25', 'E', 5000, 'Expire (Kilometer)', '', 'wppp', '2023-07-25 16:39:46', 'System', '2023-07-26 12:48:25'),
	(36, 'SGG 43 52-4532', '', '2023-07-31', '2028-07-31', 'A', 150000, '', '', 'nlm', '2023-07-31 00:51:03', '', ''),
	(37, 'SGG 43 52-4532', '', '2023-07-31', '2028-07-31', 'B', 150000, '', '', 'nlm', '2023-07-31 00:51:03', '', ''),
	(38, 'SGG 43 52-4532', '', '2023-07-31', '2026-07-31', 'C', 60000, '', '', 'nlm', '2023-07-31 00:51:03', '', ''),
	(39, 'SGG 43 52-4532', '', '2023-07-31', '2024-07-31', 'D', 20000, '', '', 'nlm', '2023-07-31 00:51:03', '', ''),
	(40, 'SGG 43 52-4532', '2023-11-10', '2023-07-31', '2023-10-31', 'E', 5000, 'Expire (Date)', '', 'nlm', '2023-07-31 00:51:03', 'System', '2023-11-10 11:16:44'),
	(41, 'AYY 45 56-2542', '', '2023-07-31', '2028-07-31', 'A', 150000, '', '', 'nlm', '2023-07-31 00:53:17', '', ''),
	(42, 'AYY 45 56-2542', '', '2023-07-31', '2028-07-31', 'B', 150000, '', '', 'nlm', '2023-07-31 00:53:17', '', ''),
	(43, 'AYY 45 56-2542', '', '2023-07-31', '2026-07-31', 'C', 60000, '', '', 'nlm', '2023-07-31 00:53:17', '', ''),
	(44, 'AYY 45 56-2542', '', '2023-07-31', '2024-07-31', 'D', 20000, '', '', 'nlm', '2023-07-31 00:53:17', '', ''),
	(45, 'AYY 45 56-2542', '2023-11-10', '2023-07-31', '2023-10-31', 'E', 5000, 'Expire (Date)', '', 'nlm', '2023-07-31 00:53:17', 'System', '2023-11-10 11:16:44'),
	(46, 'AYY 65 ds-8556', '', '2023-07-31', '2028-07-31', 'A', 150000, '', '', 'wppp', '2023-07-31 00:54:22', '', ''),
	(47, 'AYY 65 ds-8556', '', '2023-07-31', '2028-07-31', 'B', 150000, '', '', 'wppp', '2023-07-31 00:54:22', '', ''),
	(48, 'AYY 65 ds-8556', '', '2023-07-31', '2026-07-31', 'C', 60000, '', '', 'wppp', '2023-07-31 00:54:22', '', ''),
	(49, 'AYY 65 ds-8556', '', '2023-07-31', '2024-07-31', 'D', 20000, '', '', 'wppp', '2023-07-31 00:54:22', '', ''),
	(50, 'AYY 65 ds-8556', '2023-11-10', '2023-07-31', '2023-10-31', 'E', 5000, 'Expire (Date)', '', 'wppp', '2023-07-31 00:54:22', 'System', '2023-11-10 11:16:44'),
	(51, 'SGG 23 54-5432', '', '2023-07-31', '2028-07-31', 'A', 150000, '', '', 'wppp', '2023-07-31 00:55:35', '', ''),
	(52, 'SGG 23 54-5432', '', '2023-07-31', '2028-07-31', 'B', 150000, '', '', 'wppp', '2023-07-31 00:55:35', '', ''),
	(53, 'SGG 23 54-5432', '', '2023-07-31', '2026-07-31', 'C', 60000, '', '', 'wppp', '2023-07-31 00:55:35', '', ''),
	(54, 'SGG 23 54-5432', '', '2023-07-31', '2024-07-31', 'D', 20000, '', '', 'wppp', '2023-07-31 00:55:35', '', ''),
	(55, 'SGG 23 54-5432', '2023-11-10', '2023-07-31', '2023-10-31', 'E', 5000, 'Expire (Date)', '', 'wppp', '2023-07-31 00:55:35', 'System', '2023-11-10 11:16:44');

-- Dumping structure for table geely_db1.warranty_check_expire
DROP TABLE IF EXISTS `warranty_check_expire`;
CREATE TABLE IF NOT EXISTS `warranty_check_expire` (
  `date` varchar(25) NOT NULL DEFAULT '',
  UNIQUE KEY `date` (`date`)
) ENGINE=InnoDB DEFAULT CHARSET=utf8mb4 COLLATE=utf8mb4_unicode_ci;

-- Dumping data for table geely_db1.warranty_check_expire: ~23 rows (approximately)
INSERT INTO `warranty_check_expire` (`date`) VALUES
	('2023-07-09'),
	('2023-07-10'),
	('2023-07-11'),
	('2023-07-12'),
	('2023-07-13'),
	('2023-07-14'),
	('2023-07-15'),
	('2023-07-16'),
	('2023-07-17'),
	('2023-07-18'),
	('2023-07-19'),
	('2023-07-20'),
	('2023-07-21'),
	('2023-07-23'),
	('2023-07-24'),
	('2023-07-25'),
	('2023-07-26'),
	('2023-07-27'),
	('2023-07-28'),
	('2023-07-29'),
	('2023-07-30'),
	('2023-07-31'),
	('2023-08-02'),
	('2023-08-05'),
	('2023-08-06'),
	('2023-08-07'),
	('2023-08-08'),
	('2023-08-09'),
	('2023-08-10'),
	('2023-08-11'),
	('2023-08-14'),
	('2023-08-16'),
	('2023-08-23'),
	('2023-08-24'),
	('2023-09-11'),
	('2023-09-12'),
	('2023-09-14'),
	('2023-09-16'),
	('2023-09-18'),
	('2023-09-21'),
	('2023-09-22'),
	('2023-09-24'),
	('2023-09-25'),
	('2023-10-03'),
	('2023-10-09'),
	('2023-10-11'),
	('2023-10-12'),
	('2023-10-13'),
	('2023-10-18'),
	('2023-10-20'),
	('2023-10-23'),
	('2023-11-10'),
	('2023-11-19'),
	('2023-11-20'),
	('2023-11-23'),
	('2023-11-24'),
	('2023-11-25'),
	('2023-11-26'),
	('2023-11-27'),
	('2023-11-28'),
	('2023-12-04'),
	('2023-12-05'),
	('2023-12-06'),
	('2023-12-07'),
	('2023-12-08'),
	('2023-12-13'),
	('2023-12-15'),
	('2023-12-18'),
	('2023-12-19'),
	('2023-12-20'),
	('2023-12-21'),
	('2023-12-26'),
	('2023-12-27'),
	('2023-12-28'),
	('2023-12-29'),
	('2024-01-02'),
	('2024-01-03'),
	('2024-01-04'),
	('2024-01-05'),
	('2024-01-06'),
	('2024-01-07'),
	('2024-01-08'),
	('2024-01-09'),
	('2024-01-10'),
	('2024-01-12'),
	('2024-01-16'),
	('2024-01-17'),
	('2024-01-18'),
	('2024-01-19'),
	('2024-01-22'),
	('2024-01-24'),
	('2024-01-28'),
	('2024-01-29'),
	('2024-01-30'),
	('2024-01-31'),
	('2024-02-01'),
	('2024-02-02'),
	('2024-02-05'),
	('2024-02-06'),
	('2024-02-12'),
	('2024-02-13'),
	('2024-02-15'),
	('2024-02-23'),
	('2024-02-26'),
	('2024-02-27'),
	('2024-03-04'),
	('2024-03-05'),
	('2024-03-06'),
	('2024-03-10'),
	('2024-03-11'),
	('2024-03-12'),
	('2024-03-13'),
	('2024-03-14'),
	('2024-03-15'),
	('2024-03-18'),
	('2024-03-19'),
	('2024-03-20'),
	('2024-03-21'),
	('2024-03-22'),
	('2024-03-23'),
	('2024-03-24'),
	('2024-03-25'),
	('2024-03-26'),
	('2024-03-28'),
	('2024-03-29'),
	('2024-03-30'),
	('2024-04-01'),
	('2024-04-02'),
	('2024-04-03'),
	('2024-04-04'),
	('2024-04-05'),
	('2024-04-08'),
	('2024-04-09'),
	('2024-04-10'),
	('2024-04-11'),
	('2024-04-12'),
	('2024-04-15'),
	('2024-04-19'),
	('2024-04-22'),
	('2024-04-24'),
	('2024-04-25'),
	('2024-04-26'),
	('2024-04-27'),
	('2024-04-28'),
	('2024-04-29'),
	('2024-05-02'),
	('2024-05-03'),
	('2024-05-06'),
	('2024-05-07'),
	('2024-05-08'),
	('2024-05-09'),
	('2024-05-10'),
	('2024-05-13'),
	('2024-05-14'),
	('2024-05-15'),
	('2024-05-16'),
	('2024-05-20'),
	('2024-05-23'),
	('2024-05-27'),
	('2024-05-28'),
	('2024-05-29'),
	('2024-05-30'),
	('2024-06-02'),
	('2024-06-04'),
	('2024-06-05'),
	('2024-06-07'),
	('2024-06-08'),
	('2024-06-10'),
	('2024-06-11'),
	('2024-06-12'),
	('2024-06-13'),
	('2024-06-14'),
	('2024-06-16'),
	('2024-06-17'),
	('2024-06-19'),
	('2024-06-20'),
	('2024-06-21'),
	('2024-06-23'),
	('2024-06-24'),
	('2024-06-25'),
	('2024-06-26'),
	('2024-06-27'),
	('2024-06-29'),
	('2024-07-01'),
	('2024-07-02'),
	('2024-07-03'),
	('2024-07-04'),
	('2024-07-05'),
	('2024-07-07'),
	('2024-07-08'),
	('2024-07-09'),
	('2024-07-10'),
	('2024-07-11');

-- Dumping structure for table geely_db1.warranty_rules
DROP TABLE IF EXISTS `warranty_rules`;
CREATE TABLE IF NOT EXISTS `warranty_rules` (
  `id` int(11) NOT NULL AUTO_INCREMENT,
  `warranty` varchar(255) NOT NULL DEFAULT '',
  `valid_duration` varchar(255) NOT NULL DEFAULT '' COMMENT 'E.g.,\r\n5 years\r\n3 years\r\n2 years\r\n3 months',
  `valid_kilometer` int(11) NOT NULL DEFAULT 0,
  PRIMARY KEY (`id`)
) ENGINE=InnoDB AUTO_INCREMENT=6 DEFAULT CHARSET=utf8mb4 COLLATE=utf8mb4_unicode_ci;

-- Dumping data for table geely_db1.warranty_rules: ~5 rows (approximately)
INSERT INTO `warranty_rules` (`id`, `warranty`, `valid_duration`, `valid_kilometer`) VALUES
	(1, 'A', '5 years', 150000),
	(2, 'B', '5 years', 150000),
	(3, 'C', '3 years', 60000),
	(4, 'D', '1 year', 20000),
	(5, 'E', '3 months', 5000);

/*!40103 SET TIME_ZONE=IFNULL(@OLD_TIME_ZONE, 'system') */;
/*!40101 SET SQL_MODE=IFNULL(@OLD_SQL_MODE, '') */;
/*!40014 SET FOREIGN_KEY_CHECKS=IFNULL(@OLD_FOREIGN_KEY_CHECKS, 1) */;
/*!40101 SET CHARACTER_SET_CLIENT=@OLD_CHARACTER_SET_CLIENT */;
/*!40111 SET SQL_NOTES=IFNULL(@OLD_SQL_NOTES, 1) */;
